{"login":["andrejarh"],"id":[10053621],"node_id":["MDQ6VXNlcjEwMDUzNjIx"],"avatar_url":["https://avatars2.githubusercontent.com/u/10053621?v=4"],"gravatar_id":[""],"url":["https://api.github.com/users/andrejarh"],"html_url":["https://github.com/andrejarh"],"followers_url":["https://api.github.com/users/andrejarh/followers"],"following_url":["https://api.github.com/users/andrejarh/following{/other_user}"],"gists_url":["https://api.github.com/users/andrejarh/gists{/gist_id}"],"starred_url":["https://api.github.com/users/andrejarh/starred{/owner}{/repo}"],"subscriptions_url":["https://api.github.com/users/andrejarh/subscriptions"],"organizations_url":["https://api.github.com/users/andrejarh/orgs"],"repos_url":["https://api.github.com/users/andrejarh/repos"],"events_url":["https://api.github.com/users/andrejarh/events{/privacy}"],"received_events_url":["https://api.github.com/users/andrejarh/received_events"],"type":["User"],"site_admin":[false]}
