{"login":["quinndiggity"],"id":[10092236],"node_id":["MDQ6VXNlcjEwMDkyMjM2"],"avatar_url":["https://avatars2.githubusercontent.com/u/10092236?v=4"],"gravatar_id":[""],"url":["https://api.github.com/users/quinndiggity"],"html_url":["https://github.com/quinndiggity"],"followers_url":["https://api.github.com/users/quinndiggity/followers"],"following_url":["https://api.github.com/users/quinndiggity/following{/other_user}"],"gists_url":["https://api.github.com/users/quinndiggity/gists{/gist_id}"],"starred_url":["https://api.github.com/users/quinndiggity/starred{/owner}{/repo}"],"subscriptions_url":["https://api.github.com/users/quinndiggity/subscriptions"],"organizations_url":["https://api.github.com/users/quinndiggity/orgs"],"repos_url":["https://api.github.com/users/quinndiggity/repos"],"events_url":["https://api.github.com/users/quinndiggity/events{/privacy}"],"received_events_url":["https://api.github.com/users/quinndiggity/received_events"],"type":["User"],"site_admin":[false]}
