{"login":["niemyjski"],"id":[1020579],"node_id":["MDQ6VXNlcjEwMjA1Nzk="],"avatar_url":["https://avatars3.githubusercontent.com/u/1020579?v=4"],"gravatar_id":[""],"url":["https://api.github.com/users/niemyjski"],"html_url":["https://github.com/niemyjski"],"followers_url":["https://api.github.com/users/niemyjski/followers"],"following_url":["https://api.github.com/users/niemyjski/following{/other_user}"],"gists_url":["https://api.github.com/users/niemyjski/gists{/gist_id}"],"starred_url":["https://api.github.com/users/niemyjski/starred{/owner}{/repo}"],"subscriptions_url":["https://api.github.com/users/niemyjski/subscriptions"],"organizations_url":["https://api.github.com/users/niemyjski/orgs"],"repos_url":["https://api.github.com/users/niemyjski/repos"],"events_url":["https://api.github.com/users/niemyjski/events{/privacy}"],"received_events_url":["https://api.github.com/users/niemyjski/received_events"],"type":["User"],"site_admin":[false]}
