{"login":["AndreasPizsa"],"id":[103221],"node_id":["MDQ6VXNlcjEwMzIyMQ=="],"avatar_url":["https://avatars0.githubusercontent.com/u/103221?v=4"],"gravatar_id":[""],"url":["https://api.github.com/users/AndreasPizsa"],"html_url":["https://github.com/AndreasPizsa"],"followers_url":["https://api.github.com/users/AndreasPizsa/followers"],"following_url":["https://api.github.com/users/AndreasPizsa/following{/other_user}"],"gists_url":["https://api.github.com/users/AndreasPizsa/gists{/gist_id}"],"starred_url":["https://api.github.com/users/AndreasPizsa/starred{/owner}{/repo}"],"subscriptions_url":["https://api.github.com/users/AndreasPizsa/subscriptions"],"organizations_url":["https://api.github.com/users/AndreasPizsa/orgs"],"repos_url":["https://api.github.com/users/AndreasPizsa/repos"],"events_url":["https://api.github.com/users/AndreasPizsa/events{/privacy}"],"received_events_url":["https://api.github.com/users/AndreasPizsa/received_events"],"type":["User"],"site_admin":[false]}
