{"login":["intellecat"],"id":[103502],"node_id":["MDQ6VXNlcjEwMzUwMg=="],"avatar_url":["https://avatars1.githubusercontent.com/u/103502?v=4"],"gravatar_id":[""],"url":["https://api.github.com/users/intellecat"],"html_url":["https://github.com/intellecat"],"followers_url":["https://api.github.com/users/intellecat/followers"],"following_url":["https://api.github.com/users/intellecat/following{/other_user}"],"gists_url":["https://api.github.com/users/intellecat/gists{/gist_id}"],"starred_url":["https://api.github.com/users/intellecat/starred{/owner}{/repo}"],"subscriptions_url":["https://api.github.com/users/intellecat/subscriptions"],"organizations_url":["https://api.github.com/users/intellecat/orgs"],"repos_url":["https://api.github.com/users/intellecat/repos"],"events_url":["https://api.github.com/users/intellecat/events{/privacy}"],"received_events_url":["https://api.github.com/users/intellecat/received_events"],"type":["User"],"site_admin":[false]}
