{"login":["samilokan"],"id":[10387810],"node_id":["MDQ6VXNlcjEwMzg3ODEw"],"avatar_url":["https://avatars3.githubusercontent.com/u/10387810?v=4"],"gravatar_id":[""],"url":["https://api.github.com/users/samilokan"],"html_url":["https://github.com/samilokan"],"followers_url":["https://api.github.com/users/samilokan/followers"],"following_url":["https://api.github.com/users/samilokan/following{/other_user}"],"gists_url":["https://api.github.com/users/samilokan/gists{/gist_id}"],"starred_url":["https://api.github.com/users/samilokan/starred{/owner}{/repo}"],"subscriptions_url":["https://api.github.com/users/samilokan/subscriptions"],"organizations_url":["https://api.github.com/users/samilokan/orgs"],"repos_url":["https://api.github.com/users/samilokan/repos"],"events_url":["https://api.github.com/users/samilokan/events{/privacy}"],"received_events_url":["https://api.github.com/users/samilokan/received_events"],"type":["User"],"site_admin":[false]}
