{"login":["Vishal-Isharani"],"id":[10386581],"node_id":["MDQ6VXNlcjEwMzg2NTgx"],"avatar_url":["https://avatars1.githubusercontent.com/u/10386581?v=4"],"gravatar_id":[""],"url":["https://api.github.com/users/Vishal-Isharani"],"html_url":["https://github.com/Vishal-Isharani"],"followers_url":["https://api.github.com/users/Vishal-Isharani/followers"],"following_url":["https://api.github.com/users/Vishal-Isharani/following{/other_user}"],"gists_url":["https://api.github.com/users/Vishal-Isharani/gists{/gist_id}"],"starred_url":["https://api.github.com/users/Vishal-Isharani/starred{/owner}{/repo}"],"subscriptions_url":["https://api.github.com/users/Vishal-Isharani/subscriptions"],"organizations_url":["https://api.github.com/users/Vishal-Isharani/orgs"],"repos_url":["https://api.github.com/users/Vishal-Isharani/repos"],"events_url":["https://api.github.com/users/Vishal-Isharani/events{/privacy}"],"received_events_url":["https://api.github.com/users/Vishal-Isharani/received_events"],"type":["User"],"site_admin":[false]}
