{"login":["goatslacker"],"id":[10632],"node_id":["MDQ6VXNlcjEwNjMy"],"avatar_url":["https://avatars1.githubusercontent.com/u/10632?v=4"],"gravatar_id":[""],"url":["https://api.github.com/users/goatslacker"],"html_url":["https://github.com/goatslacker"],"followers_url":["https://api.github.com/users/goatslacker/followers"],"following_url":["https://api.github.com/users/goatslacker/following{/other_user}"],"gists_url":["https://api.github.com/users/goatslacker/gists{/gist_id}"],"starred_url":["https://api.github.com/users/goatslacker/starred{/owner}{/repo}"],"subscriptions_url":["https://api.github.com/users/goatslacker/subscriptions"],"organizations_url":["https://api.github.com/users/goatslacker/orgs"],"repos_url":["https://api.github.com/users/goatslacker/repos"],"events_url":["https://api.github.com/users/goatslacker/events{/privacy}"],"received_events_url":["https://api.github.com/users/goatslacker/received_events"],"type":["User"],"site_admin":[false]}
