{"login":["shoumma"],"id":[10725804],"node_id":["MDQ6VXNlcjEwNzI1ODA0"],"avatar_url":["https://avatars3.githubusercontent.com/u/10725804?v=4"],"gravatar_id":[""],"url":["https://api.github.com/users/shoumma"],"html_url":["https://github.com/shoumma"],"followers_url":["https://api.github.com/users/shoumma/followers"],"following_url":["https://api.github.com/users/shoumma/following{/other_user}"],"gists_url":["https://api.github.com/users/shoumma/gists{/gist_id}"],"starred_url":["https://api.github.com/users/shoumma/starred{/owner}{/repo}"],"subscriptions_url":["https://api.github.com/users/shoumma/subscriptions"],"organizations_url":["https://api.github.com/users/shoumma/orgs"],"repos_url":["https://api.github.com/users/shoumma/repos"],"events_url":["https://api.github.com/users/shoumma/events{/privacy}"],"received_events_url":["https://api.github.com/users/shoumma/received_events"],"type":["User"],"site_admin":[false]}
