{"login":["mohseenrm"],"id":[10768371],"node_id":["MDQ6VXNlcjEwNzY4Mzcx"],"avatar_url":["https://avatars0.githubusercontent.com/u/10768371?v=4"],"gravatar_id":[""],"url":["https://api.github.com/users/mohseenrm"],"html_url":["https://github.com/mohseenrm"],"followers_url":["https://api.github.com/users/mohseenrm/followers"],"following_url":["https://api.github.com/users/mohseenrm/following{/other_user}"],"gists_url":["https://api.github.com/users/mohseenrm/gists{/gist_id}"],"starred_url":["https://api.github.com/users/mohseenrm/starred{/owner}{/repo}"],"subscriptions_url":["https://api.github.com/users/mohseenrm/subscriptions"],"organizations_url":["https://api.github.com/users/mohseenrm/orgs"],"repos_url":["https://api.github.com/users/mohseenrm/repos"],"events_url":["https://api.github.com/users/mohseenrm/events{/privacy}"],"received_events_url":["https://api.github.com/users/mohseenrm/received_events"],"type":["User"],"site_admin":[false]}
