{"login":["ImHype"],"id":[10825163],"node_id":["MDQ6VXNlcjEwODI1MTYz"],"avatar_url":["https://avatars0.githubusercontent.com/u/10825163?v=4"],"gravatar_id":[""],"url":["https://api.github.com/users/ImHype"],"html_url":["https://github.com/ImHype"],"followers_url":["https://api.github.com/users/ImHype/followers"],"following_url":["https://api.github.com/users/ImHype/following{/other_user}"],"gists_url":["https://api.github.com/users/ImHype/gists{/gist_id}"],"starred_url":["https://api.github.com/users/ImHype/starred{/owner}{/repo}"],"subscriptions_url":["https://api.github.com/users/ImHype/subscriptions"],"organizations_url":["https://api.github.com/users/ImHype/orgs"],"repos_url":["https://api.github.com/users/ImHype/repos"],"events_url":["https://api.github.com/users/ImHype/events{/privacy}"],"received_events_url":["https://api.github.com/users/ImHype/received_events"],"type":["User"],"site_admin":[false]}
