{"login":["dekajp"],"id":[1100608],"node_id":["MDQ6VXNlcjExMDA2MDg="],"avatar_url":["https://avatars2.githubusercontent.com/u/1100608?v=4"],"gravatar_id":[""],"url":["https://api.github.com/users/dekajp"],"html_url":["https://github.com/dekajp"],"followers_url":["https://api.github.com/users/dekajp/followers"],"following_url":["https://api.github.com/users/dekajp/following{/other_user}"],"gists_url":["https://api.github.com/users/dekajp/gists{/gist_id}"],"starred_url":["https://api.github.com/users/dekajp/starred{/owner}{/repo}"],"subscriptions_url":["https://api.github.com/users/dekajp/subscriptions"],"organizations_url":["https://api.github.com/users/dekajp/orgs"],"repos_url":["https://api.github.com/users/dekajp/repos"],"events_url":["https://api.github.com/users/dekajp/events{/privacy}"],"received_events_url":["https://api.github.com/users/dekajp/received_events"],"type":["User"],"site_admin":[false]}
