{"login":["mistermanix"],"id":[1107969],"node_id":["MDQ6VXNlcjExMDc5Njk="],"avatar_url":["https://avatars3.githubusercontent.com/u/1107969?v=4"],"gravatar_id":[""],"url":["https://api.github.com/users/mistermanix"],"html_url":["https://github.com/mistermanix"],"followers_url":["https://api.github.com/users/mistermanix/followers"],"following_url":["https://api.github.com/users/mistermanix/following{/other_user}"],"gists_url":["https://api.github.com/users/mistermanix/gists{/gist_id}"],"starred_url":["https://api.github.com/users/mistermanix/starred{/owner}{/repo}"],"subscriptions_url":["https://api.github.com/users/mistermanix/subscriptions"],"organizations_url":["https://api.github.com/users/mistermanix/orgs"],"repos_url":["https://api.github.com/users/mistermanix/repos"],"events_url":["https://api.github.com/users/mistermanix/events{/privacy}"],"received_events_url":["https://api.github.com/users/mistermanix/received_events"],"type":["User"],"site_admin":[false]}
