{"login":["addyosmani"],"id":[110953],"node_id":["MDQ6VXNlcjExMDk1Mw=="],"avatar_url":["https://avatars2.githubusercontent.com/u/110953?v=4"],"gravatar_id":[""],"url":["https://api.github.com/users/addyosmani"],"html_url":["https://github.com/addyosmani"],"followers_url":["https://api.github.com/users/addyosmani/followers"],"following_url":["https://api.github.com/users/addyosmani/following{/other_user}"],"gists_url":["https://api.github.com/users/addyosmani/gists{/gist_id}"],"starred_url":["https://api.github.com/users/addyosmani/starred{/owner}{/repo}"],"subscriptions_url":["https://api.github.com/users/addyosmani/subscriptions"],"organizations_url":["https://api.github.com/users/addyosmani/orgs"],"repos_url":["https://api.github.com/users/addyosmani/repos"],"events_url":["https://api.github.com/users/addyosmani/events{/privacy}"],"received_events_url":["https://api.github.com/users/addyosmani/received_events"],"type":["User"],"site_admin":[false]}
