{"login":["drewzboto"],"id":[1111351],"node_id":["MDQ6VXNlcjExMTEzNTE="],"avatar_url":["https://avatars2.githubusercontent.com/u/1111351?v=4"],"gravatar_id":[""],"url":["https://api.github.com/users/drewzboto"],"html_url":["https://github.com/drewzboto"],"followers_url":["https://api.github.com/users/drewzboto/followers"],"following_url":["https://api.github.com/users/drewzboto/following{/other_user}"],"gists_url":["https://api.github.com/users/drewzboto/gists{/gist_id}"],"starred_url":["https://api.github.com/users/drewzboto/starred{/owner}{/repo}"],"subscriptions_url":["https://api.github.com/users/drewzboto/subscriptions"],"organizations_url":["https://api.github.com/users/drewzboto/orgs"],"repos_url":["https://api.github.com/users/drewzboto/repos"],"events_url":["https://api.github.com/users/drewzboto/events{/privacy}"],"received_events_url":["https://api.github.com/users/drewzboto/received_events"],"type":["User"],"site_admin":[false]}
