{"login":["degzhaus"],"id":[111590],"node_id":["MDQ6VXNlcjExMTU5MA=="],"avatar_url":["https://avatars3.githubusercontent.com/u/111590?v=4"],"gravatar_id":[""],"url":["https://api.github.com/users/degzhaus"],"html_url":["https://github.com/degzhaus"],"followers_url":["https://api.github.com/users/degzhaus/followers"],"following_url":["https://api.github.com/users/degzhaus/following{/other_user}"],"gists_url":["https://api.github.com/users/degzhaus/gists{/gist_id}"],"starred_url":["https://api.github.com/users/degzhaus/starred{/owner}{/repo}"],"subscriptions_url":["https://api.github.com/users/degzhaus/subscriptions"],"organizations_url":["https://api.github.com/users/degzhaus/orgs"],"repos_url":["https://api.github.com/users/degzhaus/repos"],"events_url":["https://api.github.com/users/degzhaus/events{/privacy}"],"received_events_url":["https://api.github.com/users/degzhaus/received_events"],"type":["User"],"site_admin":[false]}
