{"login":["lxneng"],"id":[112606],"node_id":["MDQ6VXNlcjExMjYwNg=="],"avatar_url":["https://avatars1.githubusercontent.com/u/112606?v=4"],"gravatar_id":[""],"url":["https://api.github.com/users/lxneng"],"html_url":["https://github.com/lxneng"],"followers_url":["https://api.github.com/users/lxneng/followers"],"following_url":["https://api.github.com/users/lxneng/following{/other_user}"],"gists_url":["https://api.github.com/users/lxneng/gists{/gist_id}"],"starred_url":["https://api.github.com/users/lxneng/starred{/owner}{/repo}"],"subscriptions_url":["https://api.github.com/users/lxneng/subscriptions"],"organizations_url":["https://api.github.com/users/lxneng/orgs"],"repos_url":["https://api.github.com/users/lxneng/repos"],"events_url":["https://api.github.com/users/lxneng/events{/privacy}"],"received_events_url":["https://api.github.com/users/lxneng/received_events"],"type":["User"],"site_admin":[false]}
