{"login":["jignesh"],"id":[113492],"node_id":["MDQ6VXNlcjExMzQ5Mg=="],"avatar_url":["https://avatars2.githubusercontent.com/u/113492?v=4"],"gravatar_id":[""],"url":["https://api.github.com/users/jignesh"],"html_url":["https://github.com/jignesh"],"followers_url":["https://api.github.com/users/jignesh/followers"],"following_url":["https://api.github.com/users/jignesh/following{/other_user}"],"gists_url":["https://api.github.com/users/jignesh/gists{/gist_id}"],"starred_url":["https://api.github.com/users/jignesh/starred{/owner}{/repo}"],"subscriptions_url":["https://api.github.com/users/jignesh/subscriptions"],"organizations_url":["https://api.github.com/users/jignesh/orgs"],"repos_url":["https://api.github.com/users/jignesh/repos"],"events_url":["https://api.github.com/users/jignesh/events{/privacy}"],"received_events_url":["https://api.github.com/users/jignesh/received_events"],"type":["User"],"site_admin":[false]}
