{"login":["florapdx"],"id":[1137259],"node_id":["MDQ6VXNlcjExMzcyNTk="],"avatar_url":["https://avatars2.githubusercontent.com/u/1137259?v=4"],"gravatar_id":[""],"url":["https://api.github.com/users/florapdx"],"html_url":["https://github.com/florapdx"],"followers_url":["https://api.github.com/users/florapdx/followers"],"following_url":["https://api.github.com/users/florapdx/following{/other_user}"],"gists_url":["https://api.github.com/users/florapdx/gists{/gist_id}"],"starred_url":["https://api.github.com/users/florapdx/starred{/owner}{/repo}"],"subscriptions_url":["https://api.github.com/users/florapdx/subscriptions"],"organizations_url":["https://api.github.com/users/florapdx/orgs"],"repos_url":["https://api.github.com/users/florapdx/repos"],"events_url":["https://api.github.com/users/florapdx/events{/privacy}"],"received_events_url":["https://api.github.com/users/florapdx/received_events"],"type":["User"],"site_admin":[false]}
