{"login":["dvinciguerra"],"id":[114177],"node_id":["MDQ6VXNlcjExNDE3Nw=="],"avatar_url":["https://avatars0.githubusercontent.com/u/114177?v=4"],"gravatar_id":[""],"url":["https://api.github.com/users/dvinciguerra"],"html_url":["https://github.com/dvinciguerra"],"followers_url":["https://api.github.com/users/dvinciguerra/followers"],"following_url":["https://api.github.com/users/dvinciguerra/following{/other_user}"],"gists_url":["https://api.github.com/users/dvinciguerra/gists{/gist_id}"],"starred_url":["https://api.github.com/users/dvinciguerra/starred{/owner}{/repo}"],"subscriptions_url":["https://api.github.com/users/dvinciguerra/subscriptions"],"organizations_url":["https://api.github.com/users/dvinciguerra/orgs"],"repos_url":["https://api.github.com/users/dvinciguerra/repos"],"events_url":["https://api.github.com/users/dvinciguerra/events{/privacy}"],"received_events_url":["https://api.github.com/users/dvinciguerra/received_events"],"type":["User"],"site_admin":[false]}
