{"login":["code4money2eat"],"id":[11428913],"node_id":["MDQ6VXNlcjExNDI4OTEz"],"avatar_url":["https://avatars0.githubusercontent.com/u/11428913?v=4"],"gravatar_id":[""],"url":["https://api.github.com/users/code4money2eat"],"html_url":["https://github.com/code4money2eat"],"followers_url":["https://api.github.com/users/code4money2eat/followers"],"following_url":["https://api.github.com/users/code4money2eat/following{/other_user}"],"gists_url":["https://api.github.com/users/code4money2eat/gists{/gist_id}"],"starred_url":["https://api.github.com/users/code4money2eat/starred{/owner}{/repo}"],"subscriptions_url":["https://api.github.com/users/code4money2eat/subscriptions"],"organizations_url":["https://api.github.com/users/code4money2eat/orgs"],"repos_url":["https://api.github.com/users/code4money2eat/repos"],"events_url":["https://api.github.com/users/code4money2eat/events{/privacy}"],"received_events_url":["https://api.github.com/users/code4money2eat/received_events"],"type":["User"],"site_admin":[false]}
