{"login":["Alex0007"],"id":[1143226],"node_id":["MDQ6VXNlcjExNDMyMjY="],"avatar_url":["https://avatars0.githubusercontent.com/u/1143226?v=4"],"gravatar_id":[""],"url":["https://api.github.com/users/Alex0007"],"html_url":["https://github.com/Alex0007"],"followers_url":["https://api.github.com/users/Alex0007/followers"],"following_url":["https://api.github.com/users/Alex0007/following{/other_user}"],"gists_url":["https://api.github.com/users/Alex0007/gists{/gist_id}"],"starred_url":["https://api.github.com/users/Alex0007/starred{/owner}{/repo}"],"subscriptions_url":["https://api.github.com/users/Alex0007/subscriptions"],"organizations_url":["https://api.github.com/users/Alex0007/orgs"],"repos_url":["https://api.github.com/users/Alex0007/repos"],"events_url":["https://api.github.com/users/Alex0007/events{/privacy}"],"received_events_url":["https://api.github.com/users/Alex0007/received_events"],"type":["User"],"site_admin":[false]}
