{"login":["fallingfree"],"id":[1152529],"node_id":["MDQ6VXNlcjExNTI1Mjk="],"avatar_url":["https://avatars2.githubusercontent.com/u/1152529?v=4"],"gravatar_id":[""],"url":["https://api.github.com/users/fallingfree"],"html_url":["https://github.com/fallingfree"],"followers_url":["https://api.github.com/users/fallingfree/followers"],"following_url":["https://api.github.com/users/fallingfree/following{/other_user}"],"gists_url":["https://api.github.com/users/fallingfree/gists{/gist_id}"],"starred_url":["https://api.github.com/users/fallingfree/starred{/owner}{/repo}"],"subscriptions_url":["https://api.github.com/users/fallingfree/subscriptions"],"organizations_url":["https://api.github.com/users/fallingfree/orgs"],"repos_url":["https://api.github.com/users/fallingfree/repos"],"events_url":["https://api.github.com/users/fallingfree/events{/privacy}"],"received_events_url":["https://api.github.com/users/fallingfree/received_events"],"type":["User"],"site_admin":[false]}
