{"login":["UltraWalker"],"id":[1177735],"node_id":["MDQ6VXNlcjExNzc3MzU="],"avatar_url":["https://avatars1.githubusercontent.com/u/1177735?v=4"],"gravatar_id":[""],"url":["https://api.github.com/users/UltraWalker"],"html_url":["https://github.com/UltraWalker"],"followers_url":["https://api.github.com/users/UltraWalker/followers"],"following_url":["https://api.github.com/users/UltraWalker/following{/other_user}"],"gists_url":["https://api.github.com/users/UltraWalker/gists{/gist_id}"],"starred_url":["https://api.github.com/users/UltraWalker/starred{/owner}{/repo}"],"subscriptions_url":["https://api.github.com/users/UltraWalker/subscriptions"],"organizations_url":["https://api.github.com/users/UltraWalker/orgs"],"repos_url":["https://api.github.com/users/UltraWalker/repos"],"events_url":["https://api.github.com/users/UltraWalker/events{/privacy}"],"received_events_url":["https://api.github.com/users/UltraWalker/received_events"],"type":["User"],"site_admin":[false]}
