{"login":["farasevych"],"id":[11808788],"node_id":["MDQ6VXNlcjExODA4Nzg4"],"avatar_url":["https://avatars0.githubusercontent.com/u/11808788?v=4"],"gravatar_id":[""],"url":["https://api.github.com/users/farasevych"],"html_url":["https://github.com/farasevych"],"followers_url":["https://api.github.com/users/farasevych/followers"],"following_url":["https://api.github.com/users/farasevych/following{/other_user}"],"gists_url":["https://api.github.com/users/farasevych/gists{/gist_id}"],"starred_url":["https://api.github.com/users/farasevych/starred{/owner}{/repo}"],"subscriptions_url":["https://api.github.com/users/farasevych/subscriptions"],"organizations_url":["https://api.github.com/users/farasevych/orgs"],"repos_url":["https://api.github.com/users/farasevych/repos"],"events_url":["https://api.github.com/users/farasevych/events{/privacy}"],"received_events_url":["https://api.github.com/users/farasevych/received_events"],"type":["User"],"site_admin":[false]}
