{"login":["moretti"],"id":[1186409],"node_id":["MDQ6VXNlcjExODY0MDk="],"avatar_url":["https://avatars0.githubusercontent.com/u/1186409?v=4"],"gravatar_id":[""],"url":["https://api.github.com/users/moretti"],"html_url":["https://github.com/moretti"],"followers_url":["https://api.github.com/users/moretti/followers"],"following_url":["https://api.github.com/users/moretti/following{/other_user}"],"gists_url":["https://api.github.com/users/moretti/gists{/gist_id}"],"starred_url":["https://api.github.com/users/moretti/starred{/owner}{/repo}"],"subscriptions_url":["https://api.github.com/users/moretti/subscriptions"],"organizations_url":["https://api.github.com/users/moretti/orgs"],"repos_url":["https://api.github.com/users/moretti/repos"],"events_url":["https://api.github.com/users/moretti/events{/privacy}"],"received_events_url":["https://api.github.com/users/moretti/received_events"],"type":["User"],"site_admin":[false]}
