{"login":["semibran"],"id":[11915922],"node_id":["MDQ6VXNlcjExOTE1OTIy"],"avatar_url":["https://avatars2.githubusercontent.com/u/11915922?v=4"],"gravatar_id":[""],"url":["https://api.github.com/users/semibran"],"html_url":["https://github.com/semibran"],"followers_url":["https://api.github.com/users/semibran/followers"],"following_url":["https://api.github.com/users/semibran/following{/other_user}"],"gists_url":["https://api.github.com/users/semibran/gists{/gist_id}"],"starred_url":["https://api.github.com/users/semibran/starred{/owner}{/repo}"],"subscriptions_url":["https://api.github.com/users/semibran/subscriptions"],"organizations_url":["https://api.github.com/users/semibran/orgs"],"repos_url":["https://api.github.com/users/semibran/repos"],"events_url":["https://api.github.com/users/semibran/events{/privacy}"],"received_events_url":["https://api.github.com/users/semibran/received_events"],"type":["User"],"site_admin":[false]}
