{"login":["kenfehling"],"id":[1200759],"node_id":["MDQ6VXNlcjEyMDA3NTk="],"avatar_url":["https://avatars2.githubusercontent.com/u/1200759?v=4"],"gravatar_id":[""],"url":["https://api.github.com/users/kenfehling"],"html_url":["https://github.com/kenfehling"],"followers_url":["https://api.github.com/users/kenfehling/followers"],"following_url":["https://api.github.com/users/kenfehling/following{/other_user}"],"gists_url":["https://api.github.com/users/kenfehling/gists{/gist_id}"],"starred_url":["https://api.github.com/users/kenfehling/starred{/owner}{/repo}"],"subscriptions_url":["https://api.github.com/users/kenfehling/subscriptions"],"organizations_url":["https://api.github.com/users/kenfehling/orgs"],"repos_url":["https://api.github.com/users/kenfehling/repos"],"events_url":["https://api.github.com/users/kenfehling/events{/privacy}"],"received_events_url":["https://api.github.com/users/kenfehling/received_events"],"type":["User"],"site_admin":[false]}
