{"login":["jessecogollo"],"id":[1205255],"node_id":["MDQ6VXNlcjEyMDUyNTU="],"avatar_url":["https://avatars0.githubusercontent.com/u/1205255?v=4"],"gravatar_id":[""],"url":["https://api.github.com/users/jessecogollo"],"html_url":["https://github.com/jessecogollo"],"followers_url":["https://api.github.com/users/jessecogollo/followers"],"following_url":["https://api.github.com/users/jessecogollo/following{/other_user}"],"gists_url":["https://api.github.com/users/jessecogollo/gists{/gist_id}"],"starred_url":["https://api.github.com/users/jessecogollo/starred{/owner}{/repo}"],"subscriptions_url":["https://api.github.com/users/jessecogollo/subscriptions"],"organizations_url":["https://api.github.com/users/jessecogollo/orgs"],"repos_url":["https://api.github.com/users/jessecogollo/repos"],"events_url":["https://api.github.com/users/jessecogollo/events{/privacy}"],"received_events_url":["https://api.github.com/users/jessecogollo/received_events"],"type":["User"],"site_admin":[false]}
