{"login":["nukr"],"id":[1206615],"node_id":["MDQ6VXNlcjEyMDY2MTU="],"avatar_url":["https://avatars2.githubusercontent.com/u/1206615?v=4"],"gravatar_id":[""],"url":["https://api.github.com/users/nukr"],"html_url":["https://github.com/nukr"],"followers_url":["https://api.github.com/users/nukr/followers"],"following_url":["https://api.github.com/users/nukr/following{/other_user}"],"gists_url":["https://api.github.com/users/nukr/gists{/gist_id}"],"starred_url":["https://api.github.com/users/nukr/starred{/owner}{/repo}"],"subscriptions_url":["https://api.github.com/users/nukr/subscriptions"],"organizations_url":["https://api.github.com/users/nukr/orgs"],"repos_url":["https://api.github.com/users/nukr/repos"],"events_url":["https://api.github.com/users/nukr/events{/privacy}"],"received_events_url":["https://api.github.com/users/nukr/received_events"],"type":["User"],"site_admin":[false]}
