{"login":["chilijung"],"id":[1216029],"node_id":["MDQ6VXNlcjEyMTYwMjk="],"avatar_url":["https://avatars0.githubusercontent.com/u/1216029?v=4"],"gravatar_id":[""],"url":["https://api.github.com/users/chilijung"],"html_url":["https://github.com/chilijung"],"followers_url":["https://api.github.com/users/chilijung/followers"],"following_url":["https://api.github.com/users/chilijung/following{/other_user}"],"gists_url":["https://api.github.com/users/chilijung/gists{/gist_id}"],"starred_url":["https://api.github.com/users/chilijung/starred{/owner}{/repo}"],"subscriptions_url":["https://api.github.com/users/chilijung/subscriptions"],"organizations_url":["https://api.github.com/users/chilijung/orgs"],"repos_url":["https://api.github.com/users/chilijung/repos"],"events_url":["https://api.github.com/users/chilijung/events{/privacy}"],"received_events_url":["https://api.github.com/users/chilijung/received_events"],"type":["User"],"site_admin":[false]}
