{"login":["iluxaua"],"id":[12177919],"node_id":["MDQ6VXNlcjEyMTc3OTE5"],"avatar_url":["https://avatars3.githubusercontent.com/u/12177919?v=4"],"gravatar_id":[""],"url":["https://api.github.com/users/iluxaua"],"html_url":["https://github.com/iluxaua"],"followers_url":["https://api.github.com/users/iluxaua/followers"],"following_url":["https://api.github.com/users/iluxaua/following{/other_user}"],"gists_url":["https://api.github.com/users/iluxaua/gists{/gist_id}"],"starred_url":["https://api.github.com/users/iluxaua/starred{/owner}{/repo}"],"subscriptions_url":["https://api.github.com/users/iluxaua/subscriptions"],"organizations_url":["https://api.github.com/users/iluxaua/orgs"],"repos_url":["https://api.github.com/users/iluxaua/repos"],"events_url":["https://api.github.com/users/iluxaua/events{/privacy}"],"received_events_url":["https://api.github.com/users/iluxaua/received_events"],"type":["User"],"site_admin":[false]}
