{"login":["robinandeer"],"id":[1220232],"node_id":["MDQ6VXNlcjEyMjAyMzI="],"avatar_url":["https://avatars3.githubusercontent.com/u/1220232?v=4"],"gravatar_id":[""],"url":["https://api.github.com/users/robinandeer"],"html_url":["https://github.com/robinandeer"],"followers_url":["https://api.github.com/users/robinandeer/followers"],"following_url":["https://api.github.com/users/robinandeer/following{/other_user}"],"gists_url":["https://api.github.com/users/robinandeer/gists{/gist_id}"],"starred_url":["https://api.github.com/users/robinandeer/starred{/owner}{/repo}"],"subscriptions_url":["https://api.github.com/users/robinandeer/subscriptions"],"organizations_url":["https://api.github.com/users/robinandeer/orgs"],"repos_url":["https://api.github.com/users/robinandeer/repos"],"events_url":["https://api.github.com/users/robinandeer/events{/privacy}"],"received_events_url":["https://api.github.com/users/robinandeer/received_events"],"type":["User"],"site_admin":[false]}
