{"login":["gkz"],"id":[1222691],"node_id":["MDQ6VXNlcjEyMjI2OTE="],"avatar_url":["https://avatars3.githubusercontent.com/u/1222691?v=4"],"gravatar_id":[""],"url":["https://api.github.com/users/gkz"],"html_url":["https://github.com/gkz"],"followers_url":["https://api.github.com/users/gkz/followers"],"following_url":["https://api.github.com/users/gkz/following{/other_user}"],"gists_url":["https://api.github.com/users/gkz/gists{/gist_id}"],"starred_url":["https://api.github.com/users/gkz/starred{/owner}{/repo}"],"subscriptions_url":["https://api.github.com/users/gkz/subscriptions"],"organizations_url":["https://api.github.com/users/gkz/orgs"],"repos_url":["https://api.github.com/users/gkz/repos"],"events_url":["https://api.github.com/users/gkz/events{/privacy}"],"received_events_url":["https://api.github.com/users/gkz/received_events"],"type":["User"],"site_admin":[false]}
