{"login":["ZECTBynmo"],"id":[1222872],"node_id":["MDQ6VXNlcjEyMjI4NzI="],"avatar_url":["https://avatars2.githubusercontent.com/u/1222872?v=4"],"gravatar_id":[""],"url":["https://api.github.com/users/ZECTBynmo"],"html_url":["https://github.com/ZECTBynmo"],"followers_url":["https://api.github.com/users/ZECTBynmo/followers"],"following_url":["https://api.github.com/users/ZECTBynmo/following{/other_user}"],"gists_url":["https://api.github.com/users/ZECTBynmo/gists{/gist_id}"],"starred_url":["https://api.github.com/users/ZECTBynmo/starred{/owner}{/repo}"],"subscriptions_url":["https://api.github.com/users/ZECTBynmo/subscriptions"],"organizations_url":["https://api.github.com/users/ZECTBynmo/orgs"],"repos_url":["https://api.github.com/users/ZECTBynmo/repos"],"events_url":["https://api.github.com/users/ZECTBynmo/events{/privacy}"],"received_events_url":["https://api.github.com/users/ZECTBynmo/received_events"],"type":["User"],"site_admin":[false]}
