{"login":["dudarev"],"id":[123531],"node_id":["MDQ6VXNlcjEyMzUzMQ=="],"avatar_url":["https://avatars1.githubusercontent.com/u/123531?v=4"],"gravatar_id":[""],"url":["https://api.github.com/users/dudarev"],"html_url":["https://github.com/dudarev"],"followers_url":["https://api.github.com/users/dudarev/followers"],"following_url":["https://api.github.com/users/dudarev/following{/other_user}"],"gists_url":["https://api.github.com/users/dudarev/gists{/gist_id}"],"starred_url":["https://api.github.com/users/dudarev/starred{/owner}{/repo}"],"subscriptions_url":["https://api.github.com/users/dudarev/subscriptions"],"organizations_url":["https://api.github.com/users/dudarev/orgs"],"repos_url":["https://api.github.com/users/dudarev/repos"],"events_url":["https://api.github.com/users/dudarev/events{/privacy}"],"received_events_url":["https://api.github.com/users/dudarev/received_events"],"type":["User"],"site_admin":[false]}
