{"login":["madhums"],"id":[123815],"node_id":["MDQ6VXNlcjEyMzgxNQ=="],"avatar_url":["https://avatars2.githubusercontent.com/u/123815?v=4"],"gravatar_id":[""],"url":["https://api.github.com/users/madhums"],"html_url":["https://github.com/madhums"],"followers_url":["https://api.github.com/users/madhums/followers"],"following_url":["https://api.github.com/users/madhums/following{/other_user}"],"gists_url":["https://api.github.com/users/madhums/gists{/gist_id}"],"starred_url":["https://api.github.com/users/madhums/starred{/owner}{/repo}"],"subscriptions_url":["https://api.github.com/users/madhums/subscriptions"],"organizations_url":["https://api.github.com/users/madhums/orgs"],"repos_url":["https://api.github.com/users/madhums/repos"],"events_url":["https://api.github.com/users/madhums/events{/privacy}"],"received_events_url":["https://api.github.com/users/madhums/received_events"],"type":["User"],"site_admin":[false]}
