{"login":["aaronlifton"],"id":[123950],"node_id":["MDQ6VXNlcjEyMzk1MA=="],"avatar_url":["https://avatars0.githubusercontent.com/u/123950?v=4"],"gravatar_id":[""],"url":["https://api.github.com/users/aaronlifton"],"html_url":["https://github.com/aaronlifton"],"followers_url":["https://api.github.com/users/aaronlifton/followers"],"following_url":["https://api.github.com/users/aaronlifton/following{/other_user}"],"gists_url":["https://api.github.com/users/aaronlifton/gists{/gist_id}"],"starred_url":["https://api.github.com/users/aaronlifton/starred{/owner}{/repo}"],"subscriptions_url":["https://api.github.com/users/aaronlifton/subscriptions"],"organizations_url":["https://api.github.com/users/aaronlifton/orgs"],"repos_url":["https://api.github.com/users/aaronlifton/repos"],"events_url":["https://api.github.com/users/aaronlifton/events{/privacy}"],"received_events_url":["https://api.github.com/users/aaronlifton/received_events"],"type":["User"],"site_admin":[false]}
