{"login":["niksmac"],"id":[124470],"node_id":["MDQ6VXNlcjEyNDQ3MA=="],"avatar_url":["https://avatars2.githubusercontent.com/u/124470?v=4"],"gravatar_id":[""],"url":["https://api.github.com/users/niksmac"],"html_url":["https://github.com/niksmac"],"followers_url":["https://api.github.com/users/niksmac/followers"],"following_url":["https://api.github.com/users/niksmac/following{/other_user}"],"gists_url":["https://api.github.com/users/niksmac/gists{/gist_id}"],"starred_url":["https://api.github.com/users/niksmac/starred{/owner}{/repo}"],"subscriptions_url":["https://api.github.com/users/niksmac/subscriptions"],"organizations_url":["https://api.github.com/users/niksmac/orgs"],"repos_url":["https://api.github.com/users/niksmac/repos"],"events_url":["https://api.github.com/users/niksmac/events{/privacy}"],"received_events_url":["https://api.github.com/users/niksmac/received_events"],"type":["User"],"site_admin":[false]}
