{"login":["wa-Nadoo"],"id":[1248501],"node_id":["MDQ6VXNlcjEyNDg1MDE="],"avatar_url":["https://avatars0.githubusercontent.com/u/1248501?v=4"],"gravatar_id":[""],"url":["https://api.github.com/users/wa-Nadoo"],"html_url":["https://github.com/wa-Nadoo"],"followers_url":["https://api.github.com/users/wa-Nadoo/followers"],"following_url":["https://api.github.com/users/wa-Nadoo/following{/other_user}"],"gists_url":["https://api.github.com/users/wa-Nadoo/gists{/gist_id}"],"starred_url":["https://api.github.com/users/wa-Nadoo/starred{/owner}{/repo}"],"subscriptions_url":["https://api.github.com/users/wa-Nadoo/subscriptions"],"organizations_url":["https://api.github.com/users/wa-Nadoo/orgs"],"repos_url":["https://api.github.com/users/wa-Nadoo/repos"],"events_url":["https://api.github.com/users/wa-Nadoo/events{/privacy}"],"received_events_url":["https://api.github.com/users/wa-Nadoo/received_events"],"type":["User"],"site_admin":[false]}
