{"login":["rousan"],"id":[12519292],"node_id":["MDQ6VXNlcjEyNTE5Mjky"],"avatar_url":["https://avatars3.githubusercontent.com/u/12519292?v=4"],"gravatar_id":[""],"url":["https://api.github.com/users/rousan"],"html_url":["https://github.com/rousan"],"followers_url":["https://api.github.com/users/rousan/followers"],"following_url":["https://api.github.com/users/rousan/following{/other_user}"],"gists_url":["https://api.github.com/users/rousan/gists{/gist_id}"],"starred_url":["https://api.github.com/users/rousan/starred{/owner}{/repo}"],"subscriptions_url":["https://api.github.com/users/rousan/subscriptions"],"organizations_url":["https://api.github.com/users/rousan/orgs"],"repos_url":["https://api.github.com/users/rousan/repos"],"events_url":["https://api.github.com/users/rousan/events{/privacy}"],"received_events_url":["https://api.github.com/users/rousan/received_events"],"type":["User"],"site_admin":[false]}
