{"login":["imnemo"],"id":[1251690],"node_id":["MDQ6VXNlcjEyNTE2OTA="],"avatar_url":["https://avatars1.githubusercontent.com/u/1251690?v=4"],"gravatar_id":[""],"url":["https://api.github.com/users/imnemo"],"html_url":["https://github.com/imnemo"],"followers_url":["https://api.github.com/users/imnemo/followers"],"following_url":["https://api.github.com/users/imnemo/following{/other_user}"],"gists_url":["https://api.github.com/users/imnemo/gists{/gist_id}"],"starred_url":["https://api.github.com/users/imnemo/starred{/owner}{/repo}"],"subscriptions_url":["https://api.github.com/users/imnemo/subscriptions"],"organizations_url":["https://api.github.com/users/imnemo/orgs"],"repos_url":["https://api.github.com/users/imnemo/repos"],"events_url":["https://api.github.com/users/imnemo/events{/privacy}"],"received_events_url":["https://api.github.com/users/imnemo/received_events"],"type":["User"],"site_admin":[false]}
