{"login":["christopherscott"],"id":[125866],"node_id":["MDQ6VXNlcjEyNTg2Ng=="],"avatar_url":["https://avatars1.githubusercontent.com/u/125866?v=4"],"gravatar_id":[""],"url":["https://api.github.com/users/christopherscott"],"html_url":["https://github.com/christopherscott"],"followers_url":["https://api.github.com/users/christopherscott/followers"],"following_url":["https://api.github.com/users/christopherscott/following{/other_user}"],"gists_url":["https://api.github.com/users/christopherscott/gists{/gist_id}"],"starred_url":["https://api.github.com/users/christopherscott/starred{/owner}{/repo}"],"subscriptions_url":["https://api.github.com/users/christopherscott/subscriptions"],"organizations_url":["https://api.github.com/users/christopherscott/orgs"],"repos_url":["https://api.github.com/users/christopherscott/repos"],"events_url":["https://api.github.com/users/christopherscott/events{/privacy}"],"received_events_url":["https://api.github.com/users/christopherscott/received_events"],"type":["User"],"site_admin":[false]}
