{"login":["freethejazz"],"id":[1261421],"node_id":["MDQ6VXNlcjEyNjE0MjE="],"avatar_url":["https://avatars2.githubusercontent.com/u/1261421?v=4"],"gravatar_id":[""],"url":["https://api.github.com/users/freethejazz"],"html_url":["https://github.com/freethejazz"],"followers_url":["https://api.github.com/users/freethejazz/followers"],"following_url":["https://api.github.com/users/freethejazz/following{/other_user}"],"gists_url":["https://api.github.com/users/freethejazz/gists{/gist_id}"],"starred_url":["https://api.github.com/users/freethejazz/starred{/owner}{/repo}"],"subscriptions_url":["https://api.github.com/users/freethejazz/subscriptions"],"organizations_url":["https://api.github.com/users/freethejazz/orgs"],"repos_url":["https://api.github.com/users/freethejazz/repos"],"events_url":["https://api.github.com/users/freethejazz/events{/privacy}"],"received_events_url":["https://api.github.com/users/freethejazz/received_events"],"type":["User"],"site_admin":[false]}
