{"login":["johnmenick"],"id":[127441],"node_id":["MDQ6VXNlcjEyNzQ0MQ=="],"avatar_url":["https://avatars3.githubusercontent.com/u/127441?v=4"],"gravatar_id":[""],"url":["https://api.github.com/users/johnmenick"],"html_url":["https://github.com/johnmenick"],"followers_url":["https://api.github.com/users/johnmenick/followers"],"following_url":["https://api.github.com/users/johnmenick/following{/other_user}"],"gists_url":["https://api.github.com/users/johnmenick/gists{/gist_id}"],"starred_url":["https://api.github.com/users/johnmenick/starred{/owner}{/repo}"],"subscriptions_url":["https://api.github.com/users/johnmenick/subscriptions"],"organizations_url":["https://api.github.com/users/johnmenick/orgs"],"repos_url":["https://api.github.com/users/johnmenick/repos"],"events_url":["https://api.github.com/users/johnmenick/events{/privacy}"],"received_events_url":["https://api.github.com/users/johnmenick/received_events"],"type":["User"],"site_admin":[false]}
