{"login":["hoffa"],"id":[1280602],"node_id":["MDQ6VXNlcjEyODA2MDI="],"avatar_url":["https://avatars0.githubusercontent.com/u/1280602?v=4"],"gravatar_id":[""],"url":["https://api.github.com/users/hoffa"],"html_url":["https://github.com/hoffa"],"followers_url":["https://api.github.com/users/hoffa/followers"],"following_url":["https://api.github.com/users/hoffa/following{/other_user}"],"gists_url":["https://api.github.com/users/hoffa/gists{/gist_id}"],"starred_url":["https://api.github.com/users/hoffa/starred{/owner}{/repo}"],"subscriptions_url":["https://api.github.com/users/hoffa/subscriptions"],"organizations_url":["https://api.github.com/users/hoffa/orgs"],"repos_url":["https://api.github.com/users/hoffa/repos"],"events_url":["https://api.github.com/users/hoffa/events{/privacy}"],"received_events_url":["https://api.github.com/users/hoffa/received_events"],"type":["User"],"site_admin":[false]}
