{"login":["frzng"],"id":[128540],"node_id":["MDQ6VXNlcjEyODU0MA=="],"avatar_url":["https://avatars3.githubusercontent.com/u/128540?v=4"],"gravatar_id":[""],"url":["https://api.github.com/users/frzng"],"html_url":["https://github.com/frzng"],"followers_url":["https://api.github.com/users/frzng/followers"],"following_url":["https://api.github.com/users/frzng/following{/other_user}"],"gists_url":["https://api.github.com/users/frzng/gists{/gist_id}"],"starred_url":["https://api.github.com/users/frzng/starred{/owner}{/repo}"],"subscriptions_url":["https://api.github.com/users/frzng/subscriptions"],"organizations_url":["https://api.github.com/users/frzng/orgs"],"repos_url":["https://api.github.com/users/frzng/repos"],"events_url":["https://api.github.com/users/frzng/events{/privacy}"],"received_events_url":["https://api.github.com/users/frzng/received_events"],"type":["User"],"site_admin":[false]}
