{"login":["rwz"],"id":[129043],"node_id":["MDQ6VXNlcjEyOTA0Mw=="],"avatar_url":["https://avatars2.githubusercontent.com/u/129043?v=4"],"gravatar_id":[""],"url":["https://api.github.com/users/rwz"],"html_url":["https://github.com/rwz"],"followers_url":["https://api.github.com/users/rwz/followers"],"following_url":["https://api.github.com/users/rwz/following{/other_user}"],"gists_url":["https://api.github.com/users/rwz/gists{/gist_id}"],"starred_url":["https://api.github.com/users/rwz/starred{/owner}{/repo}"],"subscriptions_url":["https://api.github.com/users/rwz/subscriptions"],"organizations_url":["https://api.github.com/users/rwz/orgs"],"repos_url":["https://api.github.com/users/rwz/repos"],"events_url":["https://api.github.com/users/rwz/events{/privacy}"],"received_events_url":["https://api.github.com/users/rwz/received_events"],"type":["User"],"site_admin":[false]}
