{"login":["wnuqui"],"id":[1292222],"node_id":["MDQ6VXNlcjEyOTIyMjI="],"avatar_url":["https://avatars2.githubusercontent.com/u/1292222?v=4"],"gravatar_id":[""],"url":["https://api.github.com/users/wnuqui"],"html_url":["https://github.com/wnuqui"],"followers_url":["https://api.github.com/users/wnuqui/followers"],"following_url":["https://api.github.com/users/wnuqui/following{/other_user}"],"gists_url":["https://api.github.com/users/wnuqui/gists{/gist_id}"],"starred_url":["https://api.github.com/users/wnuqui/starred{/owner}{/repo}"],"subscriptions_url":["https://api.github.com/users/wnuqui/subscriptions"],"organizations_url":["https://api.github.com/users/wnuqui/orgs"],"repos_url":["https://api.github.com/users/wnuqui/repos"],"events_url":["https://api.github.com/users/wnuqui/events{/privacy}"],"received_events_url":["https://api.github.com/users/wnuqui/received_events"],"type":["User"],"site_admin":[false]}
