{"login":["akshaykumar12527"],"id":[12961732],"node_id":["MDQ6VXNlcjEyOTYxNzMy"],"avatar_url":["https://avatars0.githubusercontent.com/u/12961732?v=4"],"gravatar_id":[""],"url":["https://api.github.com/users/akshaykumar12527"],"html_url":["https://github.com/akshaykumar12527"],"followers_url":["https://api.github.com/users/akshaykumar12527/followers"],"following_url":["https://api.github.com/users/akshaykumar12527/following{/other_user}"],"gists_url":["https://api.github.com/users/akshaykumar12527/gists{/gist_id}"],"starred_url":["https://api.github.com/users/akshaykumar12527/starred{/owner}{/repo}"],"subscriptions_url":["https://api.github.com/users/akshaykumar12527/subscriptions"],"organizations_url":["https://api.github.com/users/akshaykumar12527/orgs"],"repos_url":["https://api.github.com/users/akshaykumar12527/repos"],"events_url":["https://api.github.com/users/akshaykumar12527/events{/privacy}"],"received_events_url":["https://api.github.com/users/akshaykumar12527/received_events"],"type":["User"],"site_admin":[false]}
