{"login":["jyyan"],"id":[1297451],"node_id":["MDQ6VXNlcjEyOTc0NTE="],"avatar_url":["https://avatars0.githubusercontent.com/u/1297451?v=4"],"gravatar_id":[""],"url":["https://api.github.com/users/jyyan"],"html_url":["https://github.com/jyyan"],"followers_url":["https://api.github.com/users/jyyan/followers"],"following_url":["https://api.github.com/users/jyyan/following{/other_user}"],"gists_url":["https://api.github.com/users/jyyan/gists{/gist_id}"],"starred_url":["https://api.github.com/users/jyyan/starred{/owner}{/repo}"],"subscriptions_url":["https://api.github.com/users/jyyan/subscriptions"],"organizations_url":["https://api.github.com/users/jyyan/orgs"],"repos_url":["https://api.github.com/users/jyyan/repos"],"events_url":["https://api.github.com/users/jyyan/events{/privacy}"],"received_events_url":["https://api.github.com/users/jyyan/received_events"],"type":["User"],"site_admin":[false]}
