{"login":["xstherrera1987"],"id":[1300266],"node_id":["MDQ6VXNlcjEzMDAyNjY="],"avatar_url":["https://avatars0.githubusercontent.com/u/1300266?v=4"],"gravatar_id":[""],"url":["https://api.github.com/users/xstherrera1987"],"html_url":["https://github.com/xstherrera1987"],"followers_url":["https://api.github.com/users/xstherrera1987/followers"],"following_url":["https://api.github.com/users/xstherrera1987/following{/other_user}"],"gists_url":["https://api.github.com/users/xstherrera1987/gists{/gist_id}"],"starred_url":["https://api.github.com/users/xstherrera1987/starred{/owner}{/repo}"],"subscriptions_url":["https://api.github.com/users/xstherrera1987/subscriptions"],"organizations_url":["https://api.github.com/users/xstherrera1987/orgs"],"repos_url":["https://api.github.com/users/xstherrera1987/repos"],"events_url":["https://api.github.com/users/xstherrera1987/events{/privacy}"],"received_events_url":["https://api.github.com/users/xstherrera1987/received_events"],"type":["User"],"site_admin":[false]}
