{"login":["shenaor"],"id":[1301504],"node_id":["MDQ6VXNlcjEzMDE1MDQ="],"avatar_url":["https://avatars1.githubusercontent.com/u/1301504?v=4"],"gravatar_id":[""],"url":["https://api.github.com/users/shenaor"],"html_url":["https://github.com/shenaor"],"followers_url":["https://api.github.com/users/shenaor/followers"],"following_url":["https://api.github.com/users/shenaor/following{/other_user}"],"gists_url":["https://api.github.com/users/shenaor/gists{/gist_id}"],"starred_url":["https://api.github.com/users/shenaor/starred{/owner}{/repo}"],"subscriptions_url":["https://api.github.com/users/shenaor/subscriptions"],"organizations_url":["https://api.github.com/users/shenaor/orgs"],"repos_url":["https://api.github.com/users/shenaor/repos"],"events_url":["https://api.github.com/users/shenaor/events{/privacy}"],"received_events_url":["https://api.github.com/users/shenaor/received_events"],"type":["User"],"site_admin":[false]}
