{"login":["zakerby"],"id":[13022296],"node_id":["MDQ6VXNlcjEzMDIyMjk2"],"avatar_url":["https://avatars0.githubusercontent.com/u/13022296?v=4"],"gravatar_id":[""],"url":["https://api.github.com/users/zakerby"],"html_url":["https://github.com/zakerby"],"followers_url":["https://api.github.com/users/zakerby/followers"],"following_url":["https://api.github.com/users/zakerby/following{/other_user}"],"gists_url":["https://api.github.com/users/zakerby/gists{/gist_id}"],"starred_url":["https://api.github.com/users/zakerby/starred{/owner}{/repo}"],"subscriptions_url":["https://api.github.com/users/zakerby/subscriptions"],"organizations_url":["https://api.github.com/users/zakerby/orgs"],"repos_url":["https://api.github.com/users/zakerby/repos"],"events_url":["https://api.github.com/users/zakerby/events{/privacy}"],"received_events_url":["https://api.github.com/users/zakerby/received_events"],"type":["User"],"site_admin":[false]}
