{"login":["mahmoudkhalafallah"],"id":[13049002],"node_id":["MDQ6VXNlcjEzMDQ5MDAy"],"avatar_url":["https://avatars1.githubusercontent.com/u/13049002?v=4"],"gravatar_id":[""],"url":["https://api.github.com/users/mahmoudkhalafallah"],"html_url":["https://github.com/mahmoudkhalafallah"],"followers_url":["https://api.github.com/users/mahmoudkhalafallah/followers"],"following_url":["https://api.github.com/users/mahmoudkhalafallah/following{/other_user}"],"gists_url":["https://api.github.com/users/mahmoudkhalafallah/gists{/gist_id}"],"starred_url":["https://api.github.com/users/mahmoudkhalafallah/starred{/owner}{/repo}"],"subscriptions_url":["https://api.github.com/users/mahmoudkhalafallah/subscriptions"],"organizations_url":["https://api.github.com/users/mahmoudkhalafallah/orgs"],"repos_url":["https://api.github.com/users/mahmoudkhalafallah/repos"],"events_url":["https://api.github.com/users/mahmoudkhalafallah/events{/privacy}"],"received_events_url":["https://api.github.com/users/mahmoudkhalafallah/received_events"],"type":["User"],"site_admin":[false]}
