{"login":["RusinovAnton"],"id":[13165540],"node_id":["MDQ6VXNlcjEzMTY1NTQw"],"avatar_url":["https://avatars3.githubusercontent.com/u/13165540?v=4"],"gravatar_id":[""],"url":["https://api.github.com/users/RusinovAnton"],"html_url":["https://github.com/RusinovAnton"],"followers_url":["https://api.github.com/users/RusinovAnton/followers"],"following_url":["https://api.github.com/users/RusinovAnton/following{/other_user}"],"gists_url":["https://api.github.com/users/RusinovAnton/gists{/gist_id}"],"starred_url":["https://api.github.com/users/RusinovAnton/starred{/owner}{/repo}"],"subscriptions_url":["https://api.github.com/users/RusinovAnton/subscriptions"],"organizations_url":["https://api.github.com/users/RusinovAnton/orgs"],"repos_url":["https://api.github.com/users/RusinovAnton/repos"],"events_url":["https://api.github.com/users/RusinovAnton/events{/privacy}"],"received_events_url":["https://api.github.com/users/RusinovAnton/received_events"],"type":["User"],"site_admin":[false]}
