{"login":["DekusDenial"],"id":[1331106],"node_id":["MDQ6VXNlcjEzMzExMDY="],"avatar_url":["https://avatars3.githubusercontent.com/u/1331106?v=4"],"gravatar_id":[""],"url":["https://api.github.com/users/DekusDenial"],"html_url":["https://github.com/DekusDenial"],"followers_url":["https://api.github.com/users/DekusDenial/followers"],"following_url":["https://api.github.com/users/DekusDenial/following{/other_user}"],"gists_url":["https://api.github.com/users/DekusDenial/gists{/gist_id}"],"starred_url":["https://api.github.com/users/DekusDenial/starred{/owner}{/repo}"],"subscriptions_url":["https://api.github.com/users/DekusDenial/subscriptions"],"organizations_url":["https://api.github.com/users/DekusDenial/orgs"],"repos_url":["https://api.github.com/users/DekusDenial/repos"],"events_url":["https://api.github.com/users/DekusDenial/events{/privacy}"],"received_events_url":["https://api.github.com/users/DekusDenial/received_events"],"type":["User"],"site_admin":[false]}
