{"login":["d48"],"id":[1338412],"node_id":["MDQ6VXNlcjEzMzg0MTI="],"avatar_url":["https://avatars2.githubusercontent.com/u/1338412?v=4"],"gravatar_id":[""],"url":["https://api.github.com/users/d48"],"html_url":["https://github.com/d48"],"followers_url":["https://api.github.com/users/d48/followers"],"following_url":["https://api.github.com/users/d48/following{/other_user}"],"gists_url":["https://api.github.com/users/d48/gists{/gist_id}"],"starred_url":["https://api.github.com/users/d48/starred{/owner}{/repo}"],"subscriptions_url":["https://api.github.com/users/d48/subscriptions"],"organizations_url":["https://api.github.com/users/d48/orgs"],"repos_url":["https://api.github.com/users/d48/repos"],"events_url":["https://api.github.com/users/d48/events{/privacy}"],"received_events_url":["https://api.github.com/users/d48/received_events"],"type":["User"],"site_admin":[false]}
