{"login":["taneipoo"],"id":[13461624],"node_id":["MDQ6VXNlcjEzNDYxNjI0"],"avatar_url":["https://avatars1.githubusercontent.com/u/13461624?v=4"],"gravatar_id":[""],"url":["https://api.github.com/users/taneipoo"],"html_url":["https://github.com/taneipoo"],"followers_url":["https://api.github.com/users/taneipoo/followers"],"following_url":["https://api.github.com/users/taneipoo/following{/other_user}"],"gists_url":["https://api.github.com/users/taneipoo/gists{/gist_id}"],"starred_url":["https://api.github.com/users/taneipoo/starred{/owner}{/repo}"],"subscriptions_url":["https://api.github.com/users/taneipoo/subscriptions"],"organizations_url":["https://api.github.com/users/taneipoo/orgs"],"repos_url":["https://api.github.com/users/taneipoo/repos"],"events_url":["https://api.github.com/users/taneipoo/events{/privacy}"],"received_events_url":["https://api.github.com/users/taneipoo/received_events"],"type":["User"],"site_admin":[false]}
