{"login":["cwz8202"],"id":[13491333],"node_id":["MDQ6VXNlcjEzNDkxMzMz"],"avatar_url":["https://avatars2.githubusercontent.com/u/13491333?v=4"],"gravatar_id":[""],"url":["https://api.github.com/users/cwz8202"],"html_url":["https://github.com/cwz8202"],"followers_url":["https://api.github.com/users/cwz8202/followers"],"following_url":["https://api.github.com/users/cwz8202/following{/other_user}"],"gists_url":["https://api.github.com/users/cwz8202/gists{/gist_id}"],"starred_url":["https://api.github.com/users/cwz8202/starred{/owner}{/repo}"],"subscriptions_url":["https://api.github.com/users/cwz8202/subscriptions"],"organizations_url":["https://api.github.com/users/cwz8202/orgs"],"repos_url":["https://api.github.com/users/cwz8202/repos"],"events_url":["https://api.github.com/users/cwz8202/events{/privacy}"],"received_events_url":["https://api.github.com/users/cwz8202/received_events"],"type":["User"],"site_admin":[false]}
