{"login":["vineethawal"],"id":[13637484],"node_id":["MDQ6VXNlcjEzNjM3NDg0"],"avatar_url":["https://avatars3.githubusercontent.com/u/13637484?v=4"],"gravatar_id":[""],"url":["https://api.github.com/users/vineethawal"],"html_url":["https://github.com/vineethawal"],"followers_url":["https://api.github.com/users/vineethawal/followers"],"following_url":["https://api.github.com/users/vineethawal/following{/other_user}"],"gists_url":["https://api.github.com/users/vineethawal/gists{/gist_id}"],"starred_url":["https://api.github.com/users/vineethawal/starred{/owner}{/repo}"],"subscriptions_url":["https://api.github.com/users/vineethawal/subscriptions"],"organizations_url":["https://api.github.com/users/vineethawal/orgs"],"repos_url":["https://api.github.com/users/vineethawal/repos"],"events_url":["https://api.github.com/users/vineethawal/events{/privacy}"],"received_events_url":["https://api.github.com/users/vineethawal/received_events"],"type":["User"],"site_admin":[false]}
