{"login":["outhsics"],"id":[13759377],"node_id":["MDQ6VXNlcjEzNzU5Mzc3"],"avatar_url":["https://avatars2.githubusercontent.com/u/13759377?v=4"],"gravatar_id":[""],"url":["https://api.github.com/users/outhsics"],"html_url":["https://github.com/outhsics"],"followers_url":["https://api.github.com/users/outhsics/followers"],"following_url":["https://api.github.com/users/outhsics/following{/other_user}"],"gists_url":["https://api.github.com/users/outhsics/gists{/gist_id}"],"starred_url":["https://api.github.com/users/outhsics/starred{/owner}{/repo}"],"subscriptions_url":["https://api.github.com/users/outhsics/subscriptions"],"organizations_url":["https://api.github.com/users/outhsics/orgs"],"repos_url":["https://api.github.com/users/outhsics/repos"],"events_url":["https://api.github.com/users/outhsics/events{/privacy}"],"received_events_url":["https://api.github.com/users/outhsics/received_events"],"type":["User"],"site_admin":[false]}
