{"login":["daniellucasss"],"id":[13783376],"node_id":["MDQ6VXNlcjEzNzgzMzc2"],"avatar_url":["https://avatars1.githubusercontent.com/u/13783376?v=4"],"gravatar_id":[""],"url":["https://api.github.com/users/daniellucasss"],"html_url":["https://github.com/daniellucasss"],"followers_url":["https://api.github.com/users/daniellucasss/followers"],"following_url":["https://api.github.com/users/daniellucasss/following{/other_user}"],"gists_url":["https://api.github.com/users/daniellucasss/gists{/gist_id}"],"starred_url":["https://api.github.com/users/daniellucasss/starred{/owner}{/repo}"],"subscriptions_url":["https://api.github.com/users/daniellucasss/subscriptions"],"organizations_url":["https://api.github.com/users/daniellucasss/orgs"],"repos_url":["https://api.github.com/users/daniellucasss/repos"],"events_url":["https://api.github.com/users/daniellucasss/events{/privacy}"],"received_events_url":["https://api.github.com/users/daniellucasss/received_events"],"type":["User"],"site_admin":[false]}
