{"login":["paulmajora"],"id":[13833580],"node_id":["MDQ6VXNlcjEzODMzNTgw"],"avatar_url":["https://avatars2.githubusercontent.com/u/13833580?v=4"],"gravatar_id":[""],"url":["https://api.github.com/users/paulmajora"],"html_url":["https://github.com/paulmajora"],"followers_url":["https://api.github.com/users/paulmajora/followers"],"following_url":["https://api.github.com/users/paulmajora/following{/other_user}"],"gists_url":["https://api.github.com/users/paulmajora/gists{/gist_id}"],"starred_url":["https://api.github.com/users/paulmajora/starred{/owner}{/repo}"],"subscriptions_url":["https://api.github.com/users/paulmajora/subscriptions"],"organizations_url":["https://api.github.com/users/paulmajora/orgs"],"repos_url":["https://api.github.com/users/paulmajora/repos"],"events_url":["https://api.github.com/users/paulmajora/events{/privacy}"],"received_events_url":["https://api.github.com/users/paulmajora/received_events"],"type":["User"],"site_admin":[false]}
