{"login":["vinutah"],"id":[13842986],"node_id":["MDQ6VXNlcjEzODQyOTg2"],"avatar_url":["https://avatars1.githubusercontent.com/u/13842986?v=4"],"gravatar_id":[""],"url":["https://api.github.com/users/vinutah"],"html_url":["https://github.com/vinutah"],"followers_url":["https://api.github.com/users/vinutah/followers"],"following_url":["https://api.github.com/users/vinutah/following{/other_user}"],"gists_url":["https://api.github.com/users/vinutah/gists{/gist_id}"],"starred_url":["https://api.github.com/users/vinutah/starred{/owner}{/repo}"],"subscriptions_url":["https://api.github.com/users/vinutah/subscriptions"],"organizations_url":["https://api.github.com/users/vinutah/orgs"],"repos_url":["https://api.github.com/users/vinutah/repos"],"events_url":["https://api.github.com/users/vinutah/events{/privacy}"],"received_events_url":["https://api.github.com/users/vinutah/received_events"],"type":["User"],"site_admin":[false]}
