{"login":["a-magdy"],"id":[14139855],"node_id":["MDQ6VXNlcjE0MTM5ODU1"],"avatar_url":["https://avatars1.githubusercontent.com/u/14139855?v=4"],"gravatar_id":[""],"url":["https://api.github.com/users/a-magdy"],"html_url":["https://github.com/a-magdy"],"followers_url":["https://api.github.com/users/a-magdy/followers"],"following_url":["https://api.github.com/users/a-magdy/following{/other_user}"],"gists_url":["https://api.github.com/users/a-magdy/gists{/gist_id}"],"starred_url":["https://api.github.com/users/a-magdy/starred{/owner}{/repo}"],"subscriptions_url":["https://api.github.com/users/a-magdy/subscriptions"],"organizations_url":["https://api.github.com/users/a-magdy/orgs"],"repos_url":["https://api.github.com/users/a-magdy/repos"],"events_url":["https://api.github.com/users/a-magdy/events{/privacy}"],"received_events_url":["https://api.github.com/users/a-magdy/received_events"],"type":["User"],"site_admin":[false]}
