{"login":["digideskio"],"id":[14135456],"node_id":["MDQ6VXNlcjE0MTM1NDU2"],"avatar_url":["https://avatars2.githubusercontent.com/u/14135456?v=4"],"gravatar_id":[""],"url":["https://api.github.com/users/digideskio"],"html_url":["https://github.com/digideskio"],"followers_url":["https://api.github.com/users/digideskio/followers"],"following_url":["https://api.github.com/users/digideskio/following{/other_user}"],"gists_url":["https://api.github.com/users/digideskio/gists{/gist_id}"],"starred_url":["https://api.github.com/users/digideskio/starred{/owner}{/repo}"],"subscriptions_url":["https://api.github.com/users/digideskio/subscriptions"],"organizations_url":["https://api.github.com/users/digideskio/orgs"],"repos_url":["https://api.github.com/users/digideskio/repos"],"events_url":["https://api.github.com/users/digideskio/events{/privacy}"],"received_events_url":["https://api.github.com/users/digideskio/received_events"],"type":["User"],"site_admin":[false]}
