{"login":["paladique"],"id":[1414307],"node_id":["MDQ6VXNlcjE0MTQzMDc="],"avatar_url":["https://avatars1.githubusercontent.com/u/1414307?v=4"],"gravatar_id":[""],"url":["https://api.github.com/users/paladique"],"html_url":["https://github.com/paladique"],"followers_url":["https://api.github.com/users/paladique/followers"],"following_url":["https://api.github.com/users/paladique/following{/other_user}"],"gists_url":["https://api.github.com/users/paladique/gists{/gist_id}"],"starred_url":["https://api.github.com/users/paladique/starred{/owner}{/repo}"],"subscriptions_url":["https://api.github.com/users/paladique/subscriptions"],"organizations_url":["https://api.github.com/users/paladique/orgs"],"repos_url":["https://api.github.com/users/paladique/repos"],"events_url":["https://api.github.com/users/paladique/events{/privacy}"],"received_events_url":["https://api.github.com/users/paladique/received_events"],"type":["User"],"site_admin":[false]}
