{"login":["AmarPrabhu"],"id":[1422560],"node_id":["MDQ6VXNlcjE0MjI1NjA="],"avatar_url":["https://avatars0.githubusercontent.com/u/1422560?v=4"],"gravatar_id":[""],"url":["https://api.github.com/users/AmarPrabhu"],"html_url":["https://github.com/AmarPrabhu"],"followers_url":["https://api.github.com/users/AmarPrabhu/followers"],"following_url":["https://api.github.com/users/AmarPrabhu/following{/other_user}"],"gists_url":["https://api.github.com/users/AmarPrabhu/gists{/gist_id}"],"starred_url":["https://api.github.com/users/AmarPrabhu/starred{/owner}{/repo}"],"subscriptions_url":["https://api.github.com/users/AmarPrabhu/subscriptions"],"organizations_url":["https://api.github.com/users/AmarPrabhu/orgs"],"repos_url":["https://api.github.com/users/AmarPrabhu/repos"],"events_url":["https://api.github.com/users/AmarPrabhu/events{/privacy}"],"received_events_url":["https://api.github.com/users/AmarPrabhu/received_events"],"type":["User"],"site_admin":[false]}
