{"login":["kpobococ"],"id":[144050],"node_id":["MDQ6VXNlcjE0NDA1MA=="],"avatar_url":["https://avatars0.githubusercontent.com/u/144050?v=4"],"gravatar_id":[""],"url":["https://api.github.com/users/kpobococ"],"html_url":["https://github.com/kpobococ"],"followers_url":["https://api.github.com/users/kpobococ/followers"],"following_url":["https://api.github.com/users/kpobococ/following{/other_user}"],"gists_url":["https://api.github.com/users/kpobococ/gists{/gist_id}"],"starred_url":["https://api.github.com/users/kpobococ/starred{/owner}{/repo}"],"subscriptions_url":["https://api.github.com/users/kpobococ/subscriptions"],"organizations_url":["https://api.github.com/users/kpobococ/orgs"],"repos_url":["https://api.github.com/users/kpobococ/repos"],"events_url":["https://api.github.com/users/kpobococ/events{/privacy}"],"received_events_url":["https://api.github.com/users/kpobococ/received_events"],"type":["User"],"site_admin":[false]}
