{"login":["nonocast"],"id":[1457904],"node_id":["MDQ6VXNlcjE0NTc5MDQ="],"avatar_url":["https://avatars0.githubusercontent.com/u/1457904?v=4"],"gravatar_id":[""],"url":["https://api.github.com/users/nonocast"],"html_url":["https://github.com/nonocast"],"followers_url":["https://api.github.com/users/nonocast/followers"],"following_url":["https://api.github.com/users/nonocast/following{/other_user}"],"gists_url":["https://api.github.com/users/nonocast/gists{/gist_id}"],"starred_url":["https://api.github.com/users/nonocast/starred{/owner}{/repo}"],"subscriptions_url":["https://api.github.com/users/nonocast/subscriptions"],"organizations_url":["https://api.github.com/users/nonocast/orgs"],"repos_url":["https://api.github.com/users/nonocast/repos"],"events_url":["https://api.github.com/users/nonocast/events{/privacy}"],"received_events_url":["https://api.github.com/users/nonocast/received_events"],"type":["User"],"site_admin":[false]}
