{"login":["frozzare"],"id":[14610],"node_id":["MDQ6VXNlcjE0NjEw"],"avatar_url":["https://avatars0.githubusercontent.com/u/14610?v=4"],"gravatar_id":[""],"url":["https://api.github.com/users/frozzare"],"html_url":["https://github.com/frozzare"],"followers_url":["https://api.github.com/users/frozzare/followers"],"following_url":["https://api.github.com/users/frozzare/following{/other_user}"],"gists_url":["https://api.github.com/users/frozzare/gists{/gist_id}"],"starred_url":["https://api.github.com/users/frozzare/starred{/owner}{/repo}"],"subscriptions_url":["https://api.github.com/users/frozzare/subscriptions"],"organizations_url":["https://api.github.com/users/frozzare/orgs"],"repos_url":["https://api.github.com/users/frozzare/repos"],"events_url":["https://api.github.com/users/frozzare/events{/privacy}"],"received_events_url":["https://api.github.com/users/frozzare/received_events"],"type":["User"],"site_admin":[false]}
