{"login":["adriaanbalt"],"id":[146778],"node_id":["MDQ6VXNlcjE0Njc3OA=="],"avatar_url":["https://avatars1.githubusercontent.com/u/146778?v=4"],"gravatar_id":[""],"url":["https://api.github.com/users/adriaanbalt"],"html_url":["https://github.com/adriaanbalt"],"followers_url":["https://api.github.com/users/adriaanbalt/followers"],"following_url":["https://api.github.com/users/adriaanbalt/following{/other_user}"],"gists_url":["https://api.github.com/users/adriaanbalt/gists{/gist_id}"],"starred_url":["https://api.github.com/users/adriaanbalt/starred{/owner}{/repo}"],"subscriptions_url":["https://api.github.com/users/adriaanbalt/subscriptions"],"organizations_url":["https://api.github.com/users/adriaanbalt/orgs"],"repos_url":["https://api.github.com/users/adriaanbalt/repos"],"events_url":["https://api.github.com/users/adriaanbalt/events{/privacy}"],"received_events_url":["https://api.github.com/users/adriaanbalt/received_events"],"type":["User"],"site_admin":[false]}
