{"login":["Lispre"],"id":[14808551],"node_id":["MDQ6VXNlcjE0ODA4NTUx"],"avatar_url":["https://avatars0.githubusercontent.com/u/14808551?v=4"],"gravatar_id":[""],"url":["https://api.github.com/users/Lispre"],"html_url":["https://github.com/Lispre"],"followers_url":["https://api.github.com/users/Lispre/followers"],"following_url":["https://api.github.com/users/Lispre/following{/other_user}"],"gists_url":["https://api.github.com/users/Lispre/gists{/gist_id}"],"starred_url":["https://api.github.com/users/Lispre/starred{/owner}{/repo}"],"subscriptions_url":["https://api.github.com/users/Lispre/subscriptions"],"organizations_url":["https://api.github.com/users/Lispre/orgs"],"repos_url":["https://api.github.com/users/Lispre/repos"],"events_url":["https://api.github.com/users/Lispre/events{/privacy}"],"received_events_url":["https://api.github.com/users/Lispre/received_events"],"type":["User"],"site_admin":[false]}
