{"login":["nicholasleebateman1981"],"id":[14826137],"node_id":["MDQ6VXNlcjE0ODI2MTM3"],"avatar_url":["https://avatars2.githubusercontent.com/u/14826137?v=4"],"gravatar_id":[""],"url":["https://api.github.com/users/nicholasleebateman1981"],"html_url":["https://github.com/nicholasleebateman1981"],"followers_url":["https://api.github.com/users/nicholasleebateman1981/followers"],"following_url":["https://api.github.com/users/nicholasleebateman1981/following{/other_user}"],"gists_url":["https://api.github.com/users/nicholasleebateman1981/gists{/gist_id}"],"starred_url":["https://api.github.com/users/nicholasleebateman1981/starred{/owner}{/repo}"],"subscriptions_url":["https://api.github.com/users/nicholasleebateman1981/subscriptions"],"organizations_url":["https://api.github.com/users/nicholasleebateman1981/orgs"],"repos_url":["https://api.github.com/users/nicholasleebateman1981/repos"],"events_url":["https://api.github.com/users/nicholasleebateman1981/events{/privacy}"],"received_events_url":["https://api.github.com/users/nicholasleebateman1981/received_events"],"type":["User"],"site_admin":[false]}
