{"login":["shaodahong"],"id":[14831261],"node_id":["MDQ6VXNlcjE0ODMxMjYx"],"avatar_url":["https://avatars2.githubusercontent.com/u/14831261?v=4"],"gravatar_id":[""],"url":["https://api.github.com/users/shaodahong"],"html_url":["https://github.com/shaodahong"],"followers_url":["https://api.github.com/users/shaodahong/followers"],"following_url":["https://api.github.com/users/shaodahong/following{/other_user}"],"gists_url":["https://api.github.com/users/shaodahong/gists{/gist_id}"],"starred_url":["https://api.github.com/users/shaodahong/starred{/owner}{/repo}"],"subscriptions_url":["https://api.github.com/users/shaodahong/subscriptions"],"organizations_url":["https://api.github.com/users/shaodahong/orgs"],"repos_url":["https://api.github.com/users/shaodahong/repos"],"events_url":["https://api.github.com/users/shaodahong/events{/privacy}"],"received_events_url":["https://api.github.com/users/shaodahong/received_events"],"type":["User"],"site_admin":[false]}
