{"login":["PaulMill"],"id":[14846795],"node_id":["MDQ6VXNlcjE0ODQ2Nzk1"],"avatar_url":["https://avatars0.githubusercontent.com/u/14846795?v=4"],"gravatar_id":[""],"url":["https://api.github.com/users/PaulMill"],"html_url":["https://github.com/PaulMill"],"followers_url":["https://api.github.com/users/PaulMill/followers"],"following_url":["https://api.github.com/users/PaulMill/following{/other_user}"],"gists_url":["https://api.github.com/users/PaulMill/gists{/gist_id}"],"starred_url":["https://api.github.com/users/PaulMill/starred{/owner}{/repo}"],"subscriptions_url":["https://api.github.com/users/PaulMill/subscriptions"],"organizations_url":["https://api.github.com/users/PaulMill/orgs"],"repos_url":["https://api.github.com/users/PaulMill/repos"],"events_url":["https://api.github.com/users/PaulMill/events{/privacy}"],"received_events_url":["https://api.github.com/users/PaulMill/received_events"],"type":["User"],"site_admin":[false]}
