{"login":["szah"],"id":[14879691],"node_id":["MDQ6VXNlcjE0ODc5Njkx"],"avatar_url":["https://avatars1.githubusercontent.com/u/14879691?v=4"],"gravatar_id":[""],"url":["https://api.github.com/users/szah"],"html_url":["https://github.com/szah"],"followers_url":["https://api.github.com/users/szah/followers"],"following_url":["https://api.github.com/users/szah/following{/other_user}"],"gists_url":["https://api.github.com/users/szah/gists{/gist_id}"],"starred_url":["https://api.github.com/users/szah/starred{/owner}{/repo}"],"subscriptions_url":["https://api.github.com/users/szah/subscriptions"],"organizations_url":["https://api.github.com/users/szah/orgs"],"repos_url":["https://api.github.com/users/szah/repos"],"events_url":["https://api.github.com/users/szah/events{/privacy}"],"received_events_url":["https://api.github.com/users/szah/received_events"],"type":["User"],"site_admin":[false]}
