{"login":["dobrovolsky"],"id":[14891109],"node_id":["MDQ6VXNlcjE0ODkxMTA5"],"avatar_url":["https://avatars1.githubusercontent.com/u/14891109?v=4"],"gravatar_id":[""],"url":["https://api.github.com/users/dobrovolsky"],"html_url":["https://github.com/dobrovolsky"],"followers_url":["https://api.github.com/users/dobrovolsky/followers"],"following_url":["https://api.github.com/users/dobrovolsky/following{/other_user}"],"gists_url":["https://api.github.com/users/dobrovolsky/gists{/gist_id}"],"starred_url":["https://api.github.com/users/dobrovolsky/starred{/owner}{/repo}"],"subscriptions_url":["https://api.github.com/users/dobrovolsky/subscriptions"],"organizations_url":["https://api.github.com/users/dobrovolsky/orgs"],"repos_url":["https://api.github.com/users/dobrovolsky/repos"],"events_url":["https://api.github.com/users/dobrovolsky/events{/privacy}"],"received_events_url":["https://api.github.com/users/dobrovolsky/received_events"],"type":["User"],"site_admin":[false]}
