{"login":["danny-andrews"],"id":[14965732],"node_id":["MDQ6VXNlcjE0OTY1NzMy"],"avatar_url":["https://avatars1.githubusercontent.com/u/14965732?v=4"],"gravatar_id":[""],"url":["https://api.github.com/users/danny-andrews"],"html_url":["https://github.com/danny-andrews"],"followers_url":["https://api.github.com/users/danny-andrews/followers"],"following_url":["https://api.github.com/users/danny-andrews/following{/other_user}"],"gists_url":["https://api.github.com/users/danny-andrews/gists{/gist_id}"],"starred_url":["https://api.github.com/users/danny-andrews/starred{/owner}{/repo}"],"subscriptions_url":["https://api.github.com/users/danny-andrews/subscriptions"],"organizations_url":["https://api.github.com/users/danny-andrews/orgs"],"repos_url":["https://api.github.com/users/danny-andrews/repos"],"events_url":["https://api.github.com/users/danny-andrews/events{/privacy}"],"received_events_url":["https://api.github.com/users/danny-andrews/received_events"],"type":["User"],"site_admin":[false]}
