{"login":["ctcchan"],"id":[15112279],"node_id":["MDQ6VXNlcjE1MTEyMjc5"],"avatar_url":["https://avatars1.githubusercontent.com/u/15112279?v=4"],"gravatar_id":[""],"url":["https://api.github.com/users/ctcchan"],"html_url":["https://github.com/ctcchan"],"followers_url":["https://api.github.com/users/ctcchan/followers"],"following_url":["https://api.github.com/users/ctcchan/following{/other_user}"],"gists_url":["https://api.github.com/users/ctcchan/gists{/gist_id}"],"starred_url":["https://api.github.com/users/ctcchan/starred{/owner}{/repo}"],"subscriptions_url":["https://api.github.com/users/ctcchan/subscriptions"],"organizations_url":["https://api.github.com/users/ctcchan/orgs"],"repos_url":["https://api.github.com/users/ctcchan/repos"],"events_url":["https://api.github.com/users/ctcchan/events{/privacy}"],"received_events_url":["https://api.github.com/users/ctcchan/received_events"],"type":["User"],"site_admin":[false]}
