{"login":["mbernardoni"],"id":[1518965],"node_id":["MDQ6VXNlcjE1MTg5NjU="],"avatar_url":["https://avatars3.githubusercontent.com/u/1518965?v=4"],"gravatar_id":[""],"url":["https://api.github.com/users/mbernardoni"],"html_url":["https://github.com/mbernardoni"],"followers_url":["https://api.github.com/users/mbernardoni/followers"],"following_url":["https://api.github.com/users/mbernardoni/following{/other_user}"],"gists_url":["https://api.github.com/users/mbernardoni/gists{/gist_id}"],"starred_url":["https://api.github.com/users/mbernardoni/starred{/owner}{/repo}"],"subscriptions_url":["https://api.github.com/users/mbernardoni/subscriptions"],"organizations_url":["https://api.github.com/users/mbernardoni/orgs"],"repos_url":["https://api.github.com/users/mbernardoni/repos"],"events_url":["https://api.github.com/users/mbernardoni/events{/privacy}"],"received_events_url":["https://api.github.com/users/mbernardoni/received_events"],"type":["User"],"site_admin":[false]}
