{"login":["vishwassharma"],"id":[1552900],"node_id":["MDQ6VXNlcjE1NTI5MDA="],"avatar_url":["https://avatars2.githubusercontent.com/u/1552900?v=4"],"gravatar_id":[""],"url":["https://api.github.com/users/vishwassharma"],"html_url":["https://github.com/vishwassharma"],"followers_url":["https://api.github.com/users/vishwassharma/followers"],"following_url":["https://api.github.com/users/vishwassharma/following{/other_user}"],"gists_url":["https://api.github.com/users/vishwassharma/gists{/gist_id}"],"starred_url":["https://api.github.com/users/vishwassharma/starred{/owner}{/repo}"],"subscriptions_url":["https://api.github.com/users/vishwassharma/subscriptions"],"organizations_url":["https://api.github.com/users/vishwassharma/orgs"],"repos_url":["https://api.github.com/users/vishwassharma/repos"],"events_url":["https://api.github.com/users/vishwassharma/events{/privacy}"],"received_events_url":["https://api.github.com/users/vishwassharma/received_events"],"type":["User"],"site_admin":[false]}
