{"login":["hasit"],"id":[1553055],"node_id":["MDQ6VXNlcjE1NTMwNTU="],"avatar_url":["https://avatars0.githubusercontent.com/u/1553055?v=4"],"gravatar_id":[""],"url":["https://api.github.com/users/hasit"],"html_url":["https://github.com/hasit"],"followers_url":["https://api.github.com/users/hasit/followers"],"following_url":["https://api.github.com/users/hasit/following{/other_user}"],"gists_url":["https://api.github.com/users/hasit/gists{/gist_id}"],"starred_url":["https://api.github.com/users/hasit/starred{/owner}{/repo}"],"subscriptions_url":["https://api.github.com/users/hasit/subscriptions"],"organizations_url":["https://api.github.com/users/hasit/orgs"],"repos_url":["https://api.github.com/users/hasit/repos"],"events_url":["https://api.github.com/users/hasit/events{/privacy}"],"received_events_url":["https://api.github.com/users/hasit/received_events"],"type":["User"],"site_admin":[false]}
