{"login":["harshitha-reddy"],"id":[15571495],"node_id":["MDQ6VXNlcjE1NTcxNDk1"],"avatar_url":["https://avatars1.githubusercontent.com/u/15571495?v=4"],"gravatar_id":[""],"url":["https://api.github.com/users/harshitha-reddy"],"html_url":["https://github.com/harshitha-reddy"],"followers_url":["https://api.github.com/users/harshitha-reddy/followers"],"following_url":["https://api.github.com/users/harshitha-reddy/following{/other_user}"],"gists_url":["https://api.github.com/users/harshitha-reddy/gists{/gist_id}"],"starred_url":["https://api.github.com/users/harshitha-reddy/starred{/owner}{/repo}"],"subscriptions_url":["https://api.github.com/users/harshitha-reddy/subscriptions"],"organizations_url":["https://api.github.com/users/harshitha-reddy/orgs"],"repos_url":["https://api.github.com/users/harshitha-reddy/repos"],"events_url":["https://api.github.com/users/harshitha-reddy/events{/privacy}"],"received_events_url":["https://api.github.com/users/harshitha-reddy/received_events"],"type":["User"],"site_admin":[false]}
