{"login":["jahbini"],"id":[1559947],"node_id":["MDQ6VXNlcjE1NTk5NDc="],"avatar_url":["https://avatars2.githubusercontent.com/u/1559947?v=4"],"gravatar_id":[""],"url":["https://api.github.com/users/jahbini"],"html_url":["https://github.com/jahbini"],"followers_url":["https://api.github.com/users/jahbini/followers"],"following_url":["https://api.github.com/users/jahbini/following{/other_user}"],"gists_url":["https://api.github.com/users/jahbini/gists{/gist_id}"],"starred_url":["https://api.github.com/users/jahbini/starred{/owner}{/repo}"],"subscriptions_url":["https://api.github.com/users/jahbini/subscriptions"],"organizations_url":["https://api.github.com/users/jahbini/orgs"],"repos_url":["https://api.github.com/users/jahbini/repos"],"events_url":["https://api.github.com/users/jahbini/events{/privacy}"],"received_events_url":["https://api.github.com/users/jahbini/received_events"],"type":["User"],"site_admin":[false]}
