{"login":["nikoszs"],"id":[1562335],"node_id":["MDQ6VXNlcjE1NjIzMzU="],"avatar_url":["https://avatars3.githubusercontent.com/u/1562335?v=4"],"gravatar_id":[""],"url":["https://api.github.com/users/nikoszs"],"html_url":["https://github.com/nikoszs"],"followers_url":["https://api.github.com/users/nikoszs/followers"],"following_url":["https://api.github.com/users/nikoszs/following{/other_user}"],"gists_url":["https://api.github.com/users/nikoszs/gists{/gist_id}"],"starred_url":["https://api.github.com/users/nikoszs/starred{/owner}{/repo}"],"subscriptions_url":["https://api.github.com/users/nikoszs/subscriptions"],"organizations_url":["https://api.github.com/users/nikoszs/orgs"],"repos_url":["https://api.github.com/users/nikoszs/repos"],"events_url":["https://api.github.com/users/nikoszs/events{/privacy}"],"received_events_url":["https://api.github.com/users/nikoszs/received_events"],"type":["User"],"site_admin":[false]}
