{"login":["florian"],"id":[1564556],"node_id":["MDQ6VXNlcjE1NjQ1NTY="],"avatar_url":["https://avatars3.githubusercontent.com/u/1564556?v=4"],"gravatar_id":[""],"url":["https://api.github.com/users/florian"],"html_url":["https://github.com/florian"],"followers_url":["https://api.github.com/users/florian/followers"],"following_url":["https://api.github.com/users/florian/following{/other_user}"],"gists_url":["https://api.github.com/users/florian/gists{/gist_id}"],"starred_url":["https://api.github.com/users/florian/starred{/owner}{/repo}"],"subscriptions_url":["https://api.github.com/users/florian/subscriptions"],"organizations_url":["https://api.github.com/users/florian/orgs"],"repos_url":["https://api.github.com/users/florian/repos"],"events_url":["https://api.github.com/users/florian/events{/privacy}"],"received_events_url":["https://api.github.com/users/florian/received_events"],"type":["User"],"site_admin":[false]}
