{"login":["p77u4n"],"id":[1572335],"node_id":["MDQ6VXNlcjE1NzIzMzU="],"avatar_url":["https://avatars0.githubusercontent.com/u/1572335?v=4"],"gravatar_id":[""],"url":["https://api.github.com/users/p77u4n"],"html_url":["https://github.com/p77u4n"],"followers_url":["https://api.github.com/users/p77u4n/followers"],"following_url":["https://api.github.com/users/p77u4n/following{/other_user}"],"gists_url":["https://api.github.com/users/p77u4n/gists{/gist_id}"],"starred_url":["https://api.github.com/users/p77u4n/starred{/owner}{/repo}"],"subscriptions_url":["https://api.github.com/users/p77u4n/subscriptions"],"organizations_url":["https://api.github.com/users/p77u4n/orgs"],"repos_url":["https://api.github.com/users/p77u4n/repos"],"events_url":["https://api.github.com/users/p77u4n/events{/privacy}"],"received_events_url":["https://api.github.com/users/p77u4n/received_events"],"type":["User"],"site_admin":[false]}
