{"login":["ZWkang"],"id":[15853907],"node_id":["MDQ6VXNlcjE1ODUzOTA3"],"avatar_url":["https://avatars2.githubusercontent.com/u/15853907?v=4"],"gravatar_id":[""],"url":["https://api.github.com/users/ZWkang"],"html_url":["https://github.com/ZWkang"],"followers_url":["https://api.github.com/users/ZWkang/followers"],"following_url":["https://api.github.com/users/ZWkang/following{/other_user}"],"gists_url":["https://api.github.com/users/ZWkang/gists{/gist_id}"],"starred_url":["https://api.github.com/users/ZWkang/starred{/owner}{/repo}"],"subscriptions_url":["https://api.github.com/users/ZWkang/subscriptions"],"organizations_url":["https://api.github.com/users/ZWkang/orgs"],"repos_url":["https://api.github.com/users/ZWkang/repos"],"events_url":["https://api.github.com/users/ZWkang/events{/privacy}"],"received_events_url":["https://api.github.com/users/ZWkang/received_events"],"type":["User"],"site_admin":[false]}
