{"login":["Devenet"],"id":[1587913],"node_id":["MDQ6VXNlcjE1ODc5MTM="],"avatar_url":["https://avatars0.githubusercontent.com/u/1587913?v=4"],"gravatar_id":[""],"url":["https://api.github.com/users/Devenet"],"html_url":["https://github.com/Devenet"],"followers_url":["https://api.github.com/users/Devenet/followers"],"following_url":["https://api.github.com/users/Devenet/following{/other_user}"],"gists_url":["https://api.github.com/users/Devenet/gists{/gist_id}"],"starred_url":["https://api.github.com/users/Devenet/starred{/owner}{/repo}"],"subscriptions_url":["https://api.github.com/users/Devenet/subscriptions"],"organizations_url":["https://api.github.com/users/Devenet/orgs"],"repos_url":["https://api.github.com/users/Devenet/repos"],"events_url":["https://api.github.com/users/Devenet/events{/privacy}"],"received_events_url":["https://api.github.com/users/Devenet/received_events"],"type":["User"],"site_admin":[false]}
