{"login":["nicolabricot"],"id":[1587933],"node_id":["MDQ6VXNlcjE1ODc5MzM="],"avatar_url":["https://avatars3.githubusercontent.com/u/1587933?v=4"],"gravatar_id":[""],"url":["https://api.github.com/users/nicolabricot"],"html_url":["https://github.com/nicolabricot"],"followers_url":["https://api.github.com/users/nicolabricot/followers"],"following_url":["https://api.github.com/users/nicolabricot/following{/other_user}"],"gists_url":["https://api.github.com/users/nicolabricot/gists{/gist_id}"],"starred_url":["https://api.github.com/users/nicolabricot/starred{/owner}{/repo}"],"subscriptions_url":["https://api.github.com/users/nicolabricot/subscriptions"],"organizations_url":["https://api.github.com/users/nicolabricot/orgs"],"repos_url":["https://api.github.com/users/nicolabricot/repos"],"events_url":["https://api.github.com/users/nicolabricot/events{/privacy}"],"received_events_url":["https://api.github.com/users/nicolabricot/received_events"],"type":["User"],"site_admin":[false]}
