{"login":["airhorns"],"id":[158950],"node_id":["MDQ6VXNlcjE1ODk1MA=="],"avatar_url":["https://avatars3.githubusercontent.com/u/158950?v=4"],"gravatar_id":[""],"url":["https://api.github.com/users/airhorns"],"html_url":["https://github.com/airhorns"],"followers_url":["https://api.github.com/users/airhorns/followers"],"following_url":["https://api.github.com/users/airhorns/following{/other_user}"],"gists_url":["https://api.github.com/users/airhorns/gists{/gist_id}"],"starred_url":["https://api.github.com/users/airhorns/starred{/owner}{/repo}"],"subscriptions_url":["https://api.github.com/users/airhorns/subscriptions"],"organizations_url":["https://api.github.com/users/airhorns/orgs"],"repos_url":["https://api.github.com/users/airhorns/repos"],"events_url":["https://api.github.com/users/airhorns/events{/privacy}"],"received_events_url":["https://api.github.com/users/airhorns/received_events"],"type":["User"],"site_admin":[false]}
