{"login":["Ludaa"],"id":[1591664],"node_id":["MDQ6VXNlcjE1OTE2NjQ="],"avatar_url":["https://avatars1.githubusercontent.com/u/1591664?v=4"],"gravatar_id":[""],"url":["https://api.github.com/users/Ludaa"],"html_url":["https://github.com/Ludaa"],"followers_url":["https://api.github.com/users/Ludaa/followers"],"following_url":["https://api.github.com/users/Ludaa/following{/other_user}"],"gists_url":["https://api.github.com/users/Ludaa/gists{/gist_id}"],"starred_url":["https://api.github.com/users/Ludaa/starred{/owner}{/repo}"],"subscriptions_url":["https://api.github.com/users/Ludaa/subscriptions"],"organizations_url":["https://api.github.com/users/Ludaa/orgs"],"repos_url":["https://api.github.com/users/Ludaa/repos"],"events_url":["https://api.github.com/users/Ludaa/events{/privacy}"],"received_events_url":["https://api.github.com/users/Ludaa/received_events"],"type":["User"],"site_admin":[false]}
