{"login":["love-jam"],"id":[1592818],"node_id":["MDQ6VXNlcjE1OTI4MTg="],"avatar_url":["https://avatars2.githubusercontent.com/u/1592818?v=4"],"gravatar_id":[""],"url":["https://api.github.com/users/love-jam"],"html_url":["https://github.com/love-jam"],"followers_url":["https://api.github.com/users/love-jam/followers"],"following_url":["https://api.github.com/users/love-jam/following{/other_user}"],"gists_url":["https://api.github.com/users/love-jam/gists{/gist_id}"],"starred_url":["https://api.github.com/users/love-jam/starred{/owner}{/repo}"],"subscriptions_url":["https://api.github.com/users/love-jam/subscriptions"],"organizations_url":["https://api.github.com/users/love-jam/orgs"],"repos_url":["https://api.github.com/users/love-jam/repos"],"events_url":["https://api.github.com/users/love-jam/events{/privacy}"],"received_events_url":["https://api.github.com/users/love-jam/received_events"],"type":["User"],"site_admin":[false]}
