{"login":["DamanHanzo"],"id":[15970108],"node_id":["MDQ6VXNlcjE1OTcwMTA4"],"avatar_url":["https://avatars3.githubusercontent.com/u/15970108?v=4"],"gravatar_id":[""],"url":["https://api.github.com/users/DamanHanzo"],"html_url":["https://github.com/DamanHanzo"],"followers_url":["https://api.github.com/users/DamanHanzo/followers"],"following_url":["https://api.github.com/users/DamanHanzo/following{/other_user}"],"gists_url":["https://api.github.com/users/DamanHanzo/gists{/gist_id}"],"starred_url":["https://api.github.com/users/DamanHanzo/starred{/owner}{/repo}"],"subscriptions_url":["https://api.github.com/users/DamanHanzo/subscriptions"],"organizations_url":["https://api.github.com/users/DamanHanzo/orgs"],"repos_url":["https://api.github.com/users/DamanHanzo/repos"],"events_url":["https://api.github.com/users/DamanHanzo/events{/privacy}"],"received_events_url":["https://api.github.com/users/DamanHanzo/received_events"],"type":["User"],"site_admin":[false]}
