{"login":["AliGH"],"id":[1609024],"node_id":["MDQ6VXNlcjE2MDkwMjQ="],"avatar_url":["https://avatars0.githubusercontent.com/u/1609024?v=4"],"gravatar_id":[""],"url":["https://api.github.com/users/AliGH"],"html_url":["https://github.com/AliGH"],"followers_url":["https://api.github.com/users/AliGH/followers"],"following_url":["https://api.github.com/users/AliGH/following{/other_user}"],"gists_url":["https://api.github.com/users/AliGH/gists{/gist_id}"],"starred_url":["https://api.github.com/users/AliGH/starred{/owner}{/repo}"],"subscriptions_url":["https://api.github.com/users/AliGH/subscriptions"],"organizations_url":["https://api.github.com/users/AliGH/orgs"],"repos_url":["https://api.github.com/users/AliGH/repos"],"events_url":["https://api.github.com/users/AliGH/events{/privacy}"],"received_events_url":["https://api.github.com/users/AliGH/received_events"],"type":["User"],"site_admin":[false]}
