{"login":["mashaaks"],"id":[16099985],"node_id":["MDQ6VXNlcjE2MDk5OTg1"],"avatar_url":["https://avatars2.githubusercontent.com/u/16099985?v=4"],"gravatar_id":[""],"url":["https://api.github.com/users/mashaaks"],"html_url":["https://github.com/mashaaks"],"followers_url":["https://api.github.com/users/mashaaks/followers"],"following_url":["https://api.github.com/users/mashaaks/following{/other_user}"],"gists_url":["https://api.github.com/users/mashaaks/gists{/gist_id}"],"starred_url":["https://api.github.com/users/mashaaks/starred{/owner}{/repo}"],"subscriptions_url":["https://api.github.com/users/mashaaks/subscriptions"],"organizations_url":["https://api.github.com/users/mashaaks/orgs"],"repos_url":["https://api.github.com/users/mashaaks/repos"],"events_url":["https://api.github.com/users/mashaaks/events{/privacy}"],"received_events_url":["https://api.github.com/users/mashaaks/received_events"],"type":["User"],"site_admin":[false]}
