{"login":["seeking"],"id":[1610697],"node_id":["MDQ6VXNlcjE2MTA2OTc="],"avatar_url":["https://avatars1.githubusercontent.com/u/1610697?v=4"],"gravatar_id":[""],"url":["https://api.github.com/users/seeking"],"html_url":["https://github.com/seeking"],"followers_url":["https://api.github.com/users/seeking/followers"],"following_url":["https://api.github.com/users/seeking/following{/other_user}"],"gists_url":["https://api.github.com/users/seeking/gists{/gist_id}"],"starred_url":["https://api.github.com/users/seeking/starred{/owner}{/repo}"],"subscriptions_url":["https://api.github.com/users/seeking/subscriptions"],"organizations_url":["https://api.github.com/users/seeking/orgs"],"repos_url":["https://api.github.com/users/seeking/repos"],"events_url":["https://api.github.com/users/seeking/events{/privacy}"],"received_events_url":["https://api.github.com/users/seeking/received_events"],"type":["User"],"site_admin":[false]}
