{"login":["slobachev"],"id":[16157978],"node_id":["MDQ6VXNlcjE2MTU3OTc4"],"avatar_url":["https://avatars2.githubusercontent.com/u/16157978?v=4"],"gravatar_id":[""],"url":["https://api.github.com/users/slobachev"],"html_url":["https://github.com/slobachev"],"followers_url":["https://api.github.com/users/slobachev/followers"],"following_url":["https://api.github.com/users/slobachev/following{/other_user}"],"gists_url":["https://api.github.com/users/slobachev/gists{/gist_id}"],"starred_url":["https://api.github.com/users/slobachev/starred{/owner}{/repo}"],"subscriptions_url":["https://api.github.com/users/slobachev/subscriptions"],"organizations_url":["https://api.github.com/users/slobachev/orgs"],"repos_url":["https://api.github.com/users/slobachev/repos"],"events_url":["https://api.github.com/users/slobachev/events{/privacy}"],"received_events_url":["https://api.github.com/users/slobachev/received_events"],"type":["User"],"site_admin":[false]}
