{"login":["yuezheng2006"],"id":[16177642],"node_id":["MDQ6VXNlcjE2MTc3NjQy"],"avatar_url":["https://avatars2.githubusercontent.com/u/16177642?v=4"],"gravatar_id":[""],"url":["https://api.github.com/users/yuezheng2006"],"html_url":["https://github.com/yuezheng2006"],"followers_url":["https://api.github.com/users/yuezheng2006/followers"],"following_url":["https://api.github.com/users/yuezheng2006/following{/other_user}"],"gists_url":["https://api.github.com/users/yuezheng2006/gists{/gist_id}"],"starred_url":["https://api.github.com/users/yuezheng2006/starred{/owner}{/repo}"],"subscriptions_url":["https://api.github.com/users/yuezheng2006/subscriptions"],"organizations_url":["https://api.github.com/users/yuezheng2006/orgs"],"repos_url":["https://api.github.com/users/yuezheng2006/repos"],"events_url":["https://api.github.com/users/yuezheng2006/events{/privacy}"],"received_events_url":["https://api.github.com/users/yuezheng2006/received_events"],"type":["User"],"site_admin":[false]}
