{"login":["jgmize"],"id":[161718],"node_id":["MDQ6VXNlcjE2MTcxOA=="],"avatar_url":["https://avatars3.githubusercontent.com/u/161718?v=4"],"gravatar_id":[""],"url":["https://api.github.com/users/jgmize"],"html_url":["https://github.com/jgmize"],"followers_url":["https://api.github.com/users/jgmize/followers"],"following_url":["https://api.github.com/users/jgmize/following{/other_user}"],"gists_url":["https://api.github.com/users/jgmize/gists{/gist_id}"],"starred_url":["https://api.github.com/users/jgmize/starred{/owner}{/repo}"],"subscriptions_url":["https://api.github.com/users/jgmize/subscriptions"],"organizations_url":["https://api.github.com/users/jgmize/orgs"],"repos_url":["https://api.github.com/users/jgmize/repos"],"events_url":["https://api.github.com/users/jgmize/events{/privacy}"],"received_events_url":["https://api.github.com/users/jgmize/received_events"],"type":["User"],"site_admin":[false]}
