{"login":["gilnak"],"id":[1638094],"node_id":["MDQ6VXNlcjE2MzgwOTQ="],"avatar_url":["https://avatars0.githubusercontent.com/u/1638094?v=4"],"gravatar_id":[""],"url":["https://api.github.com/users/gilnak"],"html_url":["https://github.com/gilnak"],"followers_url":["https://api.github.com/users/gilnak/followers"],"following_url":["https://api.github.com/users/gilnak/following{/other_user}"],"gists_url":["https://api.github.com/users/gilnak/gists{/gist_id}"],"starred_url":["https://api.github.com/users/gilnak/starred{/owner}{/repo}"],"subscriptions_url":["https://api.github.com/users/gilnak/subscriptions"],"organizations_url":["https://api.github.com/users/gilnak/orgs"],"repos_url":["https://api.github.com/users/gilnak/repos"],"events_url":["https://api.github.com/users/gilnak/events{/privacy}"],"received_events_url":["https://api.github.com/users/gilnak/received_events"],"type":["User"],"site_admin":[false]}
