{"login":["valzevul"],"id":[1641159],"node_id":["MDQ6VXNlcjE2NDExNTk="],"avatar_url":["https://avatars0.githubusercontent.com/u/1641159?v=4"],"gravatar_id":[""],"url":["https://api.github.com/users/valzevul"],"html_url":["https://github.com/valzevul"],"followers_url":["https://api.github.com/users/valzevul/followers"],"following_url":["https://api.github.com/users/valzevul/following{/other_user}"],"gists_url":["https://api.github.com/users/valzevul/gists{/gist_id}"],"starred_url":["https://api.github.com/users/valzevul/starred{/owner}{/repo}"],"subscriptions_url":["https://api.github.com/users/valzevul/subscriptions"],"organizations_url":["https://api.github.com/users/valzevul/orgs"],"repos_url":["https://api.github.com/users/valzevul/repos"],"events_url":["https://api.github.com/users/valzevul/events{/privacy}"],"received_events_url":["https://api.github.com/users/valzevul/received_events"],"type":["User"],"site_admin":[false]}
