{"login":["saas786"],"id":[1642796],"node_id":["MDQ6VXNlcjE2NDI3OTY="],"avatar_url":["https://avatars3.githubusercontent.com/u/1642796?v=4"],"gravatar_id":[""],"url":["https://api.github.com/users/saas786"],"html_url":["https://github.com/saas786"],"followers_url":["https://api.github.com/users/saas786/followers"],"following_url":["https://api.github.com/users/saas786/following{/other_user}"],"gists_url":["https://api.github.com/users/saas786/gists{/gist_id}"],"starred_url":["https://api.github.com/users/saas786/starred{/owner}{/repo}"],"subscriptions_url":["https://api.github.com/users/saas786/subscriptions"],"organizations_url":["https://api.github.com/users/saas786/orgs"],"repos_url":["https://api.github.com/users/saas786/repos"],"events_url":["https://api.github.com/users/saas786/events{/privacy}"],"received_events_url":["https://api.github.com/users/saas786/received_events"],"type":["User"],"site_admin":[false]}
