{"login":["sygops"],"id":[16489082],"node_id":["MDQ6VXNlcjE2NDg5MDgy"],"avatar_url":["https://avatars0.githubusercontent.com/u/16489082?v=4"],"gravatar_id":[""],"url":["https://api.github.com/users/sygops"],"html_url":["https://github.com/sygops"],"followers_url":["https://api.github.com/users/sygops/followers"],"following_url":["https://api.github.com/users/sygops/following{/other_user}"],"gists_url":["https://api.github.com/users/sygops/gists{/gist_id}"],"starred_url":["https://api.github.com/users/sygops/starred{/owner}{/repo}"],"subscriptions_url":["https://api.github.com/users/sygops/subscriptions"],"organizations_url":["https://api.github.com/users/sygops/orgs"],"repos_url":["https://api.github.com/users/sygops/repos"],"events_url":["https://api.github.com/users/sygops/events{/privacy}"],"received_events_url":["https://api.github.com/users/sygops/received_events"],"type":["User"],"site_admin":[false]}
