{"login":["ziyasal"],"id":[1651945],"node_id":["MDQ6VXNlcjE2NTE5NDU="],"avatar_url":["https://avatars0.githubusercontent.com/u/1651945?v=4"],"gravatar_id":[""],"url":["https://api.github.com/users/ziyasal"],"html_url":["https://github.com/ziyasal"],"followers_url":["https://api.github.com/users/ziyasal/followers"],"following_url":["https://api.github.com/users/ziyasal/following{/other_user}"],"gists_url":["https://api.github.com/users/ziyasal/gists{/gist_id}"],"starred_url":["https://api.github.com/users/ziyasal/starred{/owner}{/repo}"],"subscriptions_url":["https://api.github.com/users/ziyasal/subscriptions"],"organizations_url":["https://api.github.com/users/ziyasal/orgs"],"repos_url":["https://api.github.com/users/ziyasal/repos"],"events_url":["https://api.github.com/users/ziyasal/events{/privacy}"],"received_events_url":["https://api.github.com/users/ziyasal/received_events"],"type":["User"],"site_admin":[false]}
