{"login":["leungwensen"],"id":[1655789],"node_id":["MDQ6VXNlcjE2NTU3ODk="],"avatar_url":["https://avatars1.githubusercontent.com/u/1655789?v=4"],"gravatar_id":[""],"url":["https://api.github.com/users/leungwensen"],"html_url":["https://github.com/leungwensen"],"followers_url":["https://api.github.com/users/leungwensen/followers"],"following_url":["https://api.github.com/users/leungwensen/following{/other_user}"],"gists_url":["https://api.github.com/users/leungwensen/gists{/gist_id}"],"starred_url":["https://api.github.com/users/leungwensen/starred{/owner}{/repo}"],"subscriptions_url":["https://api.github.com/users/leungwensen/subscriptions"],"organizations_url":["https://api.github.com/users/leungwensen/orgs"],"repos_url":["https://api.github.com/users/leungwensen/repos"],"events_url":["https://api.github.com/users/leungwensen/events{/privacy}"],"received_events_url":["https://api.github.com/users/leungwensen/received_events"],"type":["User"],"site_admin":[false]}
