{"login":["xuhong"],"id":[1656327],"node_id":["MDQ6VXNlcjE2NTYzMjc="],"avatar_url":["https://avatars2.githubusercontent.com/u/1656327?v=4"],"gravatar_id":[""],"url":["https://api.github.com/users/xuhong"],"html_url":["https://github.com/xuhong"],"followers_url":["https://api.github.com/users/xuhong/followers"],"following_url":["https://api.github.com/users/xuhong/following{/other_user}"],"gists_url":["https://api.github.com/users/xuhong/gists{/gist_id}"],"starred_url":["https://api.github.com/users/xuhong/starred{/owner}{/repo}"],"subscriptions_url":["https://api.github.com/users/xuhong/subscriptions"],"organizations_url":["https://api.github.com/users/xuhong/orgs"],"repos_url":["https://api.github.com/users/xuhong/repos"],"events_url":["https://api.github.com/users/xuhong/events{/privacy}"],"received_events_url":["https://api.github.com/users/xuhong/received_events"],"type":["User"],"site_admin":[false]}
