{"login":["egasimus"],"id":[1656054],"node_id":["MDQ6VXNlcjE2NTYwNTQ="],"avatar_url":["https://avatars3.githubusercontent.com/u/1656054?v=4"],"gravatar_id":[""],"url":["https://api.github.com/users/egasimus"],"html_url":["https://github.com/egasimus"],"followers_url":["https://api.github.com/users/egasimus/followers"],"following_url":["https://api.github.com/users/egasimus/following{/other_user}"],"gists_url":["https://api.github.com/users/egasimus/gists{/gist_id}"],"starred_url":["https://api.github.com/users/egasimus/starred{/owner}{/repo}"],"subscriptions_url":["https://api.github.com/users/egasimus/subscriptions"],"organizations_url":["https://api.github.com/users/egasimus/orgs"],"repos_url":["https://api.github.com/users/egasimus/repos"],"events_url":["https://api.github.com/users/egasimus/events{/privacy}"],"received_events_url":["https://api.github.com/users/egasimus/received_events"],"type":["User"],"site_admin":[false]}
