{"login":["riyasmohamedmr"],"id":[16667537],"node_id":["MDQ6VXNlcjE2NjY3NTM3"],"avatar_url":["https://avatars1.githubusercontent.com/u/16667537?v=4"],"gravatar_id":[""],"url":["https://api.github.com/users/riyasmohamedmr"],"html_url":["https://github.com/riyasmohamedmr"],"followers_url":["https://api.github.com/users/riyasmohamedmr/followers"],"following_url":["https://api.github.com/users/riyasmohamedmr/following{/other_user}"],"gists_url":["https://api.github.com/users/riyasmohamedmr/gists{/gist_id}"],"starred_url":["https://api.github.com/users/riyasmohamedmr/starred{/owner}{/repo}"],"subscriptions_url":["https://api.github.com/users/riyasmohamedmr/subscriptions"],"organizations_url":["https://api.github.com/users/riyasmohamedmr/orgs"],"repos_url":["https://api.github.com/users/riyasmohamedmr/repos"],"events_url":["https://api.github.com/users/riyasmohamedmr/events{/privacy}"],"received_events_url":["https://api.github.com/users/riyasmohamedmr/received_events"],"type":["User"],"site_admin":[false]}
