{"login":["shanewilson"],"id":[167161],"node_id":["MDQ6VXNlcjE2NzE2MQ=="],"avatar_url":["https://avatars3.githubusercontent.com/u/167161?v=4"],"gravatar_id":[""],"url":["https://api.github.com/users/shanewilson"],"html_url":["https://github.com/shanewilson"],"followers_url":["https://api.github.com/users/shanewilson/followers"],"following_url":["https://api.github.com/users/shanewilson/following{/other_user}"],"gists_url":["https://api.github.com/users/shanewilson/gists{/gist_id}"],"starred_url":["https://api.github.com/users/shanewilson/starred{/owner}{/repo}"],"subscriptions_url":["https://api.github.com/users/shanewilson/subscriptions"],"organizations_url":["https://api.github.com/users/shanewilson/orgs"],"repos_url":["https://api.github.com/users/shanewilson/repos"],"events_url":["https://api.github.com/users/shanewilson/events{/privacy}"],"received_events_url":["https://api.github.com/users/shanewilson/received_events"],"type":["User"],"site_admin":[false]}
