{"login":["NaixSpirit"],"id":[1676616],"node_id":["MDQ6VXNlcjE2NzY2MTY="],"avatar_url":["https://avatars1.githubusercontent.com/u/1676616?v=4"],"gravatar_id":[""],"url":["https://api.github.com/users/NaixSpirit"],"html_url":["https://github.com/NaixSpirit"],"followers_url":["https://api.github.com/users/NaixSpirit/followers"],"following_url":["https://api.github.com/users/NaixSpirit/following{/other_user}"],"gists_url":["https://api.github.com/users/NaixSpirit/gists{/gist_id}"],"starred_url":["https://api.github.com/users/NaixSpirit/starred{/owner}{/repo}"],"subscriptions_url":["https://api.github.com/users/NaixSpirit/subscriptions"],"organizations_url":["https://api.github.com/users/NaixSpirit/orgs"],"repos_url":["https://api.github.com/users/NaixSpirit/repos"],"events_url":["https://api.github.com/users/NaixSpirit/events{/privacy}"],"received_events_url":["https://api.github.com/users/NaixSpirit/received_events"],"type":["User"],"site_admin":[false]}
