{"login":["mitchflorida"],"id":[167971],"node_id":["MDQ6VXNlcjE2Nzk3MQ=="],"avatar_url":["https://avatars1.githubusercontent.com/u/167971?v=4"],"gravatar_id":[""],"url":["https://api.github.com/users/mitchflorida"],"html_url":["https://github.com/mitchflorida"],"followers_url":["https://api.github.com/users/mitchflorida/followers"],"following_url":["https://api.github.com/users/mitchflorida/following{/other_user}"],"gists_url":["https://api.github.com/users/mitchflorida/gists{/gist_id}"],"starred_url":["https://api.github.com/users/mitchflorida/starred{/owner}{/repo}"],"subscriptions_url":["https://api.github.com/users/mitchflorida/subscriptions"],"organizations_url":["https://api.github.com/users/mitchflorida/orgs"],"repos_url":["https://api.github.com/users/mitchflorida/repos"],"events_url":["https://api.github.com/users/mitchflorida/events{/privacy}"],"received_events_url":["https://api.github.com/users/mitchflorida/received_events"],"type":["User"],"site_admin":[false]}
