{"login":["denysovkos"],"id":[16822145],"node_id":["MDQ6VXNlcjE2ODIyMTQ1"],"avatar_url":["https://avatars1.githubusercontent.com/u/16822145?v=4"],"gravatar_id":[""],"url":["https://api.github.com/users/denysovkos"],"html_url":["https://github.com/denysovkos"],"followers_url":["https://api.github.com/users/denysovkos/followers"],"following_url":["https://api.github.com/users/denysovkos/following{/other_user}"],"gists_url":["https://api.github.com/users/denysovkos/gists{/gist_id}"],"starred_url":["https://api.github.com/users/denysovkos/starred{/owner}{/repo}"],"subscriptions_url":["https://api.github.com/users/denysovkos/subscriptions"],"organizations_url":["https://api.github.com/users/denysovkos/orgs"],"repos_url":["https://api.github.com/users/denysovkos/repos"],"events_url":["https://api.github.com/users/denysovkos/events{/privacy}"],"received_events_url":["https://api.github.com/users/denysovkos/received_events"],"type":["User"],"site_admin":[false]}
