{"login":["miguelmota"],"id":[168240],"node_id":["MDQ6VXNlcjE2ODI0MA=="],"avatar_url":["https://avatars1.githubusercontent.com/u/168240?v=4"],"gravatar_id":[""],"url":["https://api.github.com/users/miguelmota"],"html_url":["https://github.com/miguelmota"],"followers_url":["https://api.github.com/users/miguelmota/followers"],"following_url":["https://api.github.com/users/miguelmota/following{/other_user}"],"gists_url":["https://api.github.com/users/miguelmota/gists{/gist_id}"],"starred_url":["https://api.github.com/users/miguelmota/starred{/owner}{/repo}"],"subscriptions_url":["https://api.github.com/users/miguelmota/subscriptions"],"organizations_url":["https://api.github.com/users/miguelmota/orgs"],"repos_url":["https://api.github.com/users/miguelmota/repos"],"events_url":["https://api.github.com/users/miguelmota/events{/privacy}"],"received_events_url":["https://api.github.com/users/miguelmota/received_events"],"type":["User"],"site_admin":[false]}
