{"login":["Uucyc"],"id":[16896192],"node_id":["MDQ6VXNlcjE2ODk2MTky"],"avatar_url":["https://avatars0.githubusercontent.com/u/16896192?v=4"],"gravatar_id":[""],"url":["https://api.github.com/users/Uucyc"],"html_url":["https://github.com/Uucyc"],"followers_url":["https://api.github.com/users/Uucyc/followers"],"following_url":["https://api.github.com/users/Uucyc/following{/other_user}"],"gists_url":["https://api.github.com/users/Uucyc/gists{/gist_id}"],"starred_url":["https://api.github.com/users/Uucyc/starred{/owner}{/repo}"],"subscriptions_url":["https://api.github.com/users/Uucyc/subscriptions"],"organizations_url":["https://api.github.com/users/Uucyc/orgs"],"repos_url":["https://api.github.com/users/Uucyc/repos"],"events_url":["https://api.github.com/users/Uucyc/events{/privacy}"],"received_events_url":["https://api.github.com/users/Uucyc/received_events"],"type":["User"],"site_admin":[false]}
