{"login":["ppwfx"],"id":[17232576],"node_id":["MDQ6VXNlcjE3MjMyNTc2"],"avatar_url":["https://avatars2.githubusercontent.com/u/17232576?v=4"],"gravatar_id":[""],"url":["https://api.github.com/users/ppwfx"],"html_url":["https://github.com/ppwfx"],"followers_url":["https://api.github.com/users/ppwfx/followers"],"following_url":["https://api.github.com/users/ppwfx/following{/other_user}"],"gists_url":["https://api.github.com/users/ppwfx/gists{/gist_id}"],"starred_url":["https://api.github.com/users/ppwfx/starred{/owner}{/repo}"],"subscriptions_url":["https://api.github.com/users/ppwfx/subscriptions"],"organizations_url":["https://api.github.com/users/ppwfx/orgs"],"repos_url":["https://api.github.com/users/ppwfx/repos"],"events_url":["https://api.github.com/users/ppwfx/events{/privacy}"],"received_events_url":["https://api.github.com/users/ppwfx/received_events"],"type":["User"],"site_admin":[false]}
