{"login":["nxbdi"],"id":[1738400],"node_id":["MDQ6VXNlcjE3Mzg0MDA="],"avatar_url":["https://avatars1.githubusercontent.com/u/1738400?v=4"],"gravatar_id":[""],"url":["https://api.github.com/users/nxbdi"],"html_url":["https://github.com/nxbdi"],"followers_url":["https://api.github.com/users/nxbdi/followers"],"following_url":["https://api.github.com/users/nxbdi/following{/other_user}"],"gists_url":["https://api.github.com/users/nxbdi/gists{/gist_id}"],"starred_url":["https://api.github.com/users/nxbdi/starred{/owner}{/repo}"],"subscriptions_url":["https://api.github.com/users/nxbdi/subscriptions"],"organizations_url":["https://api.github.com/users/nxbdi/orgs"],"repos_url":["https://api.github.com/users/nxbdi/repos"],"events_url":["https://api.github.com/users/nxbdi/events{/privacy}"],"received_events_url":["https://api.github.com/users/nxbdi/received_events"],"type":["User"],"site_admin":[false]}
