{"login":["egopher"],"id":[1738270],"node_id":["MDQ6VXNlcjE3MzgyNzA="],"avatar_url":["https://avatars3.githubusercontent.com/u/1738270?v=4"],"gravatar_id":[""],"url":["https://api.github.com/users/egopher"],"html_url":["https://github.com/egopher"],"followers_url":["https://api.github.com/users/egopher/followers"],"following_url":["https://api.github.com/users/egopher/following{/other_user}"],"gists_url":["https://api.github.com/users/egopher/gists{/gist_id}"],"starred_url":["https://api.github.com/users/egopher/starred{/owner}{/repo}"],"subscriptions_url":["https://api.github.com/users/egopher/subscriptions"],"organizations_url":["https://api.github.com/users/egopher/orgs"],"repos_url":["https://api.github.com/users/egopher/repos"],"events_url":["https://api.github.com/users/egopher/events{/privacy}"],"received_events_url":["https://api.github.com/users/egopher/received_events"],"type":["User"],"site_admin":[false]}
