{"login":["iArnaud"],"id":[173928],"node_id":["MDQ6VXNlcjE3MzkyOA=="],"avatar_url":["https://avatars2.githubusercontent.com/u/173928?v=4"],"gravatar_id":[""],"url":["https://api.github.com/users/iArnaud"],"html_url":["https://github.com/iArnaud"],"followers_url":["https://api.github.com/users/iArnaud/followers"],"following_url":["https://api.github.com/users/iArnaud/following{/other_user}"],"gists_url":["https://api.github.com/users/iArnaud/gists{/gist_id}"],"starred_url":["https://api.github.com/users/iArnaud/starred{/owner}{/repo}"],"subscriptions_url":["https://api.github.com/users/iArnaud/subscriptions"],"organizations_url":["https://api.github.com/users/iArnaud/orgs"],"repos_url":["https://api.github.com/users/iArnaud/repos"],"events_url":["https://api.github.com/users/iArnaud/events{/privacy}"],"received_events_url":["https://api.github.com/users/iArnaud/received_events"],"type":["User"],"site_admin":[false]}
