{"login":["Fluen"],"id":[17447617],"node_id":["MDQ6VXNlcjE3NDQ3NjE3"],"avatar_url":["https://avatars0.githubusercontent.com/u/17447617?v=4"],"gravatar_id":[""],"url":["https://api.github.com/users/Fluen"],"html_url":["https://github.com/Fluen"],"followers_url":["https://api.github.com/users/Fluen/followers"],"following_url":["https://api.github.com/users/Fluen/following{/other_user}"],"gists_url":["https://api.github.com/users/Fluen/gists{/gist_id}"],"starred_url":["https://api.github.com/users/Fluen/starred{/owner}{/repo}"],"subscriptions_url":["https://api.github.com/users/Fluen/subscriptions"],"organizations_url":["https://api.github.com/users/Fluen/orgs"],"repos_url":["https://api.github.com/users/Fluen/repos"],"events_url":["https://api.github.com/users/Fluen/events{/privacy}"],"received_events_url":["https://api.github.com/users/Fluen/received_events"],"type":["User"],"site_admin":[false]}
