{"login":["snowblindroan"],"id":[1746394],"node_id":["MDQ6VXNlcjE3NDYzOTQ="],"avatar_url":["https://avatars0.githubusercontent.com/u/1746394?v=4"],"gravatar_id":[""],"url":["https://api.github.com/users/snowblindroan"],"html_url":["https://github.com/snowblindroan"],"followers_url":["https://api.github.com/users/snowblindroan/followers"],"following_url":["https://api.github.com/users/snowblindroan/following{/other_user}"],"gists_url":["https://api.github.com/users/snowblindroan/gists{/gist_id}"],"starred_url":["https://api.github.com/users/snowblindroan/starred{/owner}{/repo}"],"subscriptions_url":["https://api.github.com/users/snowblindroan/subscriptions"],"organizations_url":["https://api.github.com/users/snowblindroan/orgs"],"repos_url":["https://api.github.com/users/snowblindroan/repos"],"events_url":["https://api.github.com/users/snowblindroan/events{/privacy}"],"received_events_url":["https://api.github.com/users/snowblindroan/received_events"],"type":["User"],"site_admin":[false]}
