{"login":["Omar-Alnoman"],"id":[1749666],"node_id":["MDQ6VXNlcjE3NDk2NjY="],"avatar_url":["https://avatars2.githubusercontent.com/u/1749666?v=4"],"gravatar_id":[""],"url":["https://api.github.com/users/Omar-Alnoman"],"html_url":["https://github.com/Omar-Alnoman"],"followers_url":["https://api.github.com/users/Omar-Alnoman/followers"],"following_url":["https://api.github.com/users/Omar-Alnoman/following{/other_user}"],"gists_url":["https://api.github.com/users/Omar-Alnoman/gists{/gist_id}"],"starred_url":["https://api.github.com/users/Omar-Alnoman/starred{/owner}{/repo}"],"subscriptions_url":["https://api.github.com/users/Omar-Alnoman/subscriptions"],"organizations_url":["https://api.github.com/users/Omar-Alnoman/orgs"],"repos_url":["https://api.github.com/users/Omar-Alnoman/repos"],"events_url":["https://api.github.com/users/Omar-Alnoman/events{/privacy}"],"received_events_url":["https://api.github.com/users/Omar-Alnoman/received_events"],"type":["User"],"site_admin":[false]}
