{"login":["gurdasnijor"],"id":[1755404],"node_id":["MDQ6VXNlcjE3NTU0MDQ="],"avatar_url":["https://avatars2.githubusercontent.com/u/1755404?v=4"],"gravatar_id":[""],"url":["https://api.github.com/users/gurdasnijor"],"html_url":["https://github.com/gurdasnijor"],"followers_url":["https://api.github.com/users/gurdasnijor/followers"],"following_url":["https://api.github.com/users/gurdasnijor/following{/other_user}"],"gists_url":["https://api.github.com/users/gurdasnijor/gists{/gist_id}"],"starred_url":["https://api.github.com/users/gurdasnijor/starred{/owner}{/repo}"],"subscriptions_url":["https://api.github.com/users/gurdasnijor/subscriptions"],"organizations_url":["https://api.github.com/users/gurdasnijor/orgs"],"repos_url":["https://api.github.com/users/gurdasnijor/repos"],"events_url":["https://api.github.com/users/gurdasnijor/events{/privacy}"],"received_events_url":["https://api.github.com/users/gurdasnijor/received_events"],"type":["User"],"site_admin":[false]}
