{"login":["Cristianollopes"],"id":[17912545],"node_id":["MDQ6VXNlcjE3OTEyNTQ1"],"avatar_url":["https://avatars1.githubusercontent.com/u/17912545?v=4"],"gravatar_id":[""],"url":["https://api.github.com/users/Cristianollopes"],"html_url":["https://github.com/Cristianollopes"],"followers_url":["https://api.github.com/users/Cristianollopes/followers"],"following_url":["https://api.github.com/users/Cristianollopes/following{/other_user}"],"gists_url":["https://api.github.com/users/Cristianollopes/gists{/gist_id}"],"starred_url":["https://api.github.com/users/Cristianollopes/starred{/owner}{/repo}"],"subscriptions_url":["https://api.github.com/users/Cristianollopes/subscriptions"],"organizations_url":["https://api.github.com/users/Cristianollopes/orgs"],"repos_url":["https://api.github.com/users/Cristianollopes/repos"],"events_url":["https://api.github.com/users/Cristianollopes/events{/privacy}"],"received_events_url":["https://api.github.com/users/Cristianollopes/received_events"],"type":["User"],"site_admin":[false]}
