{"login":["happyesthete"],"id":[17937997],"node_id":["MDQ6VXNlcjE3OTM3OTk3"],"avatar_url":["https://avatars1.githubusercontent.com/u/17937997?v=4"],"gravatar_id":[""],"url":["https://api.github.com/users/happyesthete"],"html_url":["https://github.com/happyesthete"],"followers_url":["https://api.github.com/users/happyesthete/followers"],"following_url":["https://api.github.com/users/happyesthete/following{/other_user}"],"gists_url":["https://api.github.com/users/happyesthete/gists{/gist_id}"],"starred_url":["https://api.github.com/users/happyesthete/starred{/owner}{/repo}"],"subscriptions_url":["https://api.github.com/users/happyesthete/subscriptions"],"organizations_url":["https://api.github.com/users/happyesthete/orgs"],"repos_url":["https://api.github.com/users/happyesthete/repos"],"events_url":["https://api.github.com/users/happyesthete/events{/privacy}"],"received_events_url":["https://api.github.com/users/happyesthete/received_events"],"type":["User"],"site_admin":[false]}
