{"login":["pandualuvala"],"id":[17986426],"node_id":["MDQ6VXNlcjE3OTg2NDI2"],"avatar_url":["https://avatars1.githubusercontent.com/u/17986426?v=4"],"gravatar_id":[""],"url":["https://api.github.com/users/pandualuvala"],"html_url":["https://github.com/pandualuvala"],"followers_url":["https://api.github.com/users/pandualuvala/followers"],"following_url":["https://api.github.com/users/pandualuvala/following{/other_user}"],"gists_url":["https://api.github.com/users/pandualuvala/gists{/gist_id}"],"starred_url":["https://api.github.com/users/pandualuvala/starred{/owner}{/repo}"],"subscriptions_url":["https://api.github.com/users/pandualuvala/subscriptions"],"organizations_url":["https://api.github.com/users/pandualuvala/orgs"],"repos_url":["https://api.github.com/users/pandualuvala/repos"],"events_url":["https://api.github.com/users/pandualuvala/events{/privacy}"],"received_events_url":["https://api.github.com/users/pandualuvala/received_events"],"type":["User"],"site_admin":[false]}
