{"login":["AlexanderMezhenskyi"],"id":[18112804],"node_id":["MDQ6VXNlcjE4MTEyODA0"],"avatar_url":["https://avatars1.githubusercontent.com/u/18112804?v=4"],"gravatar_id":[""],"url":["https://api.github.com/users/AlexanderMezhenskyi"],"html_url":["https://github.com/AlexanderMezhenskyi"],"followers_url":["https://api.github.com/users/AlexanderMezhenskyi/followers"],"following_url":["https://api.github.com/users/AlexanderMezhenskyi/following{/other_user}"],"gists_url":["https://api.github.com/users/AlexanderMezhenskyi/gists{/gist_id}"],"starred_url":["https://api.github.com/users/AlexanderMezhenskyi/starred{/owner}{/repo}"],"subscriptions_url":["https://api.github.com/users/AlexanderMezhenskyi/subscriptions"],"organizations_url":["https://api.github.com/users/AlexanderMezhenskyi/orgs"],"repos_url":["https://api.github.com/users/AlexanderMezhenskyi/repos"],"events_url":["https://api.github.com/users/AlexanderMezhenskyi/events{/privacy}"],"received_events_url":["https://api.github.com/users/AlexanderMezhenskyi/received_events"],"type":["User"],"site_admin":[false]}
