{"login":["pyjyingjie"],"id":[18202902],"node_id":["MDQ6VXNlcjE4MjAyOTAy"],"avatar_url":["https://avatars1.githubusercontent.com/u/18202902?v=4"],"gravatar_id":[""],"url":["https://api.github.com/users/pyjyingjie"],"html_url":["https://github.com/pyjyingjie"],"followers_url":["https://api.github.com/users/pyjyingjie/followers"],"following_url":["https://api.github.com/users/pyjyingjie/following{/other_user}"],"gists_url":["https://api.github.com/users/pyjyingjie/gists{/gist_id}"],"starred_url":["https://api.github.com/users/pyjyingjie/starred{/owner}{/repo}"],"subscriptions_url":["https://api.github.com/users/pyjyingjie/subscriptions"],"organizations_url":["https://api.github.com/users/pyjyingjie/orgs"],"repos_url":["https://api.github.com/users/pyjyingjie/repos"],"events_url":["https://api.github.com/users/pyjyingjie/events{/privacy}"],"received_events_url":["https://api.github.com/users/pyjyingjie/received_events"],"type":["User"],"site_admin":[false]}
