{"login":["prathamesh7pute"],"id":[1848287],"node_id":["MDQ6VXNlcjE4NDgyODc="],"avatar_url":["https://avatars2.githubusercontent.com/u/1848287?v=4"],"gravatar_id":[""],"url":["https://api.github.com/users/prathamesh7pute"],"html_url":["https://github.com/prathamesh7pute"],"followers_url":["https://api.github.com/users/prathamesh7pute/followers"],"following_url":["https://api.github.com/users/prathamesh7pute/following{/other_user}"],"gists_url":["https://api.github.com/users/prathamesh7pute/gists{/gist_id}"],"starred_url":["https://api.github.com/users/prathamesh7pute/starred{/owner}{/repo}"],"subscriptions_url":["https://api.github.com/users/prathamesh7pute/subscriptions"],"organizations_url":["https://api.github.com/users/prathamesh7pute/orgs"],"repos_url":["https://api.github.com/users/prathamesh7pute/repos"],"events_url":["https://api.github.com/users/prathamesh7pute/events{/privacy}"],"received_events_url":["https://api.github.com/users/prathamesh7pute/received_events"],"type":["User"],"site_admin":[false]}
