{"login":["Glavin001"],"id":[1885333],"node_id":["MDQ6VXNlcjE4ODUzMzM="],"avatar_url":["https://avatars0.githubusercontent.com/u/1885333?v=4"],"gravatar_id":[""],"url":["https://api.github.com/users/Glavin001"],"html_url":["https://github.com/Glavin001"],"followers_url":["https://api.github.com/users/Glavin001/followers"],"following_url":["https://api.github.com/users/Glavin001/following{/other_user}"],"gists_url":["https://api.github.com/users/Glavin001/gists{/gist_id}"],"starred_url":["https://api.github.com/users/Glavin001/starred{/owner}{/repo}"],"subscriptions_url":["https://api.github.com/users/Glavin001/subscriptions"],"organizations_url":["https://api.github.com/users/Glavin001/orgs"],"repos_url":["https://api.github.com/users/Glavin001/repos"],"events_url":["https://api.github.com/users/Glavin001/events{/privacy}"],"received_events_url":["https://api.github.com/users/Glavin001/received_events"],"type":["User"],"site_admin":[false]}
