{"login":["aitnasser"],"id":[1886159],"node_id":["MDQ6VXNlcjE4ODYxNTk="],"avatar_url":["https://avatars2.githubusercontent.com/u/1886159?v=4"],"gravatar_id":[""],"url":["https://api.github.com/users/aitnasser"],"html_url":["https://github.com/aitnasser"],"followers_url":["https://api.github.com/users/aitnasser/followers"],"following_url":["https://api.github.com/users/aitnasser/following{/other_user}"],"gists_url":["https://api.github.com/users/aitnasser/gists{/gist_id}"],"starred_url":["https://api.github.com/users/aitnasser/starred{/owner}{/repo}"],"subscriptions_url":["https://api.github.com/users/aitnasser/subscriptions"],"organizations_url":["https://api.github.com/users/aitnasser/orgs"],"repos_url":["https://api.github.com/users/aitnasser/repos"],"events_url":["https://api.github.com/users/aitnasser/events{/privacy}"],"received_events_url":["https://api.github.com/users/aitnasser/received_events"],"type":["User"],"site_admin":[false]}
