{"login":["tanmaypatel"],"id":[190110],"node_id":["MDQ6VXNlcjE5MDExMA=="],"avatar_url":["https://avatars3.githubusercontent.com/u/190110?v=4"],"gravatar_id":[""],"url":["https://api.github.com/users/tanmaypatel"],"html_url":["https://github.com/tanmaypatel"],"followers_url":["https://api.github.com/users/tanmaypatel/followers"],"following_url":["https://api.github.com/users/tanmaypatel/following{/other_user}"],"gists_url":["https://api.github.com/users/tanmaypatel/gists{/gist_id}"],"starred_url":["https://api.github.com/users/tanmaypatel/starred{/owner}{/repo}"],"subscriptions_url":["https://api.github.com/users/tanmaypatel/subscriptions"],"organizations_url":["https://api.github.com/users/tanmaypatel/orgs"],"repos_url":["https://api.github.com/users/tanmaypatel/repos"],"events_url":["https://api.github.com/users/tanmaypatel/events{/privacy}"],"received_events_url":["https://api.github.com/users/tanmaypatel/received_events"],"type":["User"],"site_admin":[false]}
