{"login":["asifssarker"],"id":[19061261],"node_id":["MDQ6VXNlcjE5MDYxMjYx"],"avatar_url":["https://avatars2.githubusercontent.com/u/19061261?v=4"],"gravatar_id":[""],"url":["https://api.github.com/users/asifssarker"],"html_url":["https://github.com/asifssarker"],"followers_url":["https://api.github.com/users/asifssarker/followers"],"following_url":["https://api.github.com/users/asifssarker/following{/other_user}"],"gists_url":["https://api.github.com/users/asifssarker/gists{/gist_id}"],"starred_url":["https://api.github.com/users/asifssarker/starred{/owner}{/repo}"],"subscriptions_url":["https://api.github.com/users/asifssarker/subscriptions"],"organizations_url":["https://api.github.com/users/asifssarker/orgs"],"repos_url":["https://api.github.com/users/asifssarker/repos"],"events_url":["https://api.github.com/users/asifssarker/events{/privacy}"],"received_events_url":["https://api.github.com/users/asifssarker/received_events"],"type":["User"],"site_admin":[false]}
