{"login":["keik"],"id":[1908099],"node_id":["MDQ6VXNlcjE5MDgwOTk="],"avatar_url":["https://avatars1.githubusercontent.com/u/1908099?v=4"],"gravatar_id":[""],"url":["https://api.github.com/users/keik"],"html_url":["https://github.com/keik"],"followers_url":["https://api.github.com/users/keik/followers"],"following_url":["https://api.github.com/users/keik/following{/other_user}"],"gists_url":["https://api.github.com/users/keik/gists{/gist_id}"],"starred_url":["https://api.github.com/users/keik/starred{/owner}{/repo}"],"subscriptions_url":["https://api.github.com/users/keik/subscriptions"],"organizations_url":["https://api.github.com/users/keik/orgs"],"repos_url":["https://api.github.com/users/keik/repos"],"events_url":["https://api.github.com/users/keik/events{/privacy}"],"received_events_url":["https://api.github.com/users/keik/received_events"],"type":["User"],"site_admin":[false]}
