{"login":["todavo1d"],"id":[19215016],"node_id":["MDQ6VXNlcjE5MjE1MDE2"],"avatar_url":["https://avatars1.githubusercontent.com/u/19215016?v=4"],"gravatar_id":[""],"url":["https://api.github.com/users/todavo1d"],"html_url":["https://github.com/todavo1d"],"followers_url":["https://api.github.com/users/todavo1d/followers"],"following_url":["https://api.github.com/users/todavo1d/following{/other_user}"],"gists_url":["https://api.github.com/users/todavo1d/gists{/gist_id}"],"starred_url":["https://api.github.com/users/todavo1d/starred{/owner}{/repo}"],"subscriptions_url":["https://api.github.com/users/todavo1d/subscriptions"],"organizations_url":["https://api.github.com/users/todavo1d/orgs"],"repos_url":["https://api.github.com/users/todavo1d/repos"],"events_url":["https://api.github.com/users/todavo1d/events{/privacy}"],"received_events_url":["https://api.github.com/users/todavo1d/received_events"],"type":["User"],"site_admin":[false]}
