{"login":["aleclarson"],"id":[1925840],"node_id":["MDQ6VXNlcjE5MjU4NDA="],"avatar_url":["https://avatars2.githubusercontent.com/u/1925840?v=4"],"gravatar_id":[""],"url":["https://api.github.com/users/aleclarson"],"html_url":["https://github.com/aleclarson"],"followers_url":["https://api.github.com/users/aleclarson/followers"],"following_url":["https://api.github.com/users/aleclarson/following{/other_user}"],"gists_url":["https://api.github.com/users/aleclarson/gists{/gist_id}"],"starred_url":["https://api.github.com/users/aleclarson/starred{/owner}{/repo}"],"subscriptions_url":["https://api.github.com/users/aleclarson/subscriptions"],"organizations_url":["https://api.github.com/users/aleclarson/orgs"],"repos_url":["https://api.github.com/users/aleclarson/repos"],"events_url":["https://api.github.com/users/aleclarson/events{/privacy}"],"received_events_url":["https://api.github.com/users/aleclarson/received_events"],"type":["User"],"site_admin":[false]}
