{"login":["Lalem001"],"id":[1933700],"node_id":["MDQ6VXNlcjE5MzM3MDA="],"avatar_url":["https://avatars1.githubusercontent.com/u/1933700?v=4"],"gravatar_id":[""],"url":["https://api.github.com/users/Lalem001"],"html_url":["https://github.com/Lalem001"],"followers_url":["https://api.github.com/users/Lalem001/followers"],"following_url":["https://api.github.com/users/Lalem001/following{/other_user}"],"gists_url":["https://api.github.com/users/Lalem001/gists{/gist_id}"],"starred_url":["https://api.github.com/users/Lalem001/starred{/owner}{/repo}"],"subscriptions_url":["https://api.github.com/users/Lalem001/subscriptions"],"organizations_url":["https://api.github.com/users/Lalem001/orgs"],"repos_url":["https://api.github.com/users/Lalem001/repos"],"events_url":["https://api.github.com/users/Lalem001/events{/privacy}"],"received_events_url":["https://api.github.com/users/Lalem001/received_events"],"type":["User"],"site_admin":[false]}
