{"login":["michael-lu-cn"],"id":[1941983],"node_id":["MDQ6VXNlcjE5NDE5ODM="],"avatar_url":["https://avatars1.githubusercontent.com/u/1941983?v=4"],"gravatar_id":[""],"url":["https://api.github.com/users/michael-lu-cn"],"html_url":["https://github.com/michael-lu-cn"],"followers_url":["https://api.github.com/users/michael-lu-cn/followers"],"following_url":["https://api.github.com/users/michael-lu-cn/following{/other_user}"],"gists_url":["https://api.github.com/users/michael-lu-cn/gists{/gist_id}"],"starred_url":["https://api.github.com/users/michael-lu-cn/starred{/owner}{/repo}"],"subscriptions_url":["https://api.github.com/users/michael-lu-cn/subscriptions"],"organizations_url":["https://api.github.com/users/michael-lu-cn/orgs"],"repos_url":["https://api.github.com/users/michael-lu-cn/repos"],"events_url":["https://api.github.com/users/michael-lu-cn/events{/privacy}"],"received_events_url":["https://api.github.com/users/michael-lu-cn/received_events"],"type":["User"],"site_admin":[false]}
