{"login":["soumanpaul"],"id":[19516282],"node_id":["MDQ6VXNlcjE5NTE2Mjgy"],"avatar_url":["https://avatars2.githubusercontent.com/u/19516282?v=4"],"gravatar_id":[""],"url":["https://api.github.com/users/soumanpaul"],"html_url":["https://github.com/soumanpaul"],"followers_url":["https://api.github.com/users/soumanpaul/followers"],"following_url":["https://api.github.com/users/soumanpaul/following{/other_user}"],"gists_url":["https://api.github.com/users/soumanpaul/gists{/gist_id}"],"starred_url":["https://api.github.com/users/soumanpaul/starred{/owner}{/repo}"],"subscriptions_url":["https://api.github.com/users/soumanpaul/subscriptions"],"organizations_url":["https://api.github.com/users/soumanpaul/orgs"],"repos_url":["https://api.github.com/users/soumanpaul/repos"],"events_url":["https://api.github.com/users/soumanpaul/events{/privacy}"],"received_events_url":["https://api.github.com/users/soumanpaul/received_events"],"type":["User"],"site_admin":[false]}
