{"login":["sjoerdapp"],"id":[19611354],"node_id":["MDQ6VXNlcjE5NjExMzU0"],"avatar_url":["https://avatars2.githubusercontent.com/u/19611354?v=4"],"gravatar_id":[""],"url":["https://api.github.com/users/sjoerdapp"],"html_url":["https://github.com/sjoerdapp"],"followers_url":["https://api.github.com/users/sjoerdapp/followers"],"following_url":["https://api.github.com/users/sjoerdapp/following{/other_user}"],"gists_url":["https://api.github.com/users/sjoerdapp/gists{/gist_id}"],"starred_url":["https://api.github.com/users/sjoerdapp/starred{/owner}{/repo}"],"subscriptions_url":["https://api.github.com/users/sjoerdapp/subscriptions"],"organizations_url":["https://api.github.com/users/sjoerdapp/orgs"],"repos_url":["https://api.github.com/users/sjoerdapp/repos"],"events_url":["https://api.github.com/users/sjoerdapp/events{/privacy}"],"received_events_url":["https://api.github.com/users/sjoerdapp/received_events"],"type":["User"],"site_admin":[false]}
