{"login":["cbmd"],"id":[196139],"node_id":["MDQ6VXNlcjE5NjEzOQ=="],"avatar_url":["https://avatars2.githubusercontent.com/u/196139?v=4"],"gravatar_id":[""],"url":["https://api.github.com/users/cbmd"],"html_url":["https://github.com/cbmd"],"followers_url":["https://api.github.com/users/cbmd/followers"],"following_url":["https://api.github.com/users/cbmd/following{/other_user}"],"gists_url":["https://api.github.com/users/cbmd/gists{/gist_id}"],"starred_url":["https://api.github.com/users/cbmd/starred{/owner}{/repo}"],"subscriptions_url":["https://api.github.com/users/cbmd/subscriptions"],"organizations_url":["https://api.github.com/users/cbmd/orgs"],"repos_url":["https://api.github.com/users/cbmd/repos"],"events_url":["https://api.github.com/users/cbmd/events{/privacy}"],"received_events_url":["https://api.github.com/users/cbmd/received_events"],"type":["User"],"site_admin":[false]}
