{"login":["ButuzGOL"],"id":[196564],"node_id":["MDQ6VXNlcjE5NjU2NA=="],"avatar_url":["https://avatars3.githubusercontent.com/u/196564?v=4"],"gravatar_id":[""],"url":["https://api.github.com/users/ButuzGOL"],"html_url":["https://github.com/ButuzGOL"],"followers_url":["https://api.github.com/users/ButuzGOL/followers"],"following_url":["https://api.github.com/users/ButuzGOL/following{/other_user}"],"gists_url":["https://api.github.com/users/ButuzGOL/gists{/gist_id}"],"starred_url":["https://api.github.com/users/ButuzGOL/starred{/owner}{/repo}"],"subscriptions_url":["https://api.github.com/users/ButuzGOL/subscriptions"],"organizations_url":["https://api.github.com/users/ButuzGOL/orgs"],"repos_url":["https://api.github.com/users/ButuzGOL/repos"],"events_url":["https://api.github.com/users/ButuzGOL/events{/privacy}"],"received_events_url":["https://api.github.com/users/ButuzGOL/received_events"],"type":["User"],"site_admin":[false]}
