{"login":["mithril-claw"],"id":[1992384],"node_id":["MDQ6VXNlcjE5OTIzODQ="],"avatar_url":["https://avatars3.githubusercontent.com/u/1992384?v=4"],"gravatar_id":[""],"url":["https://api.github.com/users/mithril-claw"],"html_url":["https://github.com/mithril-claw"],"followers_url":["https://api.github.com/users/mithril-claw/followers"],"following_url":["https://api.github.com/users/mithril-claw/following{/other_user}"],"gists_url":["https://api.github.com/users/mithril-claw/gists{/gist_id}"],"starred_url":["https://api.github.com/users/mithril-claw/starred{/owner}{/repo}"],"subscriptions_url":["https://api.github.com/users/mithril-claw/subscriptions"],"organizations_url":["https://api.github.com/users/mithril-claw/orgs"],"repos_url":["https://api.github.com/users/mithril-claw/repos"],"events_url":["https://api.github.com/users/mithril-claw/events{/privacy}"],"received_events_url":["https://api.github.com/users/mithril-claw/received_events"],"type":["User"],"site_admin":[false]}
