{"login":["2color"],"id":[1992255],"node_id":["MDQ6VXNlcjE5OTIyNTU="],"avatar_url":["https://avatars1.githubusercontent.com/u/1992255?v=4"],"gravatar_id":[""],"url":["https://api.github.com/users/2color"],"html_url":["https://github.com/2color"],"followers_url":["https://api.github.com/users/2color/followers"],"following_url":["https://api.github.com/users/2color/following{/other_user}"],"gists_url":["https://api.github.com/users/2color/gists{/gist_id}"],"starred_url":["https://api.github.com/users/2color/starred{/owner}{/repo}"],"subscriptions_url":["https://api.github.com/users/2color/subscriptions"],"organizations_url":["https://api.github.com/users/2color/orgs"],"repos_url":["https://api.github.com/users/2color/repos"],"events_url":["https://api.github.com/users/2color/events{/privacy}"],"received_events_url":["https://api.github.com/users/2color/received_events"],"type":["User"],"site_admin":[false]}
