{"login":["KWMalik"],"id":[1996056],"node_id":["MDQ6VXNlcjE5OTYwNTY="],"avatar_url":["https://avatars2.githubusercontent.com/u/1996056?v=4"],"gravatar_id":[""],"url":["https://api.github.com/users/KWMalik"],"html_url":["https://github.com/KWMalik"],"followers_url":["https://api.github.com/users/KWMalik/followers"],"following_url":["https://api.github.com/users/KWMalik/following{/other_user}"],"gists_url":["https://api.github.com/users/KWMalik/gists{/gist_id}"],"starred_url":["https://api.github.com/users/KWMalik/starred{/owner}{/repo}"],"subscriptions_url":["https://api.github.com/users/KWMalik/subscriptions"],"organizations_url":["https://api.github.com/users/KWMalik/orgs"],"repos_url":["https://api.github.com/users/KWMalik/repos"],"events_url":["https://api.github.com/users/KWMalik/events{/privacy}"],"received_events_url":["https://api.github.com/users/KWMalik/received_events"],"type":["User"],"site_admin":[false]}
