{"login":["marianaremedios"],"id":[20247899],"node_id":["MDQ6VXNlcjIwMjQ3ODk5"],"avatar_url":["https://avatars1.githubusercontent.com/u/20247899?v=4"],"gravatar_id":[""],"url":["https://api.github.com/users/marianaremedios"],"html_url":["https://github.com/marianaremedios"],"followers_url":["https://api.github.com/users/marianaremedios/followers"],"following_url":["https://api.github.com/users/marianaremedios/following{/other_user}"],"gists_url":["https://api.github.com/users/marianaremedios/gists{/gist_id}"],"starred_url":["https://api.github.com/users/marianaremedios/starred{/owner}{/repo}"],"subscriptions_url":["https://api.github.com/users/marianaremedios/subscriptions"],"organizations_url":["https://api.github.com/users/marianaremedios/orgs"],"repos_url":["https://api.github.com/users/marianaremedios/repos"],"events_url":["https://api.github.com/users/marianaremedios/events{/privacy}"],"received_events_url":["https://api.github.com/users/marianaremedios/received_events"],"type":["User"],"site_admin":[false]}
