{"login":["ellerbrock"],"id":[2029255],"node_id":["MDQ6VXNlcjIwMjkyNTU="],"avatar_url":["https://avatars1.githubusercontent.com/u/2029255?v=4"],"gravatar_id":[""],"url":["https://api.github.com/users/ellerbrock"],"html_url":["https://github.com/ellerbrock"],"followers_url":["https://api.github.com/users/ellerbrock/followers"],"following_url":["https://api.github.com/users/ellerbrock/following{/other_user}"],"gists_url":["https://api.github.com/users/ellerbrock/gists{/gist_id}"],"starred_url":["https://api.github.com/users/ellerbrock/starred{/owner}{/repo}"],"subscriptions_url":["https://api.github.com/users/ellerbrock/subscriptions"],"organizations_url":["https://api.github.com/users/ellerbrock/orgs"],"repos_url":["https://api.github.com/users/ellerbrock/repos"],"events_url":["https://api.github.com/users/ellerbrock/events{/privacy}"],"received_events_url":["https://api.github.com/users/ellerbrock/received_events"],"type":["User"],"site_admin":[false]}
