{"login":["arifmahmudrana"],"id":[2046796],"node_id":["MDQ6VXNlcjIwNDY3OTY="],"avatar_url":["https://avatars3.githubusercontent.com/u/2046796?v=4"],"gravatar_id":[""],"url":["https://api.github.com/users/arifmahmudrana"],"html_url":["https://github.com/arifmahmudrana"],"followers_url":["https://api.github.com/users/arifmahmudrana/followers"],"following_url":["https://api.github.com/users/arifmahmudrana/following{/other_user}"],"gists_url":["https://api.github.com/users/arifmahmudrana/gists{/gist_id}"],"starred_url":["https://api.github.com/users/arifmahmudrana/starred{/owner}{/repo}"],"subscriptions_url":["https://api.github.com/users/arifmahmudrana/subscriptions"],"organizations_url":["https://api.github.com/users/arifmahmudrana/orgs"],"repos_url":["https://api.github.com/users/arifmahmudrana/repos"],"events_url":["https://api.github.com/users/arifmahmudrana/events{/privacy}"],"received_events_url":["https://api.github.com/users/arifmahmudrana/received_events"],"type":["User"],"site_admin":[false]}
