{"login":["sergiors"],"id":[2046276],"node_id":["MDQ6VXNlcjIwNDYyNzY="],"avatar_url":["https://avatars0.githubusercontent.com/u/2046276?v=4"],"gravatar_id":[""],"url":["https://api.github.com/users/sergiors"],"html_url":["https://github.com/sergiors"],"followers_url":["https://api.github.com/users/sergiors/followers"],"following_url":["https://api.github.com/users/sergiors/following{/other_user}"],"gists_url":["https://api.github.com/users/sergiors/gists{/gist_id}"],"starred_url":["https://api.github.com/users/sergiors/starred{/owner}{/repo}"],"subscriptions_url":["https://api.github.com/users/sergiors/subscriptions"],"organizations_url":["https://api.github.com/users/sergiors/orgs"],"repos_url":["https://api.github.com/users/sergiors/repos"],"events_url":["https://api.github.com/users/sergiors/events{/privacy}"],"received_events_url":["https://api.github.com/users/sergiors/received_events"],"type":["User"],"site_admin":[false]}
