{"login":["andrkosh"],"id":[20504842],"node_id":["MDQ6VXNlcjIwNTA0ODQy"],"avatar_url":["https://avatars0.githubusercontent.com/u/20504842?v=4"],"gravatar_id":[""],"url":["https://api.github.com/users/andrkosh"],"html_url":["https://github.com/andrkosh"],"followers_url":["https://api.github.com/users/andrkosh/followers"],"following_url":["https://api.github.com/users/andrkosh/following{/other_user}"],"gists_url":["https://api.github.com/users/andrkosh/gists{/gist_id}"],"starred_url":["https://api.github.com/users/andrkosh/starred{/owner}{/repo}"],"subscriptions_url":["https://api.github.com/users/andrkosh/subscriptions"],"organizations_url":["https://api.github.com/users/andrkosh/orgs"],"repos_url":["https://api.github.com/users/andrkosh/repos"],"events_url":["https://api.github.com/users/andrkosh/events{/privacy}"],"received_events_url":["https://api.github.com/users/andrkosh/received_events"],"type":["User"],"site_admin":[false]}
