{"login":["leiming"],"id":[2059859],"node_id":["MDQ6VXNlcjIwNTk4NTk="],"avatar_url":["https://avatars3.githubusercontent.com/u/2059859?v=4"],"gravatar_id":[""],"url":["https://api.github.com/users/leiming"],"html_url":["https://github.com/leiming"],"followers_url":["https://api.github.com/users/leiming/followers"],"following_url":["https://api.github.com/users/leiming/following{/other_user}"],"gists_url":["https://api.github.com/users/leiming/gists{/gist_id}"],"starred_url":["https://api.github.com/users/leiming/starred{/owner}{/repo}"],"subscriptions_url":["https://api.github.com/users/leiming/subscriptions"],"organizations_url":["https://api.github.com/users/leiming/orgs"],"repos_url":["https://api.github.com/users/leiming/repos"],"events_url":["https://api.github.com/users/leiming/events{/privacy}"],"received_events_url":["https://api.github.com/users/leiming/received_events"],"type":["User"],"site_admin":[false]}
