{"login":["AparSinghal"],"id":[20987831],"node_id":["MDQ6VXNlcjIwOTg3ODMx"],"avatar_url":["https://avatars1.githubusercontent.com/u/20987831?v=4"],"gravatar_id":[""],"url":["https://api.github.com/users/AparSinghal"],"html_url":["https://github.com/AparSinghal"],"followers_url":["https://api.github.com/users/AparSinghal/followers"],"following_url":["https://api.github.com/users/AparSinghal/following{/other_user}"],"gists_url":["https://api.github.com/users/AparSinghal/gists{/gist_id}"],"starred_url":["https://api.github.com/users/AparSinghal/starred{/owner}{/repo}"],"subscriptions_url":["https://api.github.com/users/AparSinghal/subscriptions"],"organizations_url":["https://api.github.com/users/AparSinghal/orgs"],"repos_url":["https://api.github.com/users/AparSinghal/repos"],"events_url":["https://api.github.com/users/AparSinghal/events{/privacy}"],"received_events_url":["https://api.github.com/users/AparSinghal/received_events"],"type":["User"],"site_admin":[false]}
