{"login":["uschek"],"id":[2123235],"node_id":["MDQ6VXNlcjIxMjMyMzU="],"avatar_url":["https://avatars2.githubusercontent.com/u/2123235?v=4"],"gravatar_id":[""],"url":["https://api.github.com/users/uschek"],"html_url":["https://github.com/uschek"],"followers_url":["https://api.github.com/users/uschek/followers"],"following_url":["https://api.github.com/users/uschek/following{/other_user}"],"gists_url":["https://api.github.com/users/uschek/gists{/gist_id}"],"starred_url":["https://api.github.com/users/uschek/starred{/owner}{/repo}"],"subscriptions_url":["https://api.github.com/users/uschek/subscriptions"],"organizations_url":["https://api.github.com/users/uschek/orgs"],"repos_url":["https://api.github.com/users/uschek/repos"],"events_url":["https://api.github.com/users/uschek/events{/privacy}"],"received_events_url":["https://api.github.com/users/uschek/received_events"],"type":["User"],"site_admin":[false]}
