{"login":["il10"],"id":[21349325],"node_id":["MDQ6VXNlcjIxMzQ5MzI1"],"avatar_url":["https://avatars1.githubusercontent.com/u/21349325?v=4"],"gravatar_id":[""],"url":["https://api.github.com/users/il10"],"html_url":["https://github.com/il10"],"followers_url":["https://api.github.com/users/il10/followers"],"following_url":["https://api.github.com/users/il10/following{/other_user}"],"gists_url":["https://api.github.com/users/il10/gists{/gist_id}"],"starred_url":["https://api.github.com/users/il10/starred{/owner}{/repo}"],"subscriptions_url":["https://api.github.com/users/il10/subscriptions"],"organizations_url":["https://api.github.com/users/il10/orgs"],"repos_url":["https://api.github.com/users/il10/repos"],"events_url":["https://api.github.com/users/il10/events{/privacy}"],"received_events_url":["https://api.github.com/users/il10/received_events"],"type":["User"],"site_admin":[false]}
