{"login":["VitaliyR"],"id":[2149612],"node_id":["MDQ6VXNlcjIxNDk2MTI="],"avatar_url":["https://avatars0.githubusercontent.com/u/2149612?v=4"],"gravatar_id":[""],"url":["https://api.github.com/users/VitaliyR"],"html_url":["https://github.com/VitaliyR"],"followers_url":["https://api.github.com/users/VitaliyR/followers"],"following_url":["https://api.github.com/users/VitaliyR/following{/other_user}"],"gists_url":["https://api.github.com/users/VitaliyR/gists{/gist_id}"],"starred_url":["https://api.github.com/users/VitaliyR/starred{/owner}{/repo}"],"subscriptions_url":["https://api.github.com/users/VitaliyR/subscriptions"],"organizations_url":["https://api.github.com/users/VitaliyR/orgs"],"repos_url":["https://api.github.com/users/VitaliyR/repos"],"events_url":["https://api.github.com/users/VitaliyR/events{/privacy}"],"received_events_url":["https://api.github.com/users/VitaliyR/received_events"],"type":["User"],"site_admin":[false]}
