{"login":["smazurov"],"id":[21636],"node_id":["MDQ6VXNlcjIxNjM2"],"avatar_url":["https://avatars2.githubusercontent.com/u/21636?v=4"],"gravatar_id":[""],"url":["https://api.github.com/users/smazurov"],"html_url":["https://github.com/smazurov"],"followers_url":["https://api.github.com/users/smazurov/followers"],"following_url":["https://api.github.com/users/smazurov/following{/other_user}"],"gists_url":["https://api.github.com/users/smazurov/gists{/gist_id}"],"starred_url":["https://api.github.com/users/smazurov/starred{/owner}{/repo}"],"subscriptions_url":["https://api.github.com/users/smazurov/subscriptions"],"organizations_url":["https://api.github.com/users/smazurov/orgs"],"repos_url":["https://api.github.com/users/smazurov/repos"],"events_url":["https://api.github.com/users/smazurov/events{/privacy}"],"received_events_url":["https://api.github.com/users/smazurov/received_events"],"type":["User"],"site_admin":[false]}
