{"login":["alvarlaigna"],"id":[216535],"node_id":["MDQ6VXNlcjIxNjUzNQ=="],"avatar_url":["https://avatars3.githubusercontent.com/u/216535?v=4"],"gravatar_id":[""],"url":["https://api.github.com/users/alvarlaigna"],"html_url":["https://github.com/alvarlaigna"],"followers_url":["https://api.github.com/users/alvarlaigna/followers"],"following_url":["https://api.github.com/users/alvarlaigna/following{/other_user}"],"gists_url":["https://api.github.com/users/alvarlaigna/gists{/gist_id}"],"starred_url":["https://api.github.com/users/alvarlaigna/starred{/owner}{/repo}"],"subscriptions_url":["https://api.github.com/users/alvarlaigna/subscriptions"],"organizations_url":["https://api.github.com/users/alvarlaigna/orgs"],"repos_url":["https://api.github.com/users/alvarlaigna/repos"],"events_url":["https://api.github.com/users/alvarlaigna/events{/privacy}"],"received_events_url":["https://api.github.com/users/alvarlaigna/received_events"],"type":["User"],"site_admin":[false]}
