{"login":["TPABHuKOB"],"id":[2178637],"node_id":["MDQ6VXNlcjIxNzg2Mzc="],"avatar_url":["https://avatars0.githubusercontent.com/u/2178637?v=4"],"gravatar_id":[""],"url":["https://api.github.com/users/TPABHuKOB"],"html_url":["https://github.com/TPABHuKOB"],"followers_url":["https://api.github.com/users/TPABHuKOB/followers"],"following_url":["https://api.github.com/users/TPABHuKOB/following{/other_user}"],"gists_url":["https://api.github.com/users/TPABHuKOB/gists{/gist_id}"],"starred_url":["https://api.github.com/users/TPABHuKOB/starred{/owner}{/repo}"],"subscriptions_url":["https://api.github.com/users/TPABHuKOB/subscriptions"],"organizations_url":["https://api.github.com/users/TPABHuKOB/orgs"],"repos_url":["https://api.github.com/users/TPABHuKOB/repos"],"events_url":["https://api.github.com/users/TPABHuKOB/events{/privacy}"],"received_events_url":["https://api.github.com/users/TPABHuKOB/received_events"],"type":["User"],"site_admin":[false]}
