{"login":["AlexandreXavier"],"id":[220892],"node_id":["MDQ6VXNlcjIyMDg5Mg=="],"avatar_url":["https://avatars3.githubusercontent.com/u/220892?v=4"],"gravatar_id":[""],"url":["https://api.github.com/users/AlexandreXavier"],"html_url":["https://github.com/AlexandreXavier"],"followers_url":["https://api.github.com/users/AlexandreXavier/followers"],"following_url":["https://api.github.com/users/AlexandreXavier/following{/other_user}"],"gists_url":["https://api.github.com/users/AlexandreXavier/gists{/gist_id}"],"starred_url":["https://api.github.com/users/AlexandreXavier/starred{/owner}{/repo}"],"subscriptions_url":["https://api.github.com/users/AlexandreXavier/subscriptions"],"organizations_url":["https://api.github.com/users/AlexandreXavier/orgs"],"repos_url":["https://api.github.com/users/AlexandreXavier/repos"],"events_url":["https://api.github.com/users/AlexandreXavier/events{/privacy}"],"received_events_url":["https://api.github.com/users/AlexandreXavier/received_events"],"type":["User"],"site_admin":[false]}
