{"login":["MatricksDeCoder"],"id":[22158529],"node_id":["MDQ6VXNlcjIyMTU4NTI5"],"avatar_url":["https://avatars3.githubusercontent.com/u/22158529?v=4"],"gravatar_id":[""],"url":["https://api.github.com/users/MatricksDeCoder"],"html_url":["https://github.com/MatricksDeCoder"],"followers_url":["https://api.github.com/users/MatricksDeCoder/followers"],"following_url":["https://api.github.com/users/MatricksDeCoder/following{/other_user}"],"gists_url":["https://api.github.com/users/MatricksDeCoder/gists{/gist_id}"],"starred_url":["https://api.github.com/users/MatricksDeCoder/starred{/owner}{/repo}"],"subscriptions_url":["https://api.github.com/users/MatricksDeCoder/subscriptions"],"organizations_url":["https://api.github.com/users/MatricksDeCoder/orgs"],"repos_url":["https://api.github.com/users/MatricksDeCoder/repos"],"events_url":["https://api.github.com/users/MatricksDeCoder/events{/privacy}"],"received_events_url":["https://api.github.com/users/MatricksDeCoder/received_events"],"type":["User"],"site_admin":[false]}
