{"login":["mubaidr"],"id":[2222702],"node_id":["MDQ6VXNlcjIyMjI3MDI="],"avatar_url":["https://avatars2.githubusercontent.com/u/2222702?v=4"],"gravatar_id":[""],"url":["https://api.github.com/users/mubaidr"],"html_url":["https://github.com/mubaidr"],"followers_url":["https://api.github.com/users/mubaidr/followers"],"following_url":["https://api.github.com/users/mubaidr/following{/other_user}"],"gists_url":["https://api.github.com/users/mubaidr/gists{/gist_id}"],"starred_url":["https://api.github.com/users/mubaidr/starred{/owner}{/repo}"],"subscriptions_url":["https://api.github.com/users/mubaidr/subscriptions"],"organizations_url":["https://api.github.com/users/mubaidr/orgs"],"repos_url":["https://api.github.com/users/mubaidr/repos"],"events_url":["https://api.github.com/users/mubaidr/events{/privacy}"],"received_events_url":["https://api.github.com/users/mubaidr/received_events"],"type":["User"],"site_admin":[false]}
