{"login":["jeffcarroll"],"id":[222343],"node_id":["MDQ6VXNlcjIyMjM0Mw=="],"avatar_url":["https://avatars2.githubusercontent.com/u/222343?v=4"],"gravatar_id":[""],"url":["https://api.github.com/users/jeffcarroll"],"html_url":["https://github.com/jeffcarroll"],"followers_url":["https://api.github.com/users/jeffcarroll/followers"],"following_url":["https://api.github.com/users/jeffcarroll/following{/other_user}"],"gists_url":["https://api.github.com/users/jeffcarroll/gists{/gist_id}"],"starred_url":["https://api.github.com/users/jeffcarroll/starred{/owner}{/repo}"],"subscriptions_url":["https://api.github.com/users/jeffcarroll/subscriptions"],"organizations_url":["https://api.github.com/users/jeffcarroll/orgs"],"repos_url":["https://api.github.com/users/jeffcarroll/repos"],"events_url":["https://api.github.com/users/jeffcarroll/events{/privacy}"],"received_events_url":["https://api.github.com/users/jeffcarroll/received_events"],"type":["User"],"site_admin":[false]}
