{"login":["hungphamuy95"],"id":[22440770],"node_id":["MDQ6VXNlcjIyNDQwNzcw"],"avatar_url":["https://avatars2.githubusercontent.com/u/22440770?v=4"],"gravatar_id":[""],"url":["https://api.github.com/users/hungphamuy95"],"html_url":["https://github.com/hungphamuy95"],"followers_url":["https://api.github.com/users/hungphamuy95/followers"],"following_url":["https://api.github.com/users/hungphamuy95/following{/other_user}"],"gists_url":["https://api.github.com/users/hungphamuy95/gists{/gist_id}"],"starred_url":["https://api.github.com/users/hungphamuy95/starred{/owner}{/repo}"],"subscriptions_url":["https://api.github.com/users/hungphamuy95/subscriptions"],"organizations_url":["https://api.github.com/users/hungphamuy95/orgs"],"repos_url":["https://api.github.com/users/hungphamuy95/repos"],"events_url":["https://api.github.com/users/hungphamuy95/events{/privacy}"],"received_events_url":["https://api.github.com/users/hungphamuy95/received_events"],"type":["User"],"site_admin":[false]}
