{"login":["saschageyer"],"id":[22508780],"node_id":["MDQ6VXNlcjIyNTA4Nzgw"],"avatar_url":["https://avatars0.githubusercontent.com/u/22508780?v=4"],"gravatar_id":[""],"url":["https://api.github.com/users/saschageyer"],"html_url":["https://github.com/saschageyer"],"followers_url":["https://api.github.com/users/saschageyer/followers"],"following_url":["https://api.github.com/users/saschageyer/following{/other_user}"],"gists_url":["https://api.github.com/users/saschageyer/gists{/gist_id}"],"starred_url":["https://api.github.com/users/saschageyer/starred{/owner}{/repo}"],"subscriptions_url":["https://api.github.com/users/saschageyer/subscriptions"],"organizations_url":["https://api.github.com/users/saschageyer/orgs"],"repos_url":["https://api.github.com/users/saschageyer/repos"],"events_url":["https://api.github.com/users/saschageyer/events{/privacy}"],"received_events_url":["https://api.github.com/users/saschageyer/received_events"],"type":["User"],"site_admin":[false]}
