{"login":["stevetranby"],"id":[225665],"node_id":["MDQ6VXNlcjIyNTY2NQ=="],"avatar_url":["https://avatars3.githubusercontent.com/u/225665?v=4"],"gravatar_id":[""],"url":["https://api.github.com/users/stevetranby"],"html_url":["https://github.com/stevetranby"],"followers_url":["https://api.github.com/users/stevetranby/followers"],"following_url":["https://api.github.com/users/stevetranby/following{/other_user}"],"gists_url":["https://api.github.com/users/stevetranby/gists{/gist_id}"],"starred_url":["https://api.github.com/users/stevetranby/starred{/owner}{/repo}"],"subscriptions_url":["https://api.github.com/users/stevetranby/subscriptions"],"organizations_url":["https://api.github.com/users/stevetranby/orgs"],"repos_url":["https://api.github.com/users/stevetranby/repos"],"events_url":["https://api.github.com/users/stevetranby/events{/privacy}"],"received_events_url":["https://api.github.com/users/stevetranby/received_events"],"type":["User"],"site_admin":[false]}
