{"login":["colinwren"],"id":[2257156],"node_id":["MDQ6VXNlcjIyNTcxNTY="],"avatar_url":["https://avatars2.githubusercontent.com/u/2257156?v=4"],"gravatar_id":[""],"url":["https://api.github.com/users/colinwren"],"html_url":["https://github.com/colinwren"],"followers_url":["https://api.github.com/users/colinwren/followers"],"following_url":["https://api.github.com/users/colinwren/following{/other_user}"],"gists_url":["https://api.github.com/users/colinwren/gists{/gist_id}"],"starred_url":["https://api.github.com/users/colinwren/starred{/owner}{/repo}"],"subscriptions_url":["https://api.github.com/users/colinwren/subscriptions"],"organizations_url":["https://api.github.com/users/colinwren/orgs"],"repos_url":["https://api.github.com/users/colinwren/repos"],"events_url":["https://api.github.com/users/colinwren/events{/privacy}"],"received_events_url":["https://api.github.com/users/colinwren/received_events"],"type":["User"],"site_admin":[false]}
