{"login":["genna"],"id":[2270897],"node_id":["MDQ6VXNlcjIyNzA4OTc="],"avatar_url":["https://avatars1.githubusercontent.com/u/2270897?v=4"],"gravatar_id":[""],"url":["https://api.github.com/users/genna"],"html_url":["https://github.com/genna"],"followers_url":["https://api.github.com/users/genna/followers"],"following_url":["https://api.github.com/users/genna/following{/other_user}"],"gists_url":["https://api.github.com/users/genna/gists{/gist_id}"],"starred_url":["https://api.github.com/users/genna/starred{/owner}{/repo}"],"subscriptions_url":["https://api.github.com/users/genna/subscriptions"],"organizations_url":["https://api.github.com/users/genna/orgs"],"repos_url":["https://api.github.com/users/genna/repos"],"events_url":["https://api.github.com/users/genna/events{/privacy}"],"received_events_url":["https://api.github.com/users/genna/received_events"],"type":["User"],"site_admin":[false]}
