{"login":["mnorrish"],"id":[2274174],"node_id":["MDQ6VXNlcjIyNzQxNzQ="],"avatar_url":["https://avatars0.githubusercontent.com/u/2274174?v=4"],"gravatar_id":[""],"url":["https://api.github.com/users/mnorrish"],"html_url":["https://github.com/mnorrish"],"followers_url":["https://api.github.com/users/mnorrish/followers"],"following_url":["https://api.github.com/users/mnorrish/following{/other_user}"],"gists_url":["https://api.github.com/users/mnorrish/gists{/gist_id}"],"starred_url":["https://api.github.com/users/mnorrish/starred{/owner}{/repo}"],"subscriptions_url":["https://api.github.com/users/mnorrish/subscriptions"],"organizations_url":["https://api.github.com/users/mnorrish/orgs"],"repos_url":["https://api.github.com/users/mnorrish/repos"],"events_url":["https://api.github.com/users/mnorrish/events{/privacy}"],"received_events_url":["https://api.github.com/users/mnorrish/received_events"],"type":["User"],"site_admin":[false]}
