{"login":["namanIBS"],"id":[22814281],"node_id":["MDQ6VXNlcjIyODE0Mjgx"],"avatar_url":["https://avatars3.githubusercontent.com/u/22814281?v=4"],"gravatar_id":[""],"url":["https://api.github.com/users/namanIBS"],"html_url":["https://github.com/namanIBS"],"followers_url":["https://api.github.com/users/namanIBS/followers"],"following_url":["https://api.github.com/users/namanIBS/following{/other_user}"],"gists_url":["https://api.github.com/users/namanIBS/gists{/gist_id}"],"starred_url":["https://api.github.com/users/namanIBS/starred{/owner}{/repo}"],"subscriptions_url":["https://api.github.com/users/namanIBS/subscriptions"],"organizations_url":["https://api.github.com/users/namanIBS/orgs"],"repos_url":["https://api.github.com/users/namanIBS/repos"],"events_url":["https://api.github.com/users/namanIBS/events{/privacy}"],"received_events_url":["https://api.github.com/users/namanIBS/received_events"],"type":["User"],"site_admin":[false]}
