{"login":["priteshjha4u"],"id":[2283282],"node_id":["MDQ6VXNlcjIyODMyODI="],"avatar_url":["https://avatars0.githubusercontent.com/u/2283282?v=4"],"gravatar_id":[""],"url":["https://api.github.com/users/priteshjha4u"],"html_url":["https://github.com/priteshjha4u"],"followers_url":["https://api.github.com/users/priteshjha4u/followers"],"following_url":["https://api.github.com/users/priteshjha4u/following{/other_user}"],"gists_url":["https://api.github.com/users/priteshjha4u/gists{/gist_id}"],"starred_url":["https://api.github.com/users/priteshjha4u/starred{/owner}{/repo}"],"subscriptions_url":["https://api.github.com/users/priteshjha4u/subscriptions"],"organizations_url":["https://api.github.com/users/priteshjha4u/orgs"],"repos_url":["https://api.github.com/users/priteshjha4u/repos"],"events_url":["https://api.github.com/users/priteshjha4u/events{/privacy}"],"received_events_url":["https://api.github.com/users/priteshjha4u/received_events"],"type":["User"],"site_admin":[false]}
