{"login":["dvdln"],"id":[2292631],"node_id":["MDQ6VXNlcjIyOTI2MzE="],"avatar_url":["https://avatars1.githubusercontent.com/u/2292631?v=4"],"gravatar_id":[""],"url":["https://api.github.com/users/dvdln"],"html_url":["https://github.com/dvdln"],"followers_url":["https://api.github.com/users/dvdln/followers"],"following_url":["https://api.github.com/users/dvdln/following{/other_user}"],"gists_url":["https://api.github.com/users/dvdln/gists{/gist_id}"],"starred_url":["https://api.github.com/users/dvdln/starred{/owner}{/repo}"],"subscriptions_url":["https://api.github.com/users/dvdln/subscriptions"],"organizations_url":["https://api.github.com/users/dvdln/orgs"],"repos_url":["https://api.github.com/users/dvdln/repos"],"events_url":["https://api.github.com/users/dvdln/events{/privacy}"],"received_events_url":["https://api.github.com/users/dvdln/received_events"],"type":["User"],"site_admin":[false]}
