{"login":["lexicoded"],"id":[22922531],"node_id":["MDQ6VXNlcjIyOTIyNTMx"],"avatar_url":["https://avatars2.githubusercontent.com/u/22922531?v=4"],"gravatar_id":[""],"url":["https://api.github.com/users/lexicoded"],"html_url":["https://github.com/lexicoded"],"followers_url":["https://api.github.com/users/lexicoded/followers"],"following_url":["https://api.github.com/users/lexicoded/following{/other_user}"],"gists_url":["https://api.github.com/users/lexicoded/gists{/gist_id}"],"starred_url":["https://api.github.com/users/lexicoded/starred{/owner}{/repo}"],"subscriptions_url":["https://api.github.com/users/lexicoded/subscriptions"],"organizations_url":["https://api.github.com/users/lexicoded/orgs"],"repos_url":["https://api.github.com/users/lexicoded/repos"],"events_url":["https://api.github.com/users/lexicoded/events{/privacy}"],"received_events_url":["https://api.github.com/users/lexicoded/received_events"],"type":["User"],"site_admin":[false]}
