{"login":["shangxinjian"],"id":[22992141],"node_id":["MDQ6VXNlcjIyOTkyMTQx"],"avatar_url":["https://avatars0.githubusercontent.com/u/22992141?v=4"],"gravatar_id":[""],"url":["https://api.github.com/users/shangxinjian"],"html_url":["https://github.com/shangxinjian"],"followers_url":["https://api.github.com/users/shangxinjian/followers"],"following_url":["https://api.github.com/users/shangxinjian/following{/other_user}"],"gists_url":["https://api.github.com/users/shangxinjian/gists{/gist_id}"],"starred_url":["https://api.github.com/users/shangxinjian/starred{/owner}{/repo}"],"subscriptions_url":["https://api.github.com/users/shangxinjian/subscriptions"],"organizations_url":["https://api.github.com/users/shangxinjian/orgs"],"repos_url":["https://api.github.com/users/shangxinjian/repos"],"events_url":["https://api.github.com/users/shangxinjian/events{/privacy}"],"received_events_url":["https://api.github.com/users/shangxinjian/received_events"],"type":["User"],"site_admin":[false]}
