{"login":["chichiwang"],"id":[2304118],"node_id":["MDQ6VXNlcjIzMDQxMTg="],"avatar_url":["https://avatars3.githubusercontent.com/u/2304118?v=4"],"gravatar_id":[""],"url":["https://api.github.com/users/chichiwang"],"html_url":["https://github.com/chichiwang"],"followers_url":["https://api.github.com/users/chichiwang/followers"],"following_url":["https://api.github.com/users/chichiwang/following{/other_user}"],"gists_url":["https://api.github.com/users/chichiwang/gists{/gist_id}"],"starred_url":["https://api.github.com/users/chichiwang/starred{/owner}{/repo}"],"subscriptions_url":["https://api.github.com/users/chichiwang/subscriptions"],"organizations_url":["https://api.github.com/users/chichiwang/orgs"],"repos_url":["https://api.github.com/users/chichiwang/repos"],"events_url":["https://api.github.com/users/chichiwang/events{/privacy}"],"received_events_url":["https://api.github.com/users/chichiwang/received_events"],"type":["User"],"site_admin":[false]}
