{"login":["ghoullier"],"id":[2315749],"node_id":["MDQ6VXNlcjIzMTU3NDk="],"avatar_url":["https://avatars3.githubusercontent.com/u/2315749?v=4"],"gravatar_id":[""],"url":["https://api.github.com/users/ghoullier"],"html_url":["https://github.com/ghoullier"],"followers_url":["https://api.github.com/users/ghoullier/followers"],"following_url":["https://api.github.com/users/ghoullier/following{/other_user}"],"gists_url":["https://api.github.com/users/ghoullier/gists{/gist_id}"],"starred_url":["https://api.github.com/users/ghoullier/starred{/owner}{/repo}"],"subscriptions_url":["https://api.github.com/users/ghoullier/subscriptions"],"organizations_url":["https://api.github.com/users/ghoullier/orgs"],"repos_url":["https://api.github.com/users/ghoullier/repos"],"events_url":["https://api.github.com/users/ghoullier/events{/privacy}"],"received_events_url":["https://api.github.com/users/ghoullier/received_events"],"type":["User"],"site_admin":[false]}
