{"login":["maximkoretskiy"],"id":[2323027],"node_id":["MDQ6VXNlcjIzMjMwMjc="],"avatar_url":["https://avatars3.githubusercontent.com/u/2323027?v=4"],"gravatar_id":[""],"url":["https://api.github.com/users/maximkoretskiy"],"html_url":["https://github.com/maximkoretskiy"],"followers_url":["https://api.github.com/users/maximkoretskiy/followers"],"following_url":["https://api.github.com/users/maximkoretskiy/following{/other_user}"],"gists_url":["https://api.github.com/users/maximkoretskiy/gists{/gist_id}"],"starred_url":["https://api.github.com/users/maximkoretskiy/starred{/owner}{/repo}"],"subscriptions_url":["https://api.github.com/users/maximkoretskiy/subscriptions"],"organizations_url":["https://api.github.com/users/maximkoretskiy/orgs"],"repos_url":["https://api.github.com/users/maximkoretskiy/repos"],"events_url":["https://api.github.com/users/maximkoretskiy/events{/privacy}"],"received_events_url":["https://api.github.com/users/maximkoretskiy/received_events"],"type":["User"],"site_admin":[false]}
