{"login":["lvwzhen"],"id":[2337506],"node_id":["MDQ6VXNlcjIzMzc1MDY="],"avatar_url":["https://avatars2.githubusercontent.com/u/2337506?v=4"],"gravatar_id":[""],"url":["https://api.github.com/users/lvwzhen"],"html_url":["https://github.com/lvwzhen"],"followers_url":["https://api.github.com/users/lvwzhen/followers"],"following_url":["https://api.github.com/users/lvwzhen/following{/other_user}"],"gists_url":["https://api.github.com/users/lvwzhen/gists{/gist_id}"],"starred_url":["https://api.github.com/users/lvwzhen/starred{/owner}{/repo}"],"subscriptions_url":["https://api.github.com/users/lvwzhen/subscriptions"],"organizations_url":["https://api.github.com/users/lvwzhen/orgs"],"repos_url":["https://api.github.com/users/lvwzhen/repos"],"events_url":["https://api.github.com/users/lvwzhen/events{/privacy}"],"received_events_url":["https://api.github.com/users/lvwzhen/received_events"],"type":["User"],"site_admin":[false]}
