{"login":["AventaWonk"],"id":[23631872],"node_id":["MDQ6VXNlcjIzNjMxODcy"],"avatar_url":["https://avatars1.githubusercontent.com/u/23631872?v=4"],"gravatar_id":[""],"url":["https://api.github.com/users/AventaWonk"],"html_url":["https://github.com/AventaWonk"],"followers_url":["https://api.github.com/users/AventaWonk/followers"],"following_url":["https://api.github.com/users/AventaWonk/following{/other_user}"],"gists_url":["https://api.github.com/users/AventaWonk/gists{/gist_id}"],"starred_url":["https://api.github.com/users/AventaWonk/starred{/owner}{/repo}"],"subscriptions_url":["https://api.github.com/users/AventaWonk/subscriptions"],"organizations_url":["https://api.github.com/users/AventaWonk/orgs"],"repos_url":["https://api.github.com/users/AventaWonk/repos"],"events_url":["https://api.github.com/users/AventaWonk/events{/privacy}"],"received_events_url":["https://api.github.com/users/AventaWonk/received_events"],"type":["User"],"site_admin":[false]}
