{"login":["Barneybook"],"id":[236679],"node_id":["MDQ6VXNlcjIzNjY3OQ=="],"avatar_url":["https://avatars3.githubusercontent.com/u/236679?v=4"],"gravatar_id":[""],"url":["https://api.github.com/users/Barneybook"],"html_url":["https://github.com/Barneybook"],"followers_url":["https://api.github.com/users/Barneybook/followers"],"following_url":["https://api.github.com/users/Barneybook/following{/other_user}"],"gists_url":["https://api.github.com/users/Barneybook/gists{/gist_id}"],"starred_url":["https://api.github.com/users/Barneybook/starred{/owner}{/repo}"],"subscriptions_url":["https://api.github.com/users/Barneybook/subscriptions"],"organizations_url":["https://api.github.com/users/Barneybook/orgs"],"repos_url":["https://api.github.com/users/Barneybook/repos"],"events_url":["https://api.github.com/users/Barneybook/events{/privacy}"],"received_events_url":["https://api.github.com/users/Barneybook/received_events"],"type":["User"],"site_admin":[false]}
