{"login":["vlodko"],"id":[2395824],"node_id":["MDQ6VXNlcjIzOTU4MjQ="],"avatar_url":["https://avatars2.githubusercontent.com/u/2395824?v=4"],"gravatar_id":[""],"url":["https://api.github.com/users/vlodko"],"html_url":["https://github.com/vlodko"],"followers_url":["https://api.github.com/users/vlodko/followers"],"following_url":["https://api.github.com/users/vlodko/following{/other_user}"],"gists_url":["https://api.github.com/users/vlodko/gists{/gist_id}"],"starred_url":["https://api.github.com/users/vlodko/starred{/owner}{/repo}"],"subscriptions_url":["https://api.github.com/users/vlodko/subscriptions"],"organizations_url":["https://api.github.com/users/vlodko/orgs"],"repos_url":["https://api.github.com/users/vlodko/repos"],"events_url":["https://api.github.com/users/vlodko/events{/privacy}"],"received_events_url":["https://api.github.com/users/vlodko/received_events"],"type":["User"],"site_admin":[false]}
