{"login":["justinwoo"],"id":[2396926],"node_id":["MDQ6VXNlcjIzOTY5MjY="],"avatar_url":["https://avatars1.githubusercontent.com/u/2396926?v=4"],"gravatar_id":[""],"url":["https://api.github.com/users/justinwoo"],"html_url":["https://github.com/justinwoo"],"followers_url":["https://api.github.com/users/justinwoo/followers"],"following_url":["https://api.github.com/users/justinwoo/following{/other_user}"],"gists_url":["https://api.github.com/users/justinwoo/gists{/gist_id}"],"starred_url":["https://api.github.com/users/justinwoo/starred{/owner}{/repo}"],"subscriptions_url":["https://api.github.com/users/justinwoo/subscriptions"],"organizations_url":["https://api.github.com/users/justinwoo/orgs"],"repos_url":["https://api.github.com/users/justinwoo/repos"],"events_url":["https://api.github.com/users/justinwoo/events{/privacy}"],"received_events_url":["https://api.github.com/users/justinwoo/received_events"],"type":["User"],"site_admin":[false]}
