{"login":["acauamontiel"],"id":[2424784],"node_id":["MDQ6VXNlcjI0MjQ3ODQ="],"avatar_url":["https://avatars3.githubusercontent.com/u/2424784?v=4"],"gravatar_id":[""],"url":["https://api.github.com/users/acauamontiel"],"html_url":["https://github.com/acauamontiel"],"followers_url":["https://api.github.com/users/acauamontiel/followers"],"following_url":["https://api.github.com/users/acauamontiel/following{/other_user}"],"gists_url":["https://api.github.com/users/acauamontiel/gists{/gist_id}"],"starred_url":["https://api.github.com/users/acauamontiel/starred{/owner}{/repo}"],"subscriptions_url":["https://api.github.com/users/acauamontiel/subscriptions"],"organizations_url":["https://api.github.com/users/acauamontiel/orgs"],"repos_url":["https://api.github.com/users/acauamontiel/repos"],"events_url":["https://api.github.com/users/acauamontiel/events{/privacy}"],"received_events_url":["https://api.github.com/users/acauamontiel/received_events"],"type":["User"],"site_admin":[false]}
