{"login":["monokrome"],"id":[242997],"node_id":["MDQ6VXNlcjI0Mjk5Nw=="],"avatar_url":["https://avatars0.githubusercontent.com/u/242997?v=4"],"gravatar_id":[""],"url":["https://api.github.com/users/monokrome"],"html_url":["https://github.com/monokrome"],"followers_url":["https://api.github.com/users/monokrome/followers"],"following_url":["https://api.github.com/users/monokrome/following{/other_user}"],"gists_url":["https://api.github.com/users/monokrome/gists{/gist_id}"],"starred_url":["https://api.github.com/users/monokrome/starred{/owner}{/repo}"],"subscriptions_url":["https://api.github.com/users/monokrome/subscriptions"],"organizations_url":["https://api.github.com/users/monokrome/orgs"],"repos_url":["https://api.github.com/users/monokrome/repos"],"events_url":["https://api.github.com/users/monokrome/events{/privacy}"],"received_events_url":["https://api.github.com/users/monokrome/received_events"],"type":["User"],"site_admin":[false]}
