{"login":["forestihs"],"id":[24310598],"node_id":["MDQ6VXNlcjI0MzEwNTk4"],"avatar_url":["https://avatars3.githubusercontent.com/u/24310598?v=4"],"gravatar_id":[""],"url":["https://api.github.com/users/forestihs"],"html_url":["https://github.com/forestihs"],"followers_url":["https://api.github.com/users/forestihs/followers"],"following_url":["https://api.github.com/users/forestihs/following{/other_user}"],"gists_url":["https://api.github.com/users/forestihs/gists{/gist_id}"],"starred_url":["https://api.github.com/users/forestihs/starred{/owner}{/repo}"],"subscriptions_url":["https://api.github.com/users/forestihs/subscriptions"],"organizations_url":["https://api.github.com/users/forestihs/orgs"],"repos_url":["https://api.github.com/users/forestihs/repos"],"events_url":["https://api.github.com/users/forestihs/events{/privacy}"],"received_events_url":["https://api.github.com/users/forestihs/received_events"],"type":["User"],"site_admin":[false]}
