{"login":["yorkbc2"],"id":[24321227],"node_id":["MDQ6VXNlcjI0MzIxMjI3"],"avatar_url":["https://avatars0.githubusercontent.com/u/24321227?v=4"],"gravatar_id":[""],"url":["https://api.github.com/users/yorkbc2"],"html_url":["https://github.com/yorkbc2"],"followers_url":["https://api.github.com/users/yorkbc2/followers"],"following_url":["https://api.github.com/users/yorkbc2/following{/other_user}"],"gists_url":["https://api.github.com/users/yorkbc2/gists{/gist_id}"],"starred_url":["https://api.github.com/users/yorkbc2/starred{/owner}{/repo}"],"subscriptions_url":["https://api.github.com/users/yorkbc2/subscriptions"],"organizations_url":["https://api.github.com/users/yorkbc2/orgs"],"repos_url":["https://api.github.com/users/yorkbc2/repos"],"events_url":["https://api.github.com/users/yorkbc2/events{/privacy}"],"received_events_url":["https://api.github.com/users/yorkbc2/received_events"],"type":["User"],"site_admin":[false]}
