{"login":["judahn"],"id":[244228],"node_id":["MDQ6VXNlcjI0NDIyOA=="],"avatar_url":["https://avatars3.githubusercontent.com/u/244228?v=4"],"gravatar_id":[""],"url":["https://api.github.com/users/judahn"],"html_url":["https://github.com/judahn"],"followers_url":["https://api.github.com/users/judahn/followers"],"following_url":["https://api.github.com/users/judahn/following{/other_user}"],"gists_url":["https://api.github.com/users/judahn/gists{/gist_id}"],"starred_url":["https://api.github.com/users/judahn/starred{/owner}{/repo}"],"subscriptions_url":["https://api.github.com/users/judahn/subscriptions"],"organizations_url":["https://api.github.com/users/judahn/orgs"],"repos_url":["https://api.github.com/users/judahn/repos"],"events_url":["https://api.github.com/users/judahn/events{/privacy}"],"received_events_url":["https://api.github.com/users/judahn/received_events"],"type":["User"],"site_admin":[false]}
