{"login":["bodia-uz"],"id":[2445828],"node_id":["MDQ6VXNlcjI0NDU4Mjg="],"avatar_url":["https://avatars1.githubusercontent.com/u/2445828?v=4"],"gravatar_id":[""],"url":["https://api.github.com/users/bodia-uz"],"html_url":["https://github.com/bodia-uz"],"followers_url":["https://api.github.com/users/bodia-uz/followers"],"following_url":["https://api.github.com/users/bodia-uz/following{/other_user}"],"gists_url":["https://api.github.com/users/bodia-uz/gists{/gist_id}"],"starred_url":["https://api.github.com/users/bodia-uz/starred{/owner}{/repo}"],"subscriptions_url":["https://api.github.com/users/bodia-uz/subscriptions"],"organizations_url":["https://api.github.com/users/bodia-uz/orgs"],"repos_url":["https://api.github.com/users/bodia-uz/repos"],"events_url":["https://api.github.com/users/bodia-uz/events{/privacy}"],"received_events_url":["https://api.github.com/users/bodia-uz/received_events"],"type":["User"],"site_admin":[false]}
