{"login":["VinitraMk"],"id":[24473300],"node_id":["MDQ6VXNlcjI0NDczMzAw"],"avatar_url":["https://avatars0.githubusercontent.com/u/24473300?v=4"],"gravatar_id":[""],"url":["https://api.github.com/users/VinitraMk"],"html_url":["https://github.com/VinitraMk"],"followers_url":["https://api.github.com/users/VinitraMk/followers"],"following_url":["https://api.github.com/users/VinitraMk/following{/other_user}"],"gists_url":["https://api.github.com/users/VinitraMk/gists{/gist_id}"],"starred_url":["https://api.github.com/users/VinitraMk/starred{/owner}{/repo}"],"subscriptions_url":["https://api.github.com/users/VinitraMk/subscriptions"],"organizations_url":["https://api.github.com/users/VinitraMk/orgs"],"repos_url":["https://api.github.com/users/VinitraMk/repos"],"events_url":["https://api.github.com/users/VinitraMk/events{/privacy}"],"received_events_url":["https://api.github.com/users/VinitraMk/received_events"],"type":["User"],"site_admin":[false]}
