{"login":["DeepAnchor"],"id":[2448125],"node_id":["MDQ6VXNlcjI0NDgxMjU="],"avatar_url":["https://avatars2.githubusercontent.com/u/2448125?v=4"],"gravatar_id":[""],"url":["https://api.github.com/users/DeepAnchor"],"html_url":["https://github.com/DeepAnchor"],"followers_url":["https://api.github.com/users/DeepAnchor/followers"],"following_url":["https://api.github.com/users/DeepAnchor/following{/other_user}"],"gists_url":["https://api.github.com/users/DeepAnchor/gists{/gist_id}"],"starred_url":["https://api.github.com/users/DeepAnchor/starred{/owner}{/repo}"],"subscriptions_url":["https://api.github.com/users/DeepAnchor/subscriptions"],"organizations_url":["https://api.github.com/users/DeepAnchor/orgs"],"repos_url":["https://api.github.com/users/DeepAnchor/repos"],"events_url":["https://api.github.com/users/DeepAnchor/events{/privacy}"],"received_events_url":["https://api.github.com/users/DeepAnchor/received_events"],"type":["User"],"site_admin":[false]}
