{"login":["mikechau"],"id":[2453159],"node_id":["MDQ6VXNlcjI0NTMxNTk="],"avatar_url":["https://avatars2.githubusercontent.com/u/2453159?v=4"],"gravatar_id":[""],"url":["https://api.github.com/users/mikechau"],"html_url":["https://github.com/mikechau"],"followers_url":["https://api.github.com/users/mikechau/followers"],"following_url":["https://api.github.com/users/mikechau/following{/other_user}"],"gists_url":["https://api.github.com/users/mikechau/gists{/gist_id}"],"starred_url":["https://api.github.com/users/mikechau/starred{/owner}{/repo}"],"subscriptions_url":["https://api.github.com/users/mikechau/subscriptions"],"organizations_url":["https://api.github.com/users/mikechau/orgs"],"repos_url":["https://api.github.com/users/mikechau/repos"],"events_url":["https://api.github.com/users/mikechau/events{/privacy}"],"received_events_url":["https://api.github.com/users/mikechau/received_events"],"type":["User"],"site_admin":[false]}
