{"login":["mapleray"],"id":[2456854],"node_id":["MDQ6VXNlcjI0NTY4NTQ="],"avatar_url":["https://avatars0.githubusercontent.com/u/2456854?v=4"],"gravatar_id":[""],"url":["https://api.github.com/users/mapleray"],"html_url":["https://github.com/mapleray"],"followers_url":["https://api.github.com/users/mapleray/followers"],"following_url":["https://api.github.com/users/mapleray/following{/other_user}"],"gists_url":["https://api.github.com/users/mapleray/gists{/gist_id}"],"starred_url":["https://api.github.com/users/mapleray/starred{/owner}{/repo}"],"subscriptions_url":["https://api.github.com/users/mapleray/subscriptions"],"organizations_url":["https://api.github.com/users/mapleray/orgs"],"repos_url":["https://api.github.com/users/mapleray/repos"],"events_url":["https://api.github.com/users/mapleray/events{/privacy}"],"received_events_url":["https://api.github.com/users/mapleray/received_events"],"type":["User"],"site_admin":[false]}
