{"login":["aekbotensm"],"id":[24584707],"node_id":["MDQ6VXNlcjI0NTg0NzA3"],"avatar_url":["https://avatars1.githubusercontent.com/u/24584707?v=4"],"gravatar_id":[""],"url":["https://api.github.com/users/aekbotensm"],"html_url":["https://github.com/aekbotensm"],"followers_url":["https://api.github.com/users/aekbotensm/followers"],"following_url":["https://api.github.com/users/aekbotensm/following{/other_user}"],"gists_url":["https://api.github.com/users/aekbotensm/gists{/gist_id}"],"starred_url":["https://api.github.com/users/aekbotensm/starred{/owner}{/repo}"],"subscriptions_url":["https://api.github.com/users/aekbotensm/subscriptions"],"organizations_url":["https://api.github.com/users/aekbotensm/orgs"],"repos_url":["https://api.github.com/users/aekbotensm/repos"],"events_url":["https://api.github.com/users/aekbotensm/events{/privacy}"],"received_events_url":["https://api.github.com/users/aekbotensm/received_events"],"type":["User"],"site_admin":[false]}
