{"login":["bilakhiyaasif"],"id":[24765668],"node_id":["MDQ6VXNlcjI0NzY1NjY4"],"avatar_url":["https://avatars0.githubusercontent.com/u/24765668?v=4"],"gravatar_id":[""],"url":["https://api.github.com/users/bilakhiyaasif"],"html_url":["https://github.com/bilakhiyaasif"],"followers_url":["https://api.github.com/users/bilakhiyaasif/followers"],"following_url":["https://api.github.com/users/bilakhiyaasif/following{/other_user}"],"gists_url":["https://api.github.com/users/bilakhiyaasif/gists{/gist_id}"],"starred_url":["https://api.github.com/users/bilakhiyaasif/starred{/owner}{/repo}"],"subscriptions_url":["https://api.github.com/users/bilakhiyaasif/subscriptions"],"organizations_url":["https://api.github.com/users/bilakhiyaasif/orgs"],"repos_url":["https://api.github.com/users/bilakhiyaasif/repos"],"events_url":["https://api.github.com/users/bilakhiyaasif/events{/privacy}"],"received_events_url":["https://api.github.com/users/bilakhiyaasif/received_events"],"type":["User"],"site_admin":[false]}
