{"login":["rajendrav5"],"id":[2484357],"node_id":["MDQ6VXNlcjI0ODQzNTc="],"avatar_url":["https://avatars0.githubusercontent.com/u/2484357?v=4"],"gravatar_id":[""],"url":["https://api.github.com/users/rajendrav5"],"html_url":["https://github.com/rajendrav5"],"followers_url":["https://api.github.com/users/rajendrav5/followers"],"following_url":["https://api.github.com/users/rajendrav5/following{/other_user}"],"gists_url":["https://api.github.com/users/rajendrav5/gists{/gist_id}"],"starred_url":["https://api.github.com/users/rajendrav5/starred{/owner}{/repo}"],"subscriptions_url":["https://api.github.com/users/rajendrav5/subscriptions"],"organizations_url":["https://api.github.com/users/rajendrav5/orgs"],"repos_url":["https://api.github.com/users/rajendrav5/repos"],"events_url":["https://api.github.com/users/rajendrav5/events{/privacy}"],"received_events_url":["https://api.github.com/users/rajendrav5/received_events"],"type":["User"],"site_admin":[false]}
