{"login":["changalberto"],"id":[24946],"node_id":["MDQ6VXNlcjI0OTQ2"],"avatar_url":["https://avatars3.githubusercontent.com/u/24946?v=4"],"gravatar_id":[""],"url":["https://api.github.com/users/changalberto"],"html_url":["https://github.com/changalberto"],"followers_url":["https://api.github.com/users/changalberto/followers"],"following_url":["https://api.github.com/users/changalberto/following{/other_user}"],"gists_url":["https://api.github.com/users/changalberto/gists{/gist_id}"],"starred_url":["https://api.github.com/users/changalberto/starred{/owner}{/repo}"],"subscriptions_url":["https://api.github.com/users/changalberto/subscriptions"],"organizations_url":["https://api.github.com/users/changalberto/orgs"],"repos_url":["https://api.github.com/users/changalberto/repos"],"events_url":["https://api.github.com/users/changalberto/events{/privacy}"],"received_events_url":["https://api.github.com/users/changalberto/received_events"],"type":["User"],"site_admin":[false]}
