{"login":["DJDA"],"id":[2502296],"node_id":["MDQ6VXNlcjI1MDIyOTY="],"avatar_url":["https://avatars2.githubusercontent.com/u/2502296?v=4"],"gravatar_id":[""],"url":["https://api.github.com/users/DJDA"],"html_url":["https://github.com/DJDA"],"followers_url":["https://api.github.com/users/DJDA/followers"],"following_url":["https://api.github.com/users/DJDA/following{/other_user}"],"gists_url":["https://api.github.com/users/DJDA/gists{/gist_id}"],"starred_url":["https://api.github.com/users/DJDA/starred{/owner}{/repo}"],"subscriptions_url":["https://api.github.com/users/DJDA/subscriptions"],"organizations_url":["https://api.github.com/users/DJDA/orgs"],"repos_url":["https://api.github.com/users/DJDA/repos"],"events_url":["https://api.github.com/users/DJDA/events{/privacy}"],"received_events_url":["https://api.github.com/users/DJDA/received_events"],"type":["User"],"site_admin":[false]}
