{"login":["sjh"],"id":[25228],"node_id":["MDQ6VXNlcjI1MjI4"],"avatar_url":["https://avatars3.githubusercontent.com/u/25228?v=4"],"gravatar_id":[""],"url":["https://api.github.com/users/sjh"],"html_url":["https://github.com/sjh"],"followers_url":["https://api.github.com/users/sjh/followers"],"following_url":["https://api.github.com/users/sjh/following{/other_user}"],"gists_url":["https://api.github.com/users/sjh/gists{/gist_id}"],"starred_url":["https://api.github.com/users/sjh/starred{/owner}{/repo}"],"subscriptions_url":["https://api.github.com/users/sjh/subscriptions"],"organizations_url":["https://api.github.com/users/sjh/orgs"],"repos_url":["https://api.github.com/users/sjh/repos"],"events_url":["https://api.github.com/users/sjh/events{/privacy}"],"received_events_url":["https://api.github.com/users/sjh/received_events"],"type":["User"],"site_admin":[false]}
