{"login":["jtreml"],"id":[252217],"node_id":["MDQ6VXNlcjI1MjIxNw=="],"avatar_url":["https://avatars0.githubusercontent.com/u/252217?v=4"],"gravatar_id":[""],"url":["https://api.github.com/users/jtreml"],"html_url":["https://github.com/jtreml"],"followers_url":["https://api.github.com/users/jtreml/followers"],"following_url":["https://api.github.com/users/jtreml/following{/other_user}"],"gists_url":["https://api.github.com/users/jtreml/gists{/gist_id}"],"starred_url":["https://api.github.com/users/jtreml/starred{/owner}{/repo}"],"subscriptions_url":["https://api.github.com/users/jtreml/subscriptions"],"organizations_url":["https://api.github.com/users/jtreml/orgs"],"repos_url":["https://api.github.com/users/jtreml/repos"],"events_url":["https://api.github.com/users/jtreml/events{/privacy}"],"received_events_url":["https://api.github.com/users/jtreml/received_events"],"type":["User"],"site_admin":[false]}
