{"login":["laggingreflex"],"id":[2523987],"node_id":["MDQ6VXNlcjI1MjM5ODc="],"avatar_url":["https://avatars1.githubusercontent.com/u/2523987?v=4"],"gravatar_id":[""],"url":["https://api.github.com/users/laggingreflex"],"html_url":["https://github.com/laggingreflex"],"followers_url":["https://api.github.com/users/laggingreflex/followers"],"following_url":["https://api.github.com/users/laggingreflex/following{/other_user}"],"gists_url":["https://api.github.com/users/laggingreflex/gists{/gist_id}"],"starred_url":["https://api.github.com/users/laggingreflex/starred{/owner}{/repo}"],"subscriptions_url":["https://api.github.com/users/laggingreflex/subscriptions"],"organizations_url":["https://api.github.com/users/laggingreflex/orgs"],"repos_url":["https://api.github.com/users/laggingreflex/repos"],"events_url":["https://api.github.com/users/laggingreflex/events{/privacy}"],"received_events_url":["https://api.github.com/users/laggingreflex/received_events"],"type":["User"],"site_admin":[false]}
