{"login":["hedgerh"],"id":[2524280],"node_id":["MDQ6VXNlcjI1MjQyODA="],"avatar_url":["https://avatars2.githubusercontent.com/u/2524280?v=4"],"gravatar_id":[""],"url":["https://api.github.com/users/hedgerh"],"html_url":["https://github.com/hedgerh"],"followers_url":["https://api.github.com/users/hedgerh/followers"],"following_url":["https://api.github.com/users/hedgerh/following{/other_user}"],"gists_url":["https://api.github.com/users/hedgerh/gists{/gist_id}"],"starred_url":["https://api.github.com/users/hedgerh/starred{/owner}{/repo}"],"subscriptions_url":["https://api.github.com/users/hedgerh/subscriptions"],"organizations_url":["https://api.github.com/users/hedgerh/orgs"],"repos_url":["https://api.github.com/users/hedgerh/repos"],"events_url":["https://api.github.com/users/hedgerh/events{/privacy}"],"received_events_url":["https://api.github.com/users/hedgerh/received_events"],"type":["User"],"site_admin":[false]}
