{"login":["Kiku-git"],"id":[25382531],"node_id":["MDQ6VXNlcjI1MzgyNTMx"],"avatar_url":["https://avatars2.githubusercontent.com/u/25382531?v=4"],"gravatar_id":[""],"url":["https://api.github.com/users/Kiku-git"],"html_url":["https://github.com/Kiku-git"],"followers_url":["https://api.github.com/users/Kiku-git/followers"],"following_url":["https://api.github.com/users/Kiku-git/following{/other_user}"],"gists_url":["https://api.github.com/users/Kiku-git/gists{/gist_id}"],"starred_url":["https://api.github.com/users/Kiku-git/starred{/owner}{/repo}"],"subscriptions_url":["https://api.github.com/users/Kiku-git/subscriptions"],"organizations_url":["https://api.github.com/users/Kiku-git/orgs"],"repos_url":["https://api.github.com/users/Kiku-git/repos"],"events_url":["https://api.github.com/users/Kiku-git/events{/privacy}"],"received_events_url":["https://api.github.com/users/Kiku-git/received_events"],"type":["User"],"site_admin":[false]}
