{"login":["mourner"],"id":[25395],"node_id":["MDQ6VXNlcjI1Mzk1"],"avatar_url":["https://avatars1.githubusercontent.com/u/25395?v=4"],"gravatar_id":[""],"url":["https://api.github.com/users/mourner"],"html_url":["https://github.com/mourner"],"followers_url":["https://api.github.com/users/mourner/followers"],"following_url":["https://api.github.com/users/mourner/following{/other_user}"],"gists_url":["https://api.github.com/users/mourner/gists{/gist_id}"],"starred_url":["https://api.github.com/users/mourner/starred{/owner}{/repo}"],"subscriptions_url":["https://api.github.com/users/mourner/subscriptions"],"organizations_url":["https://api.github.com/users/mourner/orgs"],"repos_url":["https://api.github.com/users/mourner/repos"],"events_url":["https://api.github.com/users/mourner/events{/privacy}"],"received_events_url":["https://api.github.com/users/mourner/received_events"],"type":["User"],"site_admin":[false]}
