{"login":["3sanket3"],"id":[2539943],"node_id":["MDQ6VXNlcjI1Mzk5NDM="],"avatar_url":["https://avatars1.githubusercontent.com/u/2539943?v=4"],"gravatar_id":[""],"url":["https://api.github.com/users/3sanket3"],"html_url":["https://github.com/3sanket3"],"followers_url":["https://api.github.com/users/3sanket3/followers"],"following_url":["https://api.github.com/users/3sanket3/following{/other_user}"],"gists_url":["https://api.github.com/users/3sanket3/gists{/gist_id}"],"starred_url":["https://api.github.com/users/3sanket3/starred{/owner}{/repo}"],"subscriptions_url":["https://api.github.com/users/3sanket3/subscriptions"],"organizations_url":["https://api.github.com/users/3sanket3/orgs"],"repos_url":["https://api.github.com/users/3sanket3/repos"],"events_url":["https://api.github.com/users/3sanket3/events{/privacy}"],"received_events_url":["https://api.github.com/users/3sanket3/received_events"],"type":["User"],"site_admin":[false]}
