{"login":["StasKovalchuk"],"id":[25568867],"node_id":["MDQ6VXNlcjI1NTY4ODY3"],"avatar_url":["https://avatars0.githubusercontent.com/u/25568867?v=4"],"gravatar_id":[""],"url":["https://api.github.com/users/StasKovalchuk"],"html_url":["https://github.com/StasKovalchuk"],"followers_url":["https://api.github.com/users/StasKovalchuk/followers"],"following_url":["https://api.github.com/users/StasKovalchuk/following{/other_user}"],"gists_url":["https://api.github.com/users/StasKovalchuk/gists{/gist_id}"],"starred_url":["https://api.github.com/users/StasKovalchuk/starred{/owner}{/repo}"],"subscriptions_url":["https://api.github.com/users/StasKovalchuk/subscriptions"],"organizations_url":["https://api.github.com/users/StasKovalchuk/orgs"],"repos_url":["https://api.github.com/users/StasKovalchuk/repos"],"events_url":["https://api.github.com/users/StasKovalchuk/events{/privacy}"],"received_events_url":["https://api.github.com/users/StasKovalchuk/received_events"],"type":["User"],"site_admin":[false]}
