{"login":["aleksmiller"],"id":[2571448],"node_id":["MDQ6VXNlcjI1NzE0NDg="],"avatar_url":["https://avatars1.githubusercontent.com/u/2571448?v=4"],"gravatar_id":[""],"url":["https://api.github.com/users/aleksmiller"],"html_url":["https://github.com/aleksmiller"],"followers_url":["https://api.github.com/users/aleksmiller/followers"],"following_url":["https://api.github.com/users/aleksmiller/following{/other_user}"],"gists_url":["https://api.github.com/users/aleksmiller/gists{/gist_id}"],"starred_url":["https://api.github.com/users/aleksmiller/starred{/owner}{/repo}"],"subscriptions_url":["https://api.github.com/users/aleksmiller/subscriptions"],"organizations_url":["https://api.github.com/users/aleksmiller/orgs"],"repos_url":["https://api.github.com/users/aleksmiller/repos"],"events_url":["https://api.github.com/users/aleksmiller/events{/privacy}"],"received_events_url":["https://api.github.com/users/aleksmiller/received_events"],"type":["User"],"site_admin":[false]}
