{"login":["Akumzy"],"id":[25849232],"node_id":["MDQ6VXNlcjI1ODQ5MjMy"],"avatar_url":["https://avatars1.githubusercontent.com/u/25849232?v=4"],"gravatar_id":[""],"url":["https://api.github.com/users/Akumzy"],"html_url":["https://github.com/Akumzy"],"followers_url":["https://api.github.com/users/Akumzy/followers"],"following_url":["https://api.github.com/users/Akumzy/following{/other_user}"],"gists_url":["https://api.github.com/users/Akumzy/gists{/gist_id}"],"starred_url":["https://api.github.com/users/Akumzy/starred{/owner}{/repo}"],"subscriptions_url":["https://api.github.com/users/Akumzy/subscriptions"],"organizations_url":["https://api.github.com/users/Akumzy/orgs"],"repos_url":["https://api.github.com/users/Akumzy/repos"],"events_url":["https://api.github.com/users/Akumzy/events{/privacy}"],"received_events_url":["https://api.github.com/users/Akumzy/received_events"],"type":["User"],"site_admin":[false]}
