{"login":["Jordan-Gilliam"],"id":[25993686],"node_id":["MDQ6VXNlcjI1OTkzNjg2"],"avatar_url":["https://avatars0.githubusercontent.com/u/25993686?v=4"],"gravatar_id":[""],"url":["https://api.github.com/users/Jordan-Gilliam"],"html_url":["https://github.com/Jordan-Gilliam"],"followers_url":["https://api.github.com/users/Jordan-Gilliam/followers"],"following_url":["https://api.github.com/users/Jordan-Gilliam/following{/other_user}"],"gists_url":["https://api.github.com/users/Jordan-Gilliam/gists{/gist_id}"],"starred_url":["https://api.github.com/users/Jordan-Gilliam/starred{/owner}{/repo}"],"subscriptions_url":["https://api.github.com/users/Jordan-Gilliam/subscriptions"],"organizations_url":["https://api.github.com/users/Jordan-Gilliam/orgs"],"repos_url":["https://api.github.com/users/Jordan-Gilliam/repos"],"events_url":["https://api.github.com/users/Jordan-Gilliam/events{/privacy}"],"received_events_url":["https://api.github.com/users/Jordan-Gilliam/received_events"],"type":["User"],"site_admin":[false]}
