{"login":["creedfl"],"id":[26004971],"node_id":["MDQ6VXNlcjI2MDA0OTcx"],"avatar_url":["https://avatars1.githubusercontent.com/u/26004971?v=4"],"gravatar_id":[""],"url":["https://api.github.com/users/creedfl"],"html_url":["https://github.com/creedfl"],"followers_url":["https://api.github.com/users/creedfl/followers"],"following_url":["https://api.github.com/users/creedfl/following{/other_user}"],"gists_url":["https://api.github.com/users/creedfl/gists{/gist_id}"],"starred_url":["https://api.github.com/users/creedfl/starred{/owner}{/repo}"],"subscriptions_url":["https://api.github.com/users/creedfl/subscriptions"],"organizations_url":["https://api.github.com/users/creedfl/orgs"],"repos_url":["https://api.github.com/users/creedfl/repos"],"events_url":["https://api.github.com/users/creedfl/events{/privacy}"],"received_events_url":["https://api.github.com/users/creedfl/received_events"],"type":["User"],"site_admin":[false]}
