{"login":["stdcall"],"id":[260849],"node_id":["MDQ6VXNlcjI2MDg0OQ=="],"avatar_url":["https://avatars0.githubusercontent.com/u/260849?v=4"],"gravatar_id":[""],"url":["https://api.github.com/users/stdcall"],"html_url":["https://github.com/stdcall"],"followers_url":["https://api.github.com/users/stdcall/followers"],"following_url":["https://api.github.com/users/stdcall/following{/other_user}"],"gists_url":["https://api.github.com/users/stdcall/gists{/gist_id}"],"starred_url":["https://api.github.com/users/stdcall/starred{/owner}{/repo}"],"subscriptions_url":["https://api.github.com/users/stdcall/subscriptions"],"organizations_url":["https://api.github.com/users/stdcall/orgs"],"repos_url":["https://api.github.com/users/stdcall/repos"],"events_url":["https://api.github.com/users/stdcall/events{/privacy}"],"received_events_url":["https://api.github.com/users/stdcall/received_events"],"type":["User"],"site_admin":[false]}
