{"login":["fanatid"],"id":[2633065],"node_id":["MDQ6VXNlcjI2MzMwNjU="],"avatar_url":["https://avatars2.githubusercontent.com/u/2633065?v=4"],"gravatar_id":[""],"url":["https://api.github.com/users/fanatid"],"html_url":["https://github.com/fanatid"],"followers_url":["https://api.github.com/users/fanatid/followers"],"following_url":["https://api.github.com/users/fanatid/following{/other_user}"],"gists_url":["https://api.github.com/users/fanatid/gists{/gist_id}"],"starred_url":["https://api.github.com/users/fanatid/starred{/owner}{/repo}"],"subscriptions_url":["https://api.github.com/users/fanatid/subscriptions"],"organizations_url":["https://api.github.com/users/fanatid/orgs"],"repos_url":["https://api.github.com/users/fanatid/repos"],"events_url":["https://api.github.com/users/fanatid/events{/privacy}"],"received_events_url":["https://api.github.com/users/fanatid/received_events"],"type":["User"],"site_admin":[false]}
