{"login":["jackycute"],"id":[2639151],"node_id":["MDQ6VXNlcjI2MzkxNTE="],"avatar_url":["https://avatars0.githubusercontent.com/u/2639151?v=4"],"gravatar_id":[""],"url":["https://api.github.com/users/jackycute"],"html_url":["https://github.com/jackycute"],"followers_url":["https://api.github.com/users/jackycute/followers"],"following_url":["https://api.github.com/users/jackycute/following{/other_user}"],"gists_url":["https://api.github.com/users/jackycute/gists{/gist_id}"],"starred_url":["https://api.github.com/users/jackycute/starred{/owner}{/repo}"],"subscriptions_url":["https://api.github.com/users/jackycute/subscriptions"],"organizations_url":["https://api.github.com/users/jackycute/orgs"],"repos_url":["https://api.github.com/users/jackycute/repos"],"events_url":["https://api.github.com/users/jackycute/events{/privacy}"],"received_events_url":["https://api.github.com/users/jackycute/received_events"],"type":["User"],"site_admin":[false]}
