{"login":["lunix01"],"id":[2650209],"node_id":["MDQ6VXNlcjI2NTAyMDk="],"avatar_url":["https://avatars2.githubusercontent.com/u/2650209?v=4"],"gravatar_id":[""],"url":["https://api.github.com/users/lunix01"],"html_url":["https://github.com/lunix01"],"followers_url":["https://api.github.com/users/lunix01/followers"],"following_url":["https://api.github.com/users/lunix01/following{/other_user}"],"gists_url":["https://api.github.com/users/lunix01/gists{/gist_id}"],"starred_url":["https://api.github.com/users/lunix01/starred{/owner}{/repo}"],"subscriptions_url":["https://api.github.com/users/lunix01/subscriptions"],"organizations_url":["https://api.github.com/users/lunix01/orgs"],"repos_url":["https://api.github.com/users/lunix01/repos"],"events_url":["https://api.github.com/users/lunix01/events{/privacy}"],"received_events_url":["https://api.github.com/users/lunix01/received_events"],"type":["User"],"site_admin":[false]}
