{"login":["RaymondCrandall"],"id":[265108],"node_id":["MDQ6VXNlcjI2NTEwOA=="],"avatar_url":["https://avatars1.githubusercontent.com/u/265108?v=4"],"gravatar_id":[""],"url":["https://api.github.com/users/RaymondCrandall"],"html_url":["https://github.com/RaymondCrandall"],"followers_url":["https://api.github.com/users/RaymondCrandall/followers"],"following_url":["https://api.github.com/users/RaymondCrandall/following{/other_user}"],"gists_url":["https://api.github.com/users/RaymondCrandall/gists{/gist_id}"],"starred_url":["https://api.github.com/users/RaymondCrandall/starred{/owner}{/repo}"],"subscriptions_url":["https://api.github.com/users/RaymondCrandall/subscriptions"],"organizations_url":["https://api.github.com/users/RaymondCrandall/orgs"],"repos_url":["https://api.github.com/users/RaymondCrandall/repos"],"events_url":["https://api.github.com/users/RaymondCrandall/events{/privacy}"],"received_events_url":["https://api.github.com/users/RaymondCrandall/received_events"],"type":["User"],"site_admin":[false]}
