{"login":["calledT"],"id":[2672969],"node_id":["MDQ6VXNlcjI2NzI5Njk="],"avatar_url":["https://avatars2.githubusercontent.com/u/2672969?v=4"],"gravatar_id":[""],"url":["https://api.github.com/users/calledT"],"html_url":["https://github.com/calledT"],"followers_url":["https://api.github.com/users/calledT/followers"],"following_url":["https://api.github.com/users/calledT/following{/other_user}"],"gists_url":["https://api.github.com/users/calledT/gists{/gist_id}"],"starred_url":["https://api.github.com/users/calledT/starred{/owner}{/repo}"],"subscriptions_url":["https://api.github.com/users/calledT/subscriptions"],"organizations_url":["https://api.github.com/users/calledT/orgs"],"repos_url":["https://api.github.com/users/calledT/repos"],"events_url":["https://api.github.com/users/calledT/events{/privacy}"],"received_events_url":["https://api.github.com/users/calledT/received_events"],"type":["User"],"site_admin":[false]}
