{"login":["saraankaseasaraan"],"id":[27087409],"node_id":["MDQ6VXNlcjI3MDg3NDA5"],"avatar_url":["https://avatars3.githubusercontent.com/u/27087409?v=4"],"gravatar_id":[""],"url":["https://api.github.com/users/saraankaseasaraan"],"html_url":["https://github.com/saraankaseasaraan"],"followers_url":["https://api.github.com/users/saraankaseasaraan/followers"],"following_url":["https://api.github.com/users/saraankaseasaraan/following{/other_user}"],"gists_url":["https://api.github.com/users/saraankaseasaraan/gists{/gist_id}"],"starred_url":["https://api.github.com/users/saraankaseasaraan/starred{/owner}{/repo}"],"subscriptions_url":["https://api.github.com/users/saraankaseasaraan/subscriptions"],"organizations_url":["https://api.github.com/users/saraankaseasaraan/orgs"],"repos_url":["https://api.github.com/users/saraankaseasaraan/repos"],"events_url":["https://api.github.com/users/saraankaseasaraan/events{/privacy}"],"received_events_url":["https://api.github.com/users/saraankaseasaraan/received_events"],"type":["User"],"site_admin":[false]}
