{"login":["japanajama"],"id":[2726938],"node_id":["MDQ6VXNlcjI3MjY5Mzg="],"avatar_url":["https://avatars2.githubusercontent.com/u/2726938?v=4"],"gravatar_id":[""],"url":["https://api.github.com/users/japanajama"],"html_url":["https://github.com/japanajama"],"followers_url":["https://api.github.com/users/japanajama/followers"],"following_url":["https://api.github.com/users/japanajama/following{/other_user}"],"gists_url":["https://api.github.com/users/japanajama/gists{/gist_id}"],"starred_url":["https://api.github.com/users/japanajama/starred{/owner}{/repo}"],"subscriptions_url":["https://api.github.com/users/japanajama/subscriptions"],"organizations_url":["https://api.github.com/users/japanajama/orgs"],"repos_url":["https://api.github.com/users/japanajama/repos"],"events_url":["https://api.github.com/users/japanajama/events{/privacy}"],"received_events_url":["https://api.github.com/users/japanajama/received_events"],"type":["User"],"site_admin":[false]}
