{"login":["MengJueM"],"id":[2742842],"node_id":["MDQ6VXNlcjI3NDI4NDI="],"avatar_url":["https://avatars3.githubusercontent.com/u/2742842?v=4"],"gravatar_id":[""],"url":["https://api.github.com/users/MengJueM"],"html_url":["https://github.com/MengJueM"],"followers_url":["https://api.github.com/users/MengJueM/followers"],"following_url":["https://api.github.com/users/MengJueM/following{/other_user}"],"gists_url":["https://api.github.com/users/MengJueM/gists{/gist_id}"],"starred_url":["https://api.github.com/users/MengJueM/starred{/owner}{/repo}"],"subscriptions_url":["https://api.github.com/users/MengJueM/subscriptions"],"organizations_url":["https://api.github.com/users/MengJueM/orgs"],"repos_url":["https://api.github.com/users/MengJueM/repos"],"events_url":["https://api.github.com/users/MengJueM/events{/privacy}"],"received_events_url":["https://api.github.com/users/MengJueM/received_events"],"type":["User"],"site_admin":[false]}
