{"login":["shad0wind"],"id":[27640781],"node_id":["MDQ6VXNlcjI3NjQwNzgx"],"avatar_url":["https://avatars0.githubusercontent.com/u/27640781?v=4"],"gravatar_id":[""],"url":["https://api.github.com/users/shad0wind"],"html_url":["https://github.com/shad0wind"],"followers_url":["https://api.github.com/users/shad0wind/followers"],"following_url":["https://api.github.com/users/shad0wind/following{/other_user}"],"gists_url":["https://api.github.com/users/shad0wind/gists{/gist_id}"],"starred_url":["https://api.github.com/users/shad0wind/starred{/owner}{/repo}"],"subscriptions_url":["https://api.github.com/users/shad0wind/subscriptions"],"organizations_url":["https://api.github.com/users/shad0wind/orgs"],"repos_url":["https://api.github.com/users/shad0wind/repos"],"events_url":["https://api.github.com/users/shad0wind/events{/privacy}"],"received_events_url":["https://api.github.com/users/shad0wind/received_events"],"type":["User"],"site_admin":[false]}
