{"login":["willsoto"],"id":[2791730],"node_id":["MDQ6VXNlcjI3OTE3MzA="],"avatar_url":["https://avatars2.githubusercontent.com/u/2791730?v=4"],"gravatar_id":[""],"url":["https://api.github.com/users/willsoto"],"html_url":["https://github.com/willsoto"],"followers_url":["https://api.github.com/users/willsoto/followers"],"following_url":["https://api.github.com/users/willsoto/following{/other_user}"],"gists_url":["https://api.github.com/users/willsoto/gists{/gist_id}"],"starred_url":["https://api.github.com/users/willsoto/starred{/owner}{/repo}"],"subscriptions_url":["https://api.github.com/users/willsoto/subscriptions"],"organizations_url":["https://api.github.com/users/willsoto/orgs"],"repos_url":["https://api.github.com/users/willsoto/repos"],"events_url":["https://api.github.com/users/willsoto/events{/privacy}"],"received_events_url":["https://api.github.com/users/willsoto/received_events"],"type":["User"],"site_admin":[false]}
