{"login":["weaver-viii"],"id":[2807040],"node_id":["MDQ6VXNlcjI4MDcwNDA="],"avatar_url":["https://avatars1.githubusercontent.com/u/2807040?v=4"],"gravatar_id":[""],"url":["https://api.github.com/users/weaver-viii"],"html_url":["https://github.com/weaver-viii"],"followers_url":["https://api.github.com/users/weaver-viii/followers"],"following_url":["https://api.github.com/users/weaver-viii/following{/other_user}"],"gists_url":["https://api.github.com/users/weaver-viii/gists{/gist_id}"],"starred_url":["https://api.github.com/users/weaver-viii/starred{/owner}{/repo}"],"subscriptions_url":["https://api.github.com/users/weaver-viii/subscriptions"],"organizations_url":["https://api.github.com/users/weaver-viii/orgs"],"repos_url":["https://api.github.com/users/weaver-viii/repos"],"events_url":["https://api.github.com/users/weaver-viii/events{/privacy}"],"received_events_url":["https://api.github.com/users/weaver-viii/received_events"],"type":["User"],"site_admin":[false]}
