{"login":["bilunyk"],"id":[2814694],"node_id":["MDQ6VXNlcjI4MTQ2OTQ="],"avatar_url":["https://avatars1.githubusercontent.com/u/2814694?v=4"],"gravatar_id":[""],"url":["https://api.github.com/users/bilunyk"],"html_url":["https://github.com/bilunyk"],"followers_url":["https://api.github.com/users/bilunyk/followers"],"following_url":["https://api.github.com/users/bilunyk/following{/other_user}"],"gists_url":["https://api.github.com/users/bilunyk/gists{/gist_id}"],"starred_url":["https://api.github.com/users/bilunyk/starred{/owner}{/repo}"],"subscriptions_url":["https://api.github.com/users/bilunyk/subscriptions"],"organizations_url":["https://api.github.com/users/bilunyk/orgs"],"repos_url":["https://api.github.com/users/bilunyk/repos"],"events_url":["https://api.github.com/users/bilunyk/events{/privacy}"],"received_events_url":["https://api.github.com/users/bilunyk/received_events"],"type":["User"],"site_admin":[false]}
