{"login":["sandersgutierrez"],"id":[2822437],"node_id":["MDQ6VXNlcjI4MjI0Mzc="],"avatar_url":["https://avatars0.githubusercontent.com/u/2822437?v=4"],"gravatar_id":[""],"url":["https://api.github.com/users/sandersgutierrez"],"html_url":["https://github.com/sandersgutierrez"],"followers_url":["https://api.github.com/users/sandersgutierrez/followers"],"following_url":["https://api.github.com/users/sandersgutierrez/following{/other_user}"],"gists_url":["https://api.github.com/users/sandersgutierrez/gists{/gist_id}"],"starred_url":["https://api.github.com/users/sandersgutierrez/starred{/owner}{/repo}"],"subscriptions_url":["https://api.github.com/users/sandersgutierrez/subscriptions"],"organizations_url":["https://api.github.com/users/sandersgutierrez/orgs"],"repos_url":["https://api.github.com/users/sandersgutierrez/repos"],"events_url":["https://api.github.com/users/sandersgutierrez/events{/privacy}"],"received_events_url":["https://api.github.com/users/sandersgutierrez/received_events"],"type":["User"],"site_admin":[false]}
