{"login":["shovon"],"id":[284576],"node_id":["MDQ6VXNlcjI4NDU3Ng=="],"avatar_url":["https://avatars3.githubusercontent.com/u/284576?v=4"],"gravatar_id":[""],"url":["https://api.github.com/users/shovon"],"html_url":["https://github.com/shovon"],"followers_url":["https://api.github.com/users/shovon/followers"],"following_url":["https://api.github.com/users/shovon/following{/other_user}"],"gists_url":["https://api.github.com/users/shovon/gists{/gist_id}"],"starred_url":["https://api.github.com/users/shovon/starred{/owner}{/repo}"],"subscriptions_url":["https://api.github.com/users/shovon/subscriptions"],"organizations_url":["https://api.github.com/users/shovon/orgs"],"repos_url":["https://api.github.com/users/shovon/repos"],"events_url":["https://api.github.com/users/shovon/events{/privacy}"],"received_events_url":["https://api.github.com/users/shovon/received_events"],"type":["User"],"site_admin":[false]}
