{"login":["vasilysinitsin"],"id":[28749502],"node_id":["MDQ6VXNlcjI4NzQ5NTAy"],"avatar_url":["https://avatars3.githubusercontent.com/u/28749502?v=4"],"gravatar_id":[""],"url":["https://api.github.com/users/vasilysinitsin"],"html_url":["https://github.com/vasilysinitsin"],"followers_url":["https://api.github.com/users/vasilysinitsin/followers"],"following_url":["https://api.github.com/users/vasilysinitsin/following{/other_user}"],"gists_url":["https://api.github.com/users/vasilysinitsin/gists{/gist_id}"],"starred_url":["https://api.github.com/users/vasilysinitsin/starred{/owner}{/repo}"],"subscriptions_url":["https://api.github.com/users/vasilysinitsin/subscriptions"],"organizations_url":["https://api.github.com/users/vasilysinitsin/orgs"],"repos_url":["https://api.github.com/users/vasilysinitsin/repos"],"events_url":["https://api.github.com/users/vasilysinitsin/events{/privacy}"],"received_events_url":["https://api.github.com/users/vasilysinitsin/received_events"],"type":["User"],"site_admin":[false]}
