{"login":["yanno"],"id":[2885097],"node_id":["MDQ6VXNlcjI4ODUwOTc="],"avatar_url":["https://avatars2.githubusercontent.com/u/2885097?v=4"],"gravatar_id":[""],"url":["https://api.github.com/users/yanno"],"html_url":["https://github.com/yanno"],"followers_url":["https://api.github.com/users/yanno/followers"],"following_url":["https://api.github.com/users/yanno/following{/other_user}"],"gists_url":["https://api.github.com/users/yanno/gists{/gist_id}"],"starred_url":["https://api.github.com/users/yanno/starred{/owner}{/repo}"],"subscriptions_url":["https://api.github.com/users/yanno/subscriptions"],"organizations_url":["https://api.github.com/users/yanno/orgs"],"repos_url":["https://api.github.com/users/yanno/repos"],"events_url":["https://api.github.com/users/yanno/events{/privacy}"],"received_events_url":["https://api.github.com/users/yanno/received_events"],"type":["User"],"site_admin":[false]}
