{"login":["rogaldh"],"id":[2886029],"node_id":["MDQ6VXNlcjI4ODYwMjk="],"avatar_url":["https://avatars3.githubusercontent.com/u/2886029?v=4"],"gravatar_id":[""],"url":["https://api.github.com/users/rogaldh"],"html_url":["https://github.com/rogaldh"],"followers_url":["https://api.github.com/users/rogaldh/followers"],"following_url":["https://api.github.com/users/rogaldh/following{/other_user}"],"gists_url":["https://api.github.com/users/rogaldh/gists{/gist_id}"],"starred_url":["https://api.github.com/users/rogaldh/starred{/owner}{/repo}"],"subscriptions_url":["https://api.github.com/users/rogaldh/subscriptions"],"organizations_url":["https://api.github.com/users/rogaldh/orgs"],"repos_url":["https://api.github.com/users/rogaldh/repos"],"events_url":["https://api.github.com/users/rogaldh/events{/privacy}"],"received_events_url":["https://api.github.com/users/rogaldh/received_events"],"type":["User"],"site_admin":[false]}
