{"login":["pinkpink96"],"id":[28888081],"node_id":["MDQ6VXNlcjI4ODg4MDgx"],"avatar_url":["https://avatars2.githubusercontent.com/u/28888081?v=4"],"gravatar_id":[""],"url":["https://api.github.com/users/pinkpink96"],"html_url":["https://github.com/pinkpink96"],"followers_url":["https://api.github.com/users/pinkpink96/followers"],"following_url":["https://api.github.com/users/pinkpink96/following{/other_user}"],"gists_url":["https://api.github.com/users/pinkpink96/gists{/gist_id}"],"starred_url":["https://api.github.com/users/pinkpink96/starred{/owner}{/repo}"],"subscriptions_url":["https://api.github.com/users/pinkpink96/subscriptions"],"organizations_url":["https://api.github.com/users/pinkpink96/orgs"],"repos_url":["https://api.github.com/users/pinkpink96/repos"],"events_url":["https://api.github.com/users/pinkpink96/events{/privacy}"],"received_events_url":["https://api.github.com/users/pinkpink96/received_events"],"type":["User"],"site_admin":[false]}
