{"login":["zwhu"],"id":[2899806],"node_id":["MDQ6VXNlcjI4OTk4MDY="],"avatar_url":["https://avatars1.githubusercontent.com/u/2899806?v=4"],"gravatar_id":[""],"url":["https://api.github.com/users/zwhu"],"html_url":["https://github.com/zwhu"],"followers_url":["https://api.github.com/users/zwhu/followers"],"following_url":["https://api.github.com/users/zwhu/following{/other_user}"],"gists_url":["https://api.github.com/users/zwhu/gists{/gist_id}"],"starred_url":["https://api.github.com/users/zwhu/starred{/owner}{/repo}"],"subscriptions_url":["https://api.github.com/users/zwhu/subscriptions"],"organizations_url":["https://api.github.com/users/zwhu/orgs"],"repos_url":["https://api.github.com/users/zwhu/repos"],"events_url":["https://api.github.com/users/zwhu/events{/privacy}"],"received_events_url":["https://api.github.com/users/zwhu/received_events"],"type":["User"],"site_admin":[false]}
