{"login":["elipskiy"],"id":[2931416],"node_id":["MDQ6VXNlcjI5MzE0MTY="],"avatar_url":["https://avatars1.githubusercontent.com/u/2931416?v=4"],"gravatar_id":[""],"url":["https://api.github.com/users/elipskiy"],"html_url":["https://github.com/elipskiy"],"followers_url":["https://api.github.com/users/elipskiy/followers"],"following_url":["https://api.github.com/users/elipskiy/following{/other_user}"],"gists_url":["https://api.github.com/users/elipskiy/gists{/gist_id}"],"starred_url":["https://api.github.com/users/elipskiy/starred{/owner}{/repo}"],"subscriptions_url":["https://api.github.com/users/elipskiy/subscriptions"],"organizations_url":["https://api.github.com/users/elipskiy/orgs"],"repos_url":["https://api.github.com/users/elipskiy/repos"],"events_url":["https://api.github.com/users/elipskiy/events{/privacy}"],"received_events_url":["https://api.github.com/users/elipskiy/received_events"],"type":["User"],"site_admin":[false]}
