{"login":["imbhargav5"],"id":[2936644],"node_id":["MDQ6VXNlcjI5MzY2NDQ="],"avatar_url":["https://avatars2.githubusercontent.com/u/2936644?v=4"],"gravatar_id":[""],"url":["https://api.github.com/users/imbhargav5"],"html_url":["https://github.com/imbhargav5"],"followers_url":["https://api.github.com/users/imbhargav5/followers"],"following_url":["https://api.github.com/users/imbhargav5/following{/other_user}"],"gists_url":["https://api.github.com/users/imbhargav5/gists{/gist_id}"],"starred_url":["https://api.github.com/users/imbhargav5/starred{/owner}{/repo}"],"subscriptions_url":["https://api.github.com/users/imbhargav5/subscriptions"],"organizations_url":["https://api.github.com/users/imbhargav5/orgs"],"repos_url":["https://api.github.com/users/imbhargav5/repos"],"events_url":["https://api.github.com/users/imbhargav5/events{/privacy}"],"received_events_url":["https://api.github.com/users/imbhargav5/received_events"],"type":["User"],"site_admin":[false]}
