{"login":["paullisovski"],"id":[29820841],"node_id":["MDQ6VXNlcjI5ODIwODQx"],"avatar_url":["https://avatars1.githubusercontent.com/u/29820841?v=4"],"gravatar_id":[""],"url":["https://api.github.com/users/paullisovski"],"html_url":["https://github.com/paullisovski"],"followers_url":["https://api.github.com/users/paullisovski/followers"],"following_url":["https://api.github.com/users/paullisovski/following{/other_user}"],"gists_url":["https://api.github.com/users/paullisovski/gists{/gist_id}"],"starred_url":["https://api.github.com/users/paullisovski/starred{/owner}{/repo}"],"subscriptions_url":["https://api.github.com/users/paullisovski/subscriptions"],"organizations_url":["https://api.github.com/users/paullisovski/orgs"],"repos_url":["https://api.github.com/users/paullisovski/repos"],"events_url":["https://api.github.com/users/paullisovski/events{/privacy}"],"received_events_url":["https://api.github.com/users/paullisovski/received_events"],"type":["User"],"site_admin":[false]}
