{"login":["afj176"],"id":[301960],"node_id":["MDQ6VXNlcjMwMTk2MA=="],"avatar_url":["https://avatars0.githubusercontent.com/u/301960?v=4"],"gravatar_id":[""],"url":["https://api.github.com/users/afj176"],"html_url":["https://github.com/afj176"],"followers_url":["https://api.github.com/users/afj176/followers"],"following_url":["https://api.github.com/users/afj176/following{/other_user}"],"gists_url":["https://api.github.com/users/afj176/gists{/gist_id}"],"starred_url":["https://api.github.com/users/afj176/starred{/owner}{/repo}"],"subscriptions_url":["https://api.github.com/users/afj176/subscriptions"],"organizations_url":["https://api.github.com/users/afj176/orgs"],"repos_url":["https://api.github.com/users/afj176/repos"],"events_url":["https://api.github.com/users/afj176/events{/privacy}"],"received_events_url":["https://api.github.com/users/afj176/received_events"],"type":["User"],"site_admin":[false]}
