{"login":["zetoke"],"id":[301917],"node_id":["MDQ6VXNlcjMwMTkxNw=="],"avatar_url":["https://avatars0.githubusercontent.com/u/301917?v=4"],"gravatar_id":[""],"url":["https://api.github.com/users/zetoke"],"html_url":["https://github.com/zetoke"],"followers_url":["https://api.github.com/users/zetoke/followers"],"following_url":["https://api.github.com/users/zetoke/following{/other_user}"],"gists_url":["https://api.github.com/users/zetoke/gists{/gist_id}"],"starred_url":["https://api.github.com/users/zetoke/starred{/owner}{/repo}"],"subscriptions_url":["https://api.github.com/users/zetoke/subscriptions"],"organizations_url":["https://api.github.com/users/zetoke/orgs"],"repos_url":["https://api.github.com/users/zetoke/repos"],"events_url":["https://api.github.com/users/zetoke/events{/privacy}"],"received_events_url":["https://api.github.com/users/zetoke/received_events"],"type":["User"],"site_admin":[false]}
