{"login":["bradberger"],"id":[3027536],"node_id":["MDQ6VXNlcjMwMjc1MzY="],"avatar_url":["https://avatars0.githubusercontent.com/u/3027536?v=4"],"gravatar_id":[""],"url":["https://api.github.com/users/bradberger"],"html_url":["https://github.com/bradberger"],"followers_url":["https://api.github.com/users/bradberger/followers"],"following_url":["https://api.github.com/users/bradberger/following{/other_user}"],"gists_url":["https://api.github.com/users/bradberger/gists{/gist_id}"],"starred_url":["https://api.github.com/users/bradberger/starred{/owner}{/repo}"],"subscriptions_url":["https://api.github.com/users/bradberger/subscriptions"],"organizations_url":["https://api.github.com/users/bradberger/orgs"],"repos_url":["https://api.github.com/users/bradberger/repos"],"events_url":["https://api.github.com/users/bradberger/events{/privacy}"],"received_events_url":["https://api.github.com/users/bradberger/received_events"],"type":["User"],"site_admin":[false]}
