{"login":["Zenormous"],"id":[30282135],"node_id":["MDQ6VXNlcjMwMjgyMTM1"],"avatar_url":["https://avatars2.githubusercontent.com/u/30282135?v=4"],"gravatar_id":[""],"url":["https://api.github.com/users/Zenormous"],"html_url":["https://github.com/Zenormous"],"followers_url":["https://api.github.com/users/Zenormous/followers"],"following_url":["https://api.github.com/users/Zenormous/following{/other_user}"],"gists_url":["https://api.github.com/users/Zenormous/gists{/gist_id}"],"starred_url":["https://api.github.com/users/Zenormous/starred{/owner}{/repo}"],"subscriptions_url":["https://api.github.com/users/Zenormous/subscriptions"],"organizations_url":["https://api.github.com/users/Zenormous/orgs"],"repos_url":["https://api.github.com/users/Zenormous/repos"],"events_url":["https://api.github.com/users/Zenormous/events{/privacy}"],"received_events_url":["https://api.github.com/users/Zenormous/received_events"],"type":["User"],"site_admin":[false]}
