{"login":["paulgeronca"],"id":[3032261],"node_id":["MDQ6VXNlcjMwMzIyNjE="],"avatar_url":["https://avatars2.githubusercontent.com/u/3032261?v=4"],"gravatar_id":[""],"url":["https://api.github.com/users/paulgeronca"],"html_url":["https://github.com/paulgeronca"],"followers_url":["https://api.github.com/users/paulgeronca/followers"],"following_url":["https://api.github.com/users/paulgeronca/following{/other_user}"],"gists_url":["https://api.github.com/users/paulgeronca/gists{/gist_id}"],"starred_url":["https://api.github.com/users/paulgeronca/starred{/owner}{/repo}"],"subscriptions_url":["https://api.github.com/users/paulgeronca/subscriptions"],"organizations_url":["https://api.github.com/users/paulgeronca/orgs"],"repos_url":["https://api.github.com/users/paulgeronca/repos"],"events_url":["https://api.github.com/users/paulgeronca/events{/privacy}"],"received_events_url":["https://api.github.com/users/paulgeronca/received_events"],"type":["User"],"site_admin":[false]}
