{"login":["71emj"],"id":[30872576],"node_id":["MDQ6VXNlcjMwODcyNTc2"],"avatar_url":["https://avatars3.githubusercontent.com/u/30872576?v=4"],"gravatar_id":[""],"url":["https://api.github.com/users/71emj"],"html_url":["https://github.com/71emj"],"followers_url":["https://api.github.com/users/71emj/followers"],"following_url":["https://api.github.com/users/71emj/following{/other_user}"],"gists_url":["https://api.github.com/users/71emj/gists{/gist_id}"],"starred_url":["https://api.github.com/users/71emj/starred{/owner}{/repo}"],"subscriptions_url":["https://api.github.com/users/71emj/subscriptions"],"organizations_url":["https://api.github.com/users/71emj/orgs"],"repos_url":["https://api.github.com/users/71emj/repos"],"events_url":["https://api.github.com/users/71emj/events{/privacy}"],"received_events_url":["https://api.github.com/users/71emj/received_events"],"type":["User"],"site_admin":[false]}
