{"login":["dk5483"],"id":[30896281],"node_id":["MDQ6VXNlcjMwODk2Mjgx"],"avatar_url":["https://avatars0.githubusercontent.com/u/30896281?v=4"],"gravatar_id":[""],"url":["https://api.github.com/users/dk5483"],"html_url":["https://github.com/dk5483"],"followers_url":["https://api.github.com/users/dk5483/followers"],"following_url":["https://api.github.com/users/dk5483/following{/other_user}"],"gists_url":["https://api.github.com/users/dk5483/gists{/gist_id}"],"starred_url":["https://api.github.com/users/dk5483/starred{/owner}{/repo}"],"subscriptions_url":["https://api.github.com/users/dk5483/subscriptions"],"organizations_url":["https://api.github.com/users/dk5483/orgs"],"repos_url":["https://api.github.com/users/dk5483/repos"],"events_url":["https://api.github.com/users/dk5483/events{/privacy}"],"received_events_url":["https://api.github.com/users/dk5483/received_events"],"type":["User"],"site_admin":[false]}
