{"login":["vinayakpatil"],"id":[3096223],"node_id":["MDQ6VXNlcjMwOTYyMjM="],"avatar_url":["https://avatars0.githubusercontent.com/u/3096223?v=4"],"gravatar_id":[""],"url":["https://api.github.com/users/vinayakpatil"],"html_url":["https://github.com/vinayakpatil"],"followers_url":["https://api.github.com/users/vinayakpatil/followers"],"following_url":["https://api.github.com/users/vinayakpatil/following{/other_user}"],"gists_url":["https://api.github.com/users/vinayakpatil/gists{/gist_id}"],"starred_url":["https://api.github.com/users/vinayakpatil/starred{/owner}{/repo}"],"subscriptions_url":["https://api.github.com/users/vinayakpatil/subscriptions"],"organizations_url":["https://api.github.com/users/vinayakpatil/orgs"],"repos_url":["https://api.github.com/users/vinayakpatil/repos"],"events_url":["https://api.github.com/users/vinayakpatil/events{/privacy}"],"received_events_url":["https://api.github.com/users/vinayakpatil/received_events"],"type":["User"],"site_admin":[false]}
