{"login":["KatherineWorley"],"id":[31477079],"node_id":["MDQ6VXNlcjMxNDc3MDc5"],"avatar_url":["https://avatars3.githubusercontent.com/u/31477079?v=4"],"gravatar_id":[""],"url":["https://api.github.com/users/KatherineWorley"],"html_url":["https://github.com/KatherineWorley"],"followers_url":["https://api.github.com/users/KatherineWorley/followers"],"following_url":["https://api.github.com/users/KatherineWorley/following{/other_user}"],"gists_url":["https://api.github.com/users/KatherineWorley/gists{/gist_id}"],"starred_url":["https://api.github.com/users/KatherineWorley/starred{/owner}{/repo}"],"subscriptions_url":["https://api.github.com/users/KatherineWorley/subscriptions"],"organizations_url":["https://api.github.com/users/KatherineWorley/orgs"],"repos_url":["https://api.github.com/users/KatherineWorley/repos"],"events_url":["https://api.github.com/users/KatherineWorley/events{/privacy}"],"received_events_url":["https://api.github.com/users/KatherineWorley/received_events"],"type":["User"],"site_admin":[false]}
