{"login":["vanstyn"],"id":[3148505],"node_id":["MDQ6VXNlcjMxNDg1MDU="],"avatar_url":["https://avatars2.githubusercontent.com/u/3148505?v=4"],"gravatar_id":[""],"url":["https://api.github.com/users/vanstyn"],"html_url":["https://github.com/vanstyn"],"followers_url":["https://api.github.com/users/vanstyn/followers"],"following_url":["https://api.github.com/users/vanstyn/following{/other_user}"],"gists_url":["https://api.github.com/users/vanstyn/gists{/gist_id}"],"starred_url":["https://api.github.com/users/vanstyn/starred{/owner}{/repo}"],"subscriptions_url":["https://api.github.com/users/vanstyn/subscriptions"],"organizations_url":["https://api.github.com/users/vanstyn/orgs"],"repos_url":["https://api.github.com/users/vanstyn/repos"],"events_url":["https://api.github.com/users/vanstyn/events{/privacy}"],"received_events_url":["https://api.github.com/users/vanstyn/received_events"],"type":["User"],"site_admin":[false]}
