{"login":["goshakkk"],"id":[315596],"node_id":["MDQ6VXNlcjMxNTU5Ng=="],"avatar_url":["https://avatars0.githubusercontent.com/u/315596?v=4"],"gravatar_id":[""],"url":["https://api.github.com/users/goshakkk"],"html_url":["https://github.com/goshakkk"],"followers_url":["https://api.github.com/users/goshakkk/followers"],"following_url":["https://api.github.com/users/goshakkk/following{/other_user}"],"gists_url":["https://api.github.com/users/goshakkk/gists{/gist_id}"],"starred_url":["https://api.github.com/users/goshakkk/starred{/owner}{/repo}"],"subscriptions_url":["https://api.github.com/users/goshakkk/subscriptions"],"organizations_url":["https://api.github.com/users/goshakkk/orgs"],"repos_url":["https://api.github.com/users/goshakkk/repos"],"events_url":["https://api.github.com/users/goshakkk/events{/privacy}"],"received_events_url":["https://api.github.com/users/goshakkk/received_events"],"type":["User"],"site_admin":[false]}
