{"login":["jabedhasan21"],"id":[3176882],"node_id":["MDQ6VXNlcjMxNzY4ODI="],"avatar_url":["https://avatars0.githubusercontent.com/u/3176882?v=4"],"gravatar_id":[""],"url":["https://api.github.com/users/jabedhasan21"],"html_url":["https://github.com/jabedhasan21"],"followers_url":["https://api.github.com/users/jabedhasan21/followers"],"following_url":["https://api.github.com/users/jabedhasan21/following{/other_user}"],"gists_url":["https://api.github.com/users/jabedhasan21/gists{/gist_id}"],"starred_url":["https://api.github.com/users/jabedhasan21/starred{/owner}{/repo}"],"subscriptions_url":["https://api.github.com/users/jabedhasan21/subscriptions"],"organizations_url":["https://api.github.com/users/jabedhasan21/orgs"],"repos_url":["https://api.github.com/users/jabedhasan21/repos"],"events_url":["https://api.github.com/users/jabedhasan21/events{/privacy}"],"received_events_url":["https://api.github.com/users/jabedhasan21/received_events"],"type":["User"],"site_admin":[false]}
