{"login":["jfcurat"],"id":[31782186],"node_id":["MDQ6VXNlcjMxNzgyMTg2"],"avatar_url":["https://avatars1.githubusercontent.com/u/31782186?v=4"],"gravatar_id":[""],"url":["https://api.github.com/users/jfcurat"],"html_url":["https://github.com/jfcurat"],"followers_url":["https://api.github.com/users/jfcurat/followers"],"following_url":["https://api.github.com/users/jfcurat/following{/other_user}"],"gists_url":["https://api.github.com/users/jfcurat/gists{/gist_id}"],"starred_url":["https://api.github.com/users/jfcurat/starred{/owner}{/repo}"],"subscriptions_url":["https://api.github.com/users/jfcurat/subscriptions"],"organizations_url":["https://api.github.com/users/jfcurat/orgs"],"repos_url":["https://api.github.com/users/jfcurat/repos"],"events_url":["https://api.github.com/users/jfcurat/events{/privacy}"],"received_events_url":["https://api.github.com/users/jfcurat/received_events"],"type":["User"],"site_admin":[false]}
