{"login":["wolfram77"],"id":[3179612],"node_id":["MDQ6VXNlcjMxNzk2MTI="],"avatar_url":["https://avatars1.githubusercontent.com/u/3179612?v=4"],"gravatar_id":[""],"url":["https://api.github.com/users/wolfram77"],"html_url":["https://github.com/wolfram77"],"followers_url":["https://api.github.com/users/wolfram77/followers"],"following_url":["https://api.github.com/users/wolfram77/following{/other_user}"],"gists_url":["https://api.github.com/users/wolfram77/gists{/gist_id}"],"starred_url":["https://api.github.com/users/wolfram77/starred{/owner}{/repo}"],"subscriptions_url":["https://api.github.com/users/wolfram77/subscriptions"],"organizations_url":["https://api.github.com/users/wolfram77/orgs"],"repos_url":["https://api.github.com/users/wolfram77/repos"],"events_url":["https://api.github.com/users/wolfram77/events{/privacy}"],"received_events_url":["https://api.github.com/users/wolfram77/received_events"],"type":["User"],"site_admin":[false]}
