{"login":["aykuttasil"],"id":[3179872],"node_id":["MDQ6VXNlcjMxNzk4NzI="],"avatar_url":["https://avatars1.githubusercontent.com/u/3179872?v=4"],"gravatar_id":[""],"url":["https://api.github.com/users/aykuttasil"],"html_url":["https://github.com/aykuttasil"],"followers_url":["https://api.github.com/users/aykuttasil/followers"],"following_url":["https://api.github.com/users/aykuttasil/following{/other_user}"],"gists_url":["https://api.github.com/users/aykuttasil/gists{/gist_id}"],"starred_url":["https://api.github.com/users/aykuttasil/starred{/owner}{/repo}"],"subscriptions_url":["https://api.github.com/users/aykuttasil/subscriptions"],"organizations_url":["https://api.github.com/users/aykuttasil/orgs"],"repos_url":["https://api.github.com/users/aykuttasil/repos"],"events_url":["https://api.github.com/users/aykuttasil/events{/privacy}"],"received_events_url":["https://api.github.com/users/aykuttasil/received_events"],"type":["User"],"site_admin":[false]}
