{"login":["jits"],"id":[31973],"node_id":["MDQ6VXNlcjMxOTcz"],"avatar_url":["https://avatars2.githubusercontent.com/u/31973?v=4"],"gravatar_id":[""],"url":["https://api.github.com/users/jits"],"html_url":["https://github.com/jits"],"followers_url":["https://api.github.com/users/jits/followers"],"following_url":["https://api.github.com/users/jits/following{/other_user}"],"gists_url":["https://api.github.com/users/jits/gists{/gist_id}"],"starred_url":["https://api.github.com/users/jits/starred{/owner}{/repo}"],"subscriptions_url":["https://api.github.com/users/jits/subscriptions"],"organizations_url":["https://api.github.com/users/jits/orgs"],"repos_url":["https://api.github.com/users/jits/repos"],"events_url":["https://api.github.com/users/jits/events{/privacy}"],"received_events_url":["https://api.github.com/users/jits/received_events"],"type":["User"],"site_admin":[false]}
