{"login":["Michelino"],"id":[3198775],"node_id":["MDQ6VXNlcjMxOTg3NzU="],"avatar_url":["https://avatars0.githubusercontent.com/u/3198775?v=4"],"gravatar_id":[""],"url":["https://api.github.com/users/Michelino"],"html_url":["https://github.com/Michelino"],"followers_url":["https://api.github.com/users/Michelino/followers"],"following_url":["https://api.github.com/users/Michelino/following{/other_user}"],"gists_url":["https://api.github.com/users/Michelino/gists{/gist_id}"],"starred_url":["https://api.github.com/users/Michelino/starred{/owner}{/repo}"],"subscriptions_url":["https://api.github.com/users/Michelino/subscriptions"],"organizations_url":["https://api.github.com/users/Michelino/orgs"],"repos_url":["https://api.github.com/users/Michelino/repos"],"events_url":["https://api.github.com/users/Michelino/events{/privacy}"],"received_events_url":["https://api.github.com/users/Michelino/received_events"],"type":["User"],"site_admin":[false]}
