{"login":["DrewFindlay"],"id":[32103335],"node_id":["MDQ6VXNlcjMyMTAzMzM1"],"avatar_url":["https://avatars3.githubusercontent.com/u/32103335?v=4"],"gravatar_id":[""],"url":["https://api.github.com/users/DrewFindlay"],"html_url":["https://github.com/DrewFindlay"],"followers_url":["https://api.github.com/users/DrewFindlay/followers"],"following_url":["https://api.github.com/users/DrewFindlay/following{/other_user}"],"gists_url":["https://api.github.com/users/DrewFindlay/gists{/gist_id}"],"starred_url":["https://api.github.com/users/DrewFindlay/starred{/owner}{/repo}"],"subscriptions_url":["https://api.github.com/users/DrewFindlay/subscriptions"],"organizations_url":["https://api.github.com/users/DrewFindlay/orgs"],"repos_url":["https://api.github.com/users/DrewFindlay/repos"],"events_url":["https://api.github.com/users/DrewFindlay/events{/privacy}"],"received_events_url":["https://api.github.com/users/DrewFindlay/received_events"],"type":["User"],"site_admin":[false]}
