{"login":["khanghoang"],"id":[3213579],"node_id":["MDQ6VXNlcjMyMTM1Nzk="],"avatar_url":["https://avatars1.githubusercontent.com/u/3213579?v=4"],"gravatar_id":[""],"url":["https://api.github.com/users/khanghoang"],"html_url":["https://github.com/khanghoang"],"followers_url":["https://api.github.com/users/khanghoang/followers"],"following_url":["https://api.github.com/users/khanghoang/following{/other_user}"],"gists_url":["https://api.github.com/users/khanghoang/gists{/gist_id}"],"starred_url":["https://api.github.com/users/khanghoang/starred{/owner}{/repo}"],"subscriptions_url":["https://api.github.com/users/khanghoang/subscriptions"],"organizations_url":["https://api.github.com/users/khanghoang/orgs"],"repos_url":["https://api.github.com/users/khanghoang/repos"],"events_url":["https://api.github.com/users/khanghoang/events{/privacy}"],"received_events_url":["https://api.github.com/users/khanghoang/received_events"],"type":["User"],"site_admin":[false]}
