{"login":["shrediingerscat"],"id":[32705937],"node_id":["MDQ6VXNlcjMyNzA1OTM3"],"avatar_url":["https://avatars1.githubusercontent.com/u/32705937?v=4"],"gravatar_id":[""],"url":["https://api.github.com/users/shrediingerscat"],"html_url":["https://github.com/shrediingerscat"],"followers_url":["https://api.github.com/users/shrediingerscat/followers"],"following_url":["https://api.github.com/users/shrediingerscat/following{/other_user}"],"gists_url":["https://api.github.com/users/shrediingerscat/gists{/gist_id}"],"starred_url":["https://api.github.com/users/shrediingerscat/starred{/owner}{/repo}"],"subscriptions_url":["https://api.github.com/users/shrediingerscat/subscriptions"],"organizations_url":["https://api.github.com/users/shrediingerscat/orgs"],"repos_url":["https://api.github.com/users/shrediingerscat/repos"],"events_url":["https://api.github.com/users/shrediingerscat/events{/privacy}"],"received_events_url":["https://api.github.com/users/shrediingerscat/received_events"],"type":["User"],"site_admin":[false]}
