{"login":["flyingmate"],"id":[32774],"node_id":["MDQ6VXNlcjMyNzc0"],"avatar_url":["https://avatars0.githubusercontent.com/u/32774?v=4"],"gravatar_id":[""],"url":["https://api.github.com/users/flyingmate"],"html_url":["https://github.com/flyingmate"],"followers_url":["https://api.github.com/users/flyingmate/followers"],"following_url":["https://api.github.com/users/flyingmate/following{/other_user}"],"gists_url":["https://api.github.com/users/flyingmate/gists{/gist_id}"],"starred_url":["https://api.github.com/users/flyingmate/starred{/owner}{/repo}"],"subscriptions_url":["https://api.github.com/users/flyingmate/subscriptions"],"organizations_url":["https://api.github.com/users/flyingmate/orgs"],"repos_url":["https://api.github.com/users/flyingmate/repos"],"events_url":["https://api.github.com/users/flyingmate/events{/privacy}"],"received_events_url":["https://api.github.com/users/flyingmate/received_events"],"type":["User"],"site_admin":[false]}
