{"login":["seamusjr"],"id":[327782],"node_id":["MDQ6VXNlcjMyNzc4Mg=="],"avatar_url":["https://avatars0.githubusercontent.com/u/327782?v=4"],"gravatar_id":[""],"url":["https://api.github.com/users/seamusjr"],"html_url":["https://github.com/seamusjr"],"followers_url":["https://api.github.com/users/seamusjr/followers"],"following_url":["https://api.github.com/users/seamusjr/following{/other_user}"],"gists_url":["https://api.github.com/users/seamusjr/gists{/gist_id}"],"starred_url":["https://api.github.com/users/seamusjr/starred{/owner}{/repo}"],"subscriptions_url":["https://api.github.com/users/seamusjr/subscriptions"],"organizations_url":["https://api.github.com/users/seamusjr/orgs"],"repos_url":["https://api.github.com/users/seamusjr/repos"],"events_url":["https://api.github.com/users/seamusjr/events{/privacy}"],"received_events_url":["https://api.github.com/users/seamusjr/received_events"],"type":["User"],"site_admin":[false]}
