{"login":["mhnpd"],"id":[33191954],"node_id":["MDQ6VXNlcjMzMTkxOTU0"],"avatar_url":["https://avatars2.githubusercontent.com/u/33191954?v=4"],"gravatar_id":[""],"url":["https://api.github.com/users/mhnpd"],"html_url":["https://github.com/mhnpd"],"followers_url":["https://api.github.com/users/mhnpd/followers"],"following_url":["https://api.github.com/users/mhnpd/following{/other_user}"],"gists_url":["https://api.github.com/users/mhnpd/gists{/gist_id}"],"starred_url":["https://api.github.com/users/mhnpd/starred{/owner}{/repo}"],"subscriptions_url":["https://api.github.com/users/mhnpd/subscriptions"],"organizations_url":["https://api.github.com/users/mhnpd/orgs"],"repos_url":["https://api.github.com/users/mhnpd/repos"],"events_url":["https://api.github.com/users/mhnpd/events{/privacy}"],"received_events_url":["https://api.github.com/users/mhnpd/received_events"],"type":["User"],"site_admin":[false]}
