{"login":["ryndel"],"id":[335481],"node_id":["MDQ6VXNlcjMzNTQ4MQ=="],"avatar_url":["https://avatars3.githubusercontent.com/u/335481?v=4"],"gravatar_id":[""],"url":["https://api.github.com/users/ryndel"],"html_url":["https://github.com/ryndel"],"followers_url":["https://api.github.com/users/ryndel/followers"],"following_url":["https://api.github.com/users/ryndel/following{/other_user}"],"gists_url":["https://api.github.com/users/ryndel/gists{/gist_id}"],"starred_url":["https://api.github.com/users/ryndel/starred{/owner}{/repo}"],"subscriptions_url":["https://api.github.com/users/ryndel/subscriptions"],"organizations_url":["https://api.github.com/users/ryndel/orgs"],"repos_url":["https://api.github.com/users/ryndel/repos"],"events_url":["https://api.github.com/users/ryndel/events{/privacy}"],"received_events_url":["https://api.github.com/users/ryndel/received_events"],"type":["User"],"site_admin":[false]}
