{"login":["Vit0ld"],"id":[3364951],"node_id":["MDQ6VXNlcjMzNjQ5NTE="],"avatar_url":["https://avatars1.githubusercontent.com/u/3364951?v=4"],"gravatar_id":[""],"url":["https://api.github.com/users/Vit0ld"],"html_url":["https://github.com/Vit0ld"],"followers_url":["https://api.github.com/users/Vit0ld/followers"],"following_url":["https://api.github.com/users/Vit0ld/following{/other_user}"],"gists_url":["https://api.github.com/users/Vit0ld/gists{/gist_id}"],"starred_url":["https://api.github.com/users/Vit0ld/starred{/owner}{/repo}"],"subscriptions_url":["https://api.github.com/users/Vit0ld/subscriptions"],"organizations_url":["https://api.github.com/users/Vit0ld/orgs"],"repos_url":["https://api.github.com/users/Vit0ld/repos"],"events_url":["https://api.github.com/users/Vit0ld/events{/privacy}"],"received_events_url":["https://api.github.com/users/Vit0ld/received_events"],"type":["User"],"site_admin":[false]}
