{"login":["gudh"],"id":[3378031],"node_id":["MDQ6VXNlcjMzNzgwMzE="],"avatar_url":["https://avatars3.githubusercontent.com/u/3378031?v=4"],"gravatar_id":[""],"url":["https://api.github.com/users/gudh"],"html_url":["https://github.com/gudh"],"followers_url":["https://api.github.com/users/gudh/followers"],"following_url":["https://api.github.com/users/gudh/following{/other_user}"],"gists_url":["https://api.github.com/users/gudh/gists{/gist_id}"],"starred_url":["https://api.github.com/users/gudh/starred{/owner}{/repo}"],"subscriptions_url":["https://api.github.com/users/gudh/subscriptions"],"organizations_url":["https://api.github.com/users/gudh/orgs"],"repos_url":["https://api.github.com/users/gudh/repos"],"events_url":["https://api.github.com/users/gudh/events{/privacy}"],"received_events_url":["https://api.github.com/users/gudh/received_events"],"type":["User"],"site_admin":[false]}
