{"login":["exlee"],"id":[3380474],"node_id":["MDQ6VXNlcjMzODA0NzQ="],"avatar_url":["https://avatars2.githubusercontent.com/u/3380474?v=4"],"gravatar_id":[""],"url":["https://api.github.com/users/exlee"],"html_url":["https://github.com/exlee"],"followers_url":["https://api.github.com/users/exlee/followers"],"following_url":["https://api.github.com/users/exlee/following{/other_user}"],"gists_url":["https://api.github.com/users/exlee/gists{/gist_id}"],"starred_url":["https://api.github.com/users/exlee/starred{/owner}{/repo}"],"subscriptions_url":["https://api.github.com/users/exlee/subscriptions"],"organizations_url":["https://api.github.com/users/exlee/orgs"],"repos_url":["https://api.github.com/users/exlee/repos"],"events_url":["https://api.github.com/users/exlee/events{/privacy}"],"received_events_url":["https://api.github.com/users/exlee/received_events"],"type":["User"],"site_admin":[false]}
