{"login":["ayxos"],"id":[3403938],"node_id":["MDQ6VXNlcjM0MDM5Mzg="],"avatar_url":["https://avatars3.githubusercontent.com/u/3403938?v=4"],"gravatar_id":[""],"url":["https://api.github.com/users/ayxos"],"html_url":["https://github.com/ayxos"],"followers_url":["https://api.github.com/users/ayxos/followers"],"following_url":["https://api.github.com/users/ayxos/following{/other_user}"],"gists_url":["https://api.github.com/users/ayxos/gists{/gist_id}"],"starred_url":["https://api.github.com/users/ayxos/starred{/owner}{/repo}"],"subscriptions_url":["https://api.github.com/users/ayxos/subscriptions"],"organizations_url":["https://api.github.com/users/ayxos/orgs"],"repos_url":["https://api.github.com/users/ayxos/repos"],"events_url":["https://api.github.com/users/ayxos/events{/privacy}"],"received_events_url":["https://api.github.com/users/ayxos/received_events"],"type":["User"],"site_admin":[false]}
