{"login":["xiyau"],"id":[34277561],"node_id":["MDQ6VXNlcjM0Mjc3NTYx"],"avatar_url":["https://avatars1.githubusercontent.com/u/34277561?v=4"],"gravatar_id":[""],"url":["https://api.github.com/users/xiyau"],"html_url":["https://github.com/xiyau"],"followers_url":["https://api.github.com/users/xiyau/followers"],"following_url":["https://api.github.com/users/xiyau/following{/other_user}"],"gists_url":["https://api.github.com/users/xiyau/gists{/gist_id}"],"starred_url":["https://api.github.com/users/xiyau/starred{/owner}{/repo}"],"subscriptions_url":["https://api.github.com/users/xiyau/subscriptions"],"organizations_url":["https://api.github.com/users/xiyau/orgs"],"repos_url":["https://api.github.com/users/xiyau/repos"],"events_url":["https://api.github.com/users/xiyau/events{/privacy}"],"received_events_url":["https://api.github.com/users/xiyau/received_events"],"type":["User"],"site_admin":[false]}
