{"login":["kirushyk"],"id":[3447431],"node_id":["MDQ6VXNlcjM0NDc0MzE="],"avatar_url":["https://avatars0.githubusercontent.com/u/3447431?v=4"],"gravatar_id":[""],"url":["https://api.github.com/users/kirushyk"],"html_url":["https://github.com/kirushyk"],"followers_url":["https://api.github.com/users/kirushyk/followers"],"following_url":["https://api.github.com/users/kirushyk/following{/other_user}"],"gists_url":["https://api.github.com/users/kirushyk/gists{/gist_id}"],"starred_url":["https://api.github.com/users/kirushyk/starred{/owner}{/repo}"],"subscriptions_url":["https://api.github.com/users/kirushyk/subscriptions"],"organizations_url":["https://api.github.com/users/kirushyk/orgs"],"repos_url":["https://api.github.com/users/kirushyk/repos"],"events_url":["https://api.github.com/users/kirushyk/events{/privacy}"],"received_events_url":["https://api.github.com/users/kirushyk/received_events"],"type":["User"],"site_admin":[false]}
