{"login":["weiguoping2014"],"id":[34763042],"node_id":["MDQ6VXNlcjM0NzYzMDQy"],"avatar_url":["https://avatars0.githubusercontent.com/u/34763042?v=4"],"gravatar_id":[""],"url":["https://api.github.com/users/weiguoping2014"],"html_url":["https://github.com/weiguoping2014"],"followers_url":["https://api.github.com/users/weiguoping2014/followers"],"following_url":["https://api.github.com/users/weiguoping2014/following{/other_user}"],"gists_url":["https://api.github.com/users/weiguoping2014/gists{/gist_id}"],"starred_url":["https://api.github.com/users/weiguoping2014/starred{/owner}{/repo}"],"subscriptions_url":["https://api.github.com/users/weiguoping2014/subscriptions"],"organizations_url":["https://api.github.com/users/weiguoping2014/orgs"],"repos_url":["https://api.github.com/users/weiguoping2014/repos"],"events_url":["https://api.github.com/users/weiguoping2014/events{/privacy}"],"received_events_url":["https://api.github.com/users/weiguoping2014/received_events"],"type":["User"],"site_admin":[false]}
