{"login":["CharlieSmith97"],"id":[34772853],"node_id":["MDQ6VXNlcjM0NzcyODUz"],"avatar_url":["https://avatars3.githubusercontent.com/u/34772853?v=4"],"gravatar_id":[""],"url":["https://api.github.com/users/CharlieSmith97"],"html_url":["https://github.com/CharlieSmith97"],"followers_url":["https://api.github.com/users/CharlieSmith97/followers"],"following_url":["https://api.github.com/users/CharlieSmith97/following{/other_user}"],"gists_url":["https://api.github.com/users/CharlieSmith97/gists{/gist_id}"],"starred_url":["https://api.github.com/users/CharlieSmith97/starred{/owner}{/repo}"],"subscriptions_url":["https://api.github.com/users/CharlieSmith97/subscriptions"],"organizations_url":["https://api.github.com/users/CharlieSmith97/orgs"],"repos_url":["https://api.github.com/users/CharlieSmith97/repos"],"events_url":["https://api.github.com/users/CharlieSmith97/events{/privacy}"],"received_events_url":["https://api.github.com/users/CharlieSmith97/received_events"],"type":["User"],"site_admin":[false]}
