{"login":["cesutherland"],"id":[348406],"node_id":["MDQ6VXNlcjM0ODQwNg=="],"avatar_url":["https://avatars2.githubusercontent.com/u/348406?v=4"],"gravatar_id":[""],"url":["https://api.github.com/users/cesutherland"],"html_url":["https://github.com/cesutherland"],"followers_url":["https://api.github.com/users/cesutherland/followers"],"following_url":["https://api.github.com/users/cesutherland/following{/other_user}"],"gists_url":["https://api.github.com/users/cesutherland/gists{/gist_id}"],"starred_url":["https://api.github.com/users/cesutherland/starred{/owner}{/repo}"],"subscriptions_url":["https://api.github.com/users/cesutherland/subscriptions"],"organizations_url":["https://api.github.com/users/cesutherland/orgs"],"repos_url":["https://api.github.com/users/cesutherland/repos"],"events_url":["https://api.github.com/users/cesutherland/events{/privacy}"],"received_events_url":["https://api.github.com/users/cesutherland/received_events"],"type":["User"],"site_admin":[false]}
