{"login":["lukateake"],"id":[348611],"node_id":["MDQ6VXNlcjM0ODYxMQ=="],"avatar_url":["https://avatars2.githubusercontent.com/u/348611?v=4"],"gravatar_id":[""],"url":["https://api.github.com/users/lukateake"],"html_url":["https://github.com/lukateake"],"followers_url":["https://api.github.com/users/lukateake/followers"],"following_url":["https://api.github.com/users/lukateake/following{/other_user}"],"gists_url":["https://api.github.com/users/lukateake/gists{/gist_id}"],"starred_url":["https://api.github.com/users/lukateake/starred{/owner}{/repo}"],"subscriptions_url":["https://api.github.com/users/lukateake/subscriptions"],"organizations_url":["https://api.github.com/users/lukateake/orgs"],"repos_url":["https://api.github.com/users/lukateake/repos"],"events_url":["https://api.github.com/users/lukateake/events{/privacy}"],"received_events_url":["https://api.github.com/users/lukateake/received_events"],"type":["User"],"site_admin":[false]}
