{"login":["rikkalo"],"id":[3524991],"node_id":["MDQ6VXNlcjM1MjQ5OTE="],"avatar_url":["https://avatars1.githubusercontent.com/u/3524991?v=4"],"gravatar_id":[""],"url":["https://api.github.com/users/rikkalo"],"html_url":["https://github.com/rikkalo"],"followers_url":["https://api.github.com/users/rikkalo/followers"],"following_url":["https://api.github.com/users/rikkalo/following{/other_user}"],"gists_url":["https://api.github.com/users/rikkalo/gists{/gist_id}"],"starred_url":["https://api.github.com/users/rikkalo/starred{/owner}{/repo}"],"subscriptions_url":["https://api.github.com/users/rikkalo/subscriptions"],"organizations_url":["https://api.github.com/users/rikkalo/orgs"],"repos_url":["https://api.github.com/users/rikkalo/repos"],"events_url":["https://api.github.com/users/rikkalo/events{/privacy}"],"received_events_url":["https://api.github.com/users/rikkalo/received_events"],"type":["User"],"site_admin":[false]}
