{"login":["sallyca"],"id":[352616],"node_id":["MDQ6VXNlcjM1MjYxNg=="],"avatar_url":["https://avatars1.githubusercontent.com/u/352616?v=4"],"gravatar_id":[""],"url":["https://api.github.com/users/sallyca"],"html_url":["https://github.com/sallyca"],"followers_url":["https://api.github.com/users/sallyca/followers"],"following_url":["https://api.github.com/users/sallyca/following{/other_user}"],"gists_url":["https://api.github.com/users/sallyca/gists{/gist_id}"],"starred_url":["https://api.github.com/users/sallyca/starred{/owner}{/repo}"],"subscriptions_url":["https://api.github.com/users/sallyca/subscriptions"],"organizations_url":["https://api.github.com/users/sallyca/orgs"],"repos_url":["https://api.github.com/users/sallyca/repos"],"events_url":["https://api.github.com/users/sallyca/events{/privacy}"],"received_events_url":["https://api.github.com/users/sallyca/received_events"],"type":["User"],"site_admin":[false]}
