{"login":["kirylpl"],"id":[3589618],"node_id":["MDQ6VXNlcjM1ODk2MTg="],"avatar_url":["https://avatars3.githubusercontent.com/u/3589618?v=4"],"gravatar_id":[""],"url":["https://api.github.com/users/kirylpl"],"html_url":["https://github.com/kirylpl"],"followers_url":["https://api.github.com/users/kirylpl/followers"],"following_url":["https://api.github.com/users/kirylpl/following{/other_user}"],"gists_url":["https://api.github.com/users/kirylpl/gists{/gist_id}"],"starred_url":["https://api.github.com/users/kirylpl/starred{/owner}{/repo}"],"subscriptions_url":["https://api.github.com/users/kirylpl/subscriptions"],"organizations_url":["https://api.github.com/users/kirylpl/orgs"],"repos_url":["https://api.github.com/users/kirylpl/repos"],"events_url":["https://api.github.com/users/kirylpl/events{/privacy}"],"received_events_url":["https://api.github.com/users/kirylpl/received_events"],"type":["User"],"site_admin":[false]}
