{"login":["VEINHORN"],"id":[3595400],"node_id":["MDQ6VXNlcjM1OTU0MDA="],"avatar_url":["https://avatars2.githubusercontent.com/u/3595400?v=4"],"gravatar_id":[""],"url":["https://api.github.com/users/VEINHORN"],"html_url":["https://github.com/VEINHORN"],"followers_url":["https://api.github.com/users/VEINHORN/followers"],"following_url":["https://api.github.com/users/VEINHORN/following{/other_user}"],"gists_url":["https://api.github.com/users/VEINHORN/gists{/gist_id}"],"starred_url":["https://api.github.com/users/VEINHORN/starred{/owner}{/repo}"],"subscriptions_url":["https://api.github.com/users/VEINHORN/subscriptions"],"organizations_url":["https://api.github.com/users/VEINHORN/orgs"],"repos_url":["https://api.github.com/users/VEINHORN/repos"],"events_url":["https://api.github.com/users/VEINHORN/events{/privacy}"],"received_events_url":["https://api.github.com/users/VEINHORN/received_events"],"type":["User"],"site_admin":[false]}
