{"login":["folone"],"id":[366132],"node_id":["MDQ6VXNlcjM2NjEzMg=="],"avatar_url":["https://avatars3.githubusercontent.com/u/366132?v=4"],"gravatar_id":[""],"url":["https://api.github.com/users/folone"],"html_url":["https://github.com/folone"],"followers_url":["https://api.github.com/users/folone/followers"],"following_url":["https://api.github.com/users/folone/following{/other_user}"],"gists_url":["https://api.github.com/users/folone/gists{/gist_id}"],"starred_url":["https://api.github.com/users/folone/starred{/owner}{/repo}"],"subscriptions_url":["https://api.github.com/users/folone/subscriptions"],"organizations_url":["https://api.github.com/users/folone/orgs"],"repos_url":["https://api.github.com/users/folone/repos"],"events_url":["https://api.github.com/users/folone/events{/privacy}"],"received_events_url":["https://api.github.com/users/folone/received_events"],"type":["User"],"site_admin":[false]}
