{"login":["ctate"],"id":[366502],"node_id":["MDQ6VXNlcjM2NjUwMg=="],"avatar_url":["https://avatars2.githubusercontent.com/u/366502?v=4"],"gravatar_id":[""],"url":["https://api.github.com/users/ctate"],"html_url":["https://github.com/ctate"],"followers_url":["https://api.github.com/users/ctate/followers"],"following_url":["https://api.github.com/users/ctate/following{/other_user}"],"gists_url":["https://api.github.com/users/ctate/gists{/gist_id}"],"starred_url":["https://api.github.com/users/ctate/starred{/owner}{/repo}"],"subscriptions_url":["https://api.github.com/users/ctate/subscriptions"],"organizations_url":["https://api.github.com/users/ctate/orgs"],"repos_url":["https://api.github.com/users/ctate/repos"],"events_url":["https://api.github.com/users/ctate/events{/privacy}"],"received_events_url":["https://api.github.com/users/ctate/received_events"],"type":["User"],"site_admin":[false]}
