{"login":["ahmehri"],"id":[3668245],"node_id":["MDQ6VXNlcjM2NjgyNDU="],"avatar_url":["https://avatars1.githubusercontent.com/u/3668245?v=4"],"gravatar_id":[""],"url":["https://api.github.com/users/ahmehri"],"html_url":["https://github.com/ahmehri"],"followers_url":["https://api.github.com/users/ahmehri/followers"],"following_url":["https://api.github.com/users/ahmehri/following{/other_user}"],"gists_url":["https://api.github.com/users/ahmehri/gists{/gist_id}"],"starred_url":["https://api.github.com/users/ahmehri/starred{/owner}{/repo}"],"subscriptions_url":["https://api.github.com/users/ahmehri/subscriptions"],"organizations_url":["https://api.github.com/users/ahmehri/orgs"],"repos_url":["https://api.github.com/users/ahmehri/repos"],"events_url":["https://api.github.com/users/ahmehri/events{/privacy}"],"received_events_url":["https://api.github.com/users/ahmehri/received_events"],"type":["User"],"site_admin":[false]}
