{"login":["order4adwriter"],"id":[36694183],"node_id":["MDQ6VXNlcjM2Njk0MTgz"],"avatar_url":["https://avatars0.githubusercontent.com/u/36694183?v=4"],"gravatar_id":[""],"url":["https://api.github.com/users/order4adwriter"],"html_url":["https://github.com/order4adwriter"],"followers_url":["https://api.github.com/users/order4adwriter/followers"],"following_url":["https://api.github.com/users/order4adwriter/following{/other_user}"],"gists_url":["https://api.github.com/users/order4adwriter/gists{/gist_id}"],"starred_url":["https://api.github.com/users/order4adwriter/starred{/owner}{/repo}"],"subscriptions_url":["https://api.github.com/users/order4adwriter/subscriptions"],"organizations_url":["https://api.github.com/users/order4adwriter/orgs"],"repos_url":["https://api.github.com/users/order4adwriter/repos"],"events_url":["https://api.github.com/users/order4adwriter/events{/privacy}"],"received_events_url":["https://api.github.com/users/order4adwriter/received_events"],"type":["User"],"site_admin":[false]}
