{"login":["ybot1122"],"id":[3688288],"node_id":["MDQ6VXNlcjM2ODgyODg="],"avatar_url":["https://avatars1.githubusercontent.com/u/3688288?v=4"],"gravatar_id":[""],"url":["https://api.github.com/users/ybot1122"],"html_url":["https://github.com/ybot1122"],"followers_url":["https://api.github.com/users/ybot1122/followers"],"following_url":["https://api.github.com/users/ybot1122/following{/other_user}"],"gists_url":["https://api.github.com/users/ybot1122/gists{/gist_id}"],"starred_url":["https://api.github.com/users/ybot1122/starred{/owner}{/repo}"],"subscriptions_url":["https://api.github.com/users/ybot1122/subscriptions"],"organizations_url":["https://api.github.com/users/ybot1122/orgs"],"repos_url":["https://api.github.com/users/ybot1122/repos"],"events_url":["https://api.github.com/users/ybot1122/events{/privacy}"],"received_events_url":["https://api.github.com/users/ybot1122/received_events"],"type":["User"],"site_admin":[false]}
