{"login":["Love-the-Code"],"id":[37125420],"node_id":["MDQ6VXNlcjM3MTI1NDIw"],"avatar_url":["https://avatars3.githubusercontent.com/u/37125420?v=4"],"gravatar_id":[""],"url":["https://api.github.com/users/Love-the-Code"],"html_url":["https://github.com/Love-the-Code"],"followers_url":["https://api.github.com/users/Love-the-Code/followers"],"following_url":["https://api.github.com/users/Love-the-Code/following{/other_user}"],"gists_url":["https://api.github.com/users/Love-the-Code/gists{/gist_id}"],"starred_url":["https://api.github.com/users/Love-the-Code/starred{/owner}{/repo}"],"subscriptions_url":["https://api.github.com/users/Love-the-Code/subscriptions"],"organizations_url":["https://api.github.com/users/Love-the-Code/orgs"],"repos_url":["https://api.github.com/users/Love-the-Code/repos"],"events_url":["https://api.github.com/users/Love-the-Code/events{/privacy}"],"received_events_url":["https://api.github.com/users/Love-the-Code/received_events"],"type":["User"],"site_admin":[false]}
