{"login":["vtiurin"],"id":[3715790],"node_id":["MDQ6VXNlcjM3MTU3OTA="],"avatar_url":["https://avatars2.githubusercontent.com/u/3715790?v=4"],"gravatar_id":[""],"url":["https://api.github.com/users/vtiurin"],"html_url":["https://github.com/vtiurin"],"followers_url":["https://api.github.com/users/vtiurin/followers"],"following_url":["https://api.github.com/users/vtiurin/following{/other_user}"],"gists_url":["https://api.github.com/users/vtiurin/gists{/gist_id}"],"starred_url":["https://api.github.com/users/vtiurin/starred{/owner}{/repo}"],"subscriptions_url":["https://api.github.com/users/vtiurin/subscriptions"],"organizations_url":["https://api.github.com/users/vtiurin/orgs"],"repos_url":["https://api.github.com/users/vtiurin/repos"],"events_url":["https://api.github.com/users/vtiurin/events{/privacy}"],"received_events_url":["https://api.github.com/users/vtiurin/received_events"],"type":["User"],"site_admin":[false]}
