{"login":["jdar"],"id":[37452],"node_id":["MDQ6VXNlcjM3NDUy"],"avatar_url":["https://avatars2.githubusercontent.com/u/37452?v=4"],"gravatar_id":[""],"url":["https://api.github.com/users/jdar"],"html_url":["https://github.com/jdar"],"followers_url":["https://api.github.com/users/jdar/followers"],"following_url":["https://api.github.com/users/jdar/following{/other_user}"],"gists_url":["https://api.github.com/users/jdar/gists{/gist_id}"],"starred_url":["https://api.github.com/users/jdar/starred{/owner}{/repo}"],"subscriptions_url":["https://api.github.com/users/jdar/subscriptions"],"organizations_url":["https://api.github.com/users/jdar/orgs"],"repos_url":["https://api.github.com/users/jdar/repos"],"events_url":["https://api.github.com/users/jdar/events{/privacy}"],"received_events_url":["https://api.github.com/users/jdar/received_events"],"type":["User"],"site_admin":[false]}
