{"login":["RongxinZhang"],"id":[3782456],"node_id":["MDQ6VXNlcjM3ODI0NTY="],"avatar_url":["https://avatars2.githubusercontent.com/u/3782456?v=4"],"gravatar_id":[""],"url":["https://api.github.com/users/RongxinZhang"],"html_url":["https://github.com/RongxinZhang"],"followers_url":["https://api.github.com/users/RongxinZhang/followers"],"following_url":["https://api.github.com/users/RongxinZhang/following{/other_user}"],"gists_url":["https://api.github.com/users/RongxinZhang/gists{/gist_id}"],"starred_url":["https://api.github.com/users/RongxinZhang/starred{/owner}{/repo}"],"subscriptions_url":["https://api.github.com/users/RongxinZhang/subscriptions"],"organizations_url":["https://api.github.com/users/RongxinZhang/orgs"],"repos_url":["https://api.github.com/users/RongxinZhang/repos"],"events_url":["https://api.github.com/users/RongxinZhang/events{/privacy}"],"received_events_url":["https://api.github.com/users/RongxinZhang/received_events"],"type":["User"],"site_admin":[false]}
