{"login":["selbest"],"id":[3788217],"node_id":["MDQ6VXNlcjM3ODgyMTc="],"avatar_url":["https://avatars2.githubusercontent.com/u/3788217?v=4"],"gravatar_id":[""],"url":["https://api.github.com/users/selbest"],"html_url":["https://github.com/selbest"],"followers_url":["https://api.github.com/users/selbest/followers"],"following_url":["https://api.github.com/users/selbest/following{/other_user}"],"gists_url":["https://api.github.com/users/selbest/gists{/gist_id}"],"starred_url":["https://api.github.com/users/selbest/starred{/owner}{/repo}"],"subscriptions_url":["https://api.github.com/users/selbest/subscriptions"],"organizations_url":["https://api.github.com/users/selbest/orgs"],"repos_url":["https://api.github.com/users/selbest/repos"],"events_url":["https://api.github.com/users/selbest/events{/privacy}"],"received_events_url":["https://api.github.com/users/selbest/received_events"],"type":["User"],"site_admin":[false]}
