{"login":["xiagupqin"],"id":[37928070],"node_id":["MDQ6VXNlcjM3OTI4MDcw"],"avatar_url":["https://avatars2.githubusercontent.com/u/37928070?v=4"],"gravatar_id":[""],"url":["https://api.github.com/users/xiagupqin"],"html_url":["https://github.com/xiagupqin"],"followers_url":["https://api.github.com/users/xiagupqin/followers"],"following_url":["https://api.github.com/users/xiagupqin/following{/other_user}"],"gists_url":["https://api.github.com/users/xiagupqin/gists{/gist_id}"],"starred_url":["https://api.github.com/users/xiagupqin/starred{/owner}{/repo}"],"subscriptions_url":["https://api.github.com/users/xiagupqin/subscriptions"],"organizations_url":["https://api.github.com/users/xiagupqin/orgs"],"repos_url":["https://api.github.com/users/xiagupqin/repos"],"events_url":["https://api.github.com/users/xiagupqin/events{/privacy}"],"received_events_url":["https://api.github.com/users/xiagupqin/received_events"],"type":["User"],"site_admin":[false]}
