{"login":["umaar"],"id":[381495],"node_id":["MDQ6VXNlcjM4MTQ5NQ=="],"avatar_url":["https://avatars1.githubusercontent.com/u/381495?v=4"],"gravatar_id":[""],"url":["https://api.github.com/users/umaar"],"html_url":["https://github.com/umaar"],"followers_url":["https://api.github.com/users/umaar/followers"],"following_url":["https://api.github.com/users/umaar/following{/other_user}"],"gists_url":["https://api.github.com/users/umaar/gists{/gist_id}"],"starred_url":["https://api.github.com/users/umaar/starred{/owner}{/repo}"],"subscriptions_url":["https://api.github.com/users/umaar/subscriptions"],"organizations_url":["https://api.github.com/users/umaar/orgs"],"repos_url":["https://api.github.com/users/umaar/repos"],"events_url":["https://api.github.com/users/umaar/events{/privacy}"],"received_events_url":["https://api.github.com/users/umaar/received_events"],"type":["User"],"site_admin":[false]}
