{"login":["nonoroazoro"],"id":[383132],"node_id":["MDQ6VXNlcjM4MzEzMg=="],"avatar_url":["https://avatars1.githubusercontent.com/u/383132?v=4"],"gravatar_id":[""],"url":["https://api.github.com/users/nonoroazoro"],"html_url":["https://github.com/nonoroazoro"],"followers_url":["https://api.github.com/users/nonoroazoro/followers"],"following_url":["https://api.github.com/users/nonoroazoro/following{/other_user}"],"gists_url":["https://api.github.com/users/nonoroazoro/gists{/gist_id}"],"starred_url":["https://api.github.com/users/nonoroazoro/starred{/owner}{/repo}"],"subscriptions_url":["https://api.github.com/users/nonoroazoro/subscriptions"],"organizations_url":["https://api.github.com/users/nonoroazoro/orgs"],"repos_url":["https://api.github.com/users/nonoroazoro/repos"],"events_url":["https://api.github.com/users/nonoroazoro/events{/privacy}"],"received_events_url":["https://api.github.com/users/nonoroazoro/received_events"],"type":["User"],"site_admin":[false]}
