{"login":["keqingrong"],"id":[3832278],"node_id":["MDQ6VXNlcjM4MzIyNzg="],"avatar_url":["https://avatars2.githubusercontent.com/u/3832278?v=4"],"gravatar_id":[""],"url":["https://api.github.com/users/keqingrong"],"html_url":["https://github.com/keqingrong"],"followers_url":["https://api.github.com/users/keqingrong/followers"],"following_url":["https://api.github.com/users/keqingrong/following{/other_user}"],"gists_url":["https://api.github.com/users/keqingrong/gists{/gist_id}"],"starred_url":["https://api.github.com/users/keqingrong/starred{/owner}{/repo}"],"subscriptions_url":["https://api.github.com/users/keqingrong/subscriptions"],"organizations_url":["https://api.github.com/users/keqingrong/orgs"],"repos_url":["https://api.github.com/users/keqingrong/repos"],"events_url":["https://api.github.com/users/keqingrong/events{/privacy}"],"received_events_url":["https://api.github.com/users/keqingrong/received_events"],"type":["User"],"site_admin":[false]}
