{"login":["pozyczki"],"id":[38377329],"node_id":["MDQ6VXNlcjM4Mzc3MzI5"],"avatar_url":["https://avatars1.githubusercontent.com/u/38377329?v=4"],"gravatar_id":[""],"url":["https://api.github.com/users/pozyczki"],"html_url":["https://github.com/pozyczki"],"followers_url":["https://api.github.com/users/pozyczki/followers"],"following_url":["https://api.github.com/users/pozyczki/following{/other_user}"],"gists_url":["https://api.github.com/users/pozyczki/gists{/gist_id}"],"starred_url":["https://api.github.com/users/pozyczki/starred{/owner}{/repo}"],"subscriptions_url":["https://api.github.com/users/pozyczki/subscriptions"],"organizations_url":["https://api.github.com/users/pozyczki/orgs"],"repos_url":["https://api.github.com/users/pozyczki/repos"],"events_url":["https://api.github.com/users/pozyczki/events{/privacy}"],"received_events_url":["https://api.github.com/users/pozyczki/received_events"],"type":["User"],"site_admin":[false]}
