{"login":["kidandcat"],"id":[3855826],"node_id":["MDQ6VXNlcjM4NTU4MjY="],"avatar_url":["https://avatars1.githubusercontent.com/u/3855826?v=4"],"gravatar_id":[""],"url":["https://api.github.com/users/kidandcat"],"html_url":["https://github.com/kidandcat"],"followers_url":["https://api.github.com/users/kidandcat/followers"],"following_url":["https://api.github.com/users/kidandcat/following{/other_user}"],"gists_url":["https://api.github.com/users/kidandcat/gists{/gist_id}"],"starred_url":["https://api.github.com/users/kidandcat/starred{/owner}{/repo}"],"subscriptions_url":["https://api.github.com/users/kidandcat/subscriptions"],"organizations_url":["https://api.github.com/users/kidandcat/orgs"],"repos_url":["https://api.github.com/users/kidandcat/repos"],"events_url":["https://api.github.com/users/kidandcat/events{/privacy}"],"received_events_url":["https://api.github.com/users/kidandcat/received_events"],"type":["User"],"site_admin":[false]}
