{"login":["daviferreira"],"id":[38787],"node_id":["MDQ6VXNlcjM4Nzg3"],"avatar_url":["https://avatars1.githubusercontent.com/u/38787?v=4"],"gravatar_id":[""],"url":["https://api.github.com/users/daviferreira"],"html_url":["https://github.com/daviferreira"],"followers_url":["https://api.github.com/users/daviferreira/followers"],"following_url":["https://api.github.com/users/daviferreira/following{/other_user}"],"gists_url":["https://api.github.com/users/daviferreira/gists{/gist_id}"],"starred_url":["https://api.github.com/users/daviferreira/starred{/owner}{/repo}"],"subscriptions_url":["https://api.github.com/users/daviferreira/subscriptions"],"organizations_url":["https://api.github.com/users/daviferreira/orgs"],"repos_url":["https://api.github.com/users/daviferreira/repos"],"events_url":["https://api.github.com/users/daviferreira/events{/privacy}"],"received_events_url":["https://api.github.com/users/daviferreira/received_events"],"type":["User"],"site_admin":[false]}
