{"login":["geksilla"],"id":[3911882],"node_id":["MDQ6VXNlcjM5MTE4ODI="],"avatar_url":["https://avatars3.githubusercontent.com/u/3911882?v=4"],"gravatar_id":[""],"url":["https://api.github.com/users/geksilla"],"html_url":["https://github.com/geksilla"],"followers_url":["https://api.github.com/users/geksilla/followers"],"following_url":["https://api.github.com/users/geksilla/following{/other_user}"],"gists_url":["https://api.github.com/users/geksilla/gists{/gist_id}"],"starred_url":["https://api.github.com/users/geksilla/starred{/owner}{/repo}"],"subscriptions_url":["https://api.github.com/users/geksilla/subscriptions"],"organizations_url":["https://api.github.com/users/geksilla/orgs"],"repos_url":["https://api.github.com/users/geksilla/repos"],"events_url":["https://api.github.com/users/geksilla/events{/privacy}"],"received_events_url":["https://api.github.com/users/geksilla/received_events"],"type":["User"],"site_admin":[false]}
