{"login":["reactarray"],"id":[39212363],"node_id":["MDQ6VXNlcjM5MjEyMzYz"],"avatar_url":["https://avatars2.githubusercontent.com/u/39212363?v=4"],"gravatar_id":[""],"url":["https://api.github.com/users/reactarray"],"html_url":["https://github.com/reactarray"],"followers_url":["https://api.github.com/users/reactarray/followers"],"following_url":["https://api.github.com/users/reactarray/following{/other_user}"],"gists_url":["https://api.github.com/users/reactarray/gists{/gist_id}"],"starred_url":["https://api.github.com/users/reactarray/starred{/owner}{/repo}"],"subscriptions_url":["https://api.github.com/users/reactarray/subscriptions"],"organizations_url":["https://api.github.com/users/reactarray/orgs"],"repos_url":["https://api.github.com/users/reactarray/repos"],"events_url":["https://api.github.com/users/reactarray/events{/privacy}"],"received_events_url":["https://api.github.com/users/reactarray/received_events"],"type":["User"],"site_admin":[false]}
