{"login":["NomanGul"],"id":[39244918],"node_id":["MDQ6VXNlcjM5MjQ0OTE4"],"avatar_url":["https://avatars1.githubusercontent.com/u/39244918?v=4"],"gravatar_id":[""],"url":["https://api.github.com/users/NomanGul"],"html_url":["https://github.com/NomanGul"],"followers_url":["https://api.github.com/users/NomanGul/followers"],"following_url":["https://api.github.com/users/NomanGul/following{/other_user}"],"gists_url":["https://api.github.com/users/NomanGul/gists{/gist_id}"],"starred_url":["https://api.github.com/users/NomanGul/starred{/owner}{/repo}"],"subscriptions_url":["https://api.github.com/users/NomanGul/subscriptions"],"organizations_url":["https://api.github.com/users/NomanGul/orgs"],"repos_url":["https://api.github.com/users/NomanGul/repos"],"events_url":["https://api.github.com/users/NomanGul/events{/privacy}"],"received_events_url":["https://api.github.com/users/NomanGul/received_events"],"type":["User"],"site_admin":[false]}
