{"login":["OnoprienkoArtem"],"id":[39345913],"node_id":["MDQ6VXNlcjM5MzQ1OTEz"],"avatar_url":["https://avatars0.githubusercontent.com/u/39345913?v=4"],"gravatar_id":[""],"url":["https://api.github.com/users/OnoprienkoArtem"],"html_url":["https://github.com/OnoprienkoArtem"],"followers_url":["https://api.github.com/users/OnoprienkoArtem/followers"],"following_url":["https://api.github.com/users/OnoprienkoArtem/following{/other_user}"],"gists_url":["https://api.github.com/users/OnoprienkoArtem/gists{/gist_id}"],"starred_url":["https://api.github.com/users/OnoprienkoArtem/starred{/owner}{/repo}"],"subscriptions_url":["https://api.github.com/users/OnoprienkoArtem/subscriptions"],"organizations_url":["https://api.github.com/users/OnoprienkoArtem/orgs"],"repos_url":["https://api.github.com/users/OnoprienkoArtem/repos"],"events_url":["https://api.github.com/users/OnoprienkoArtem/events{/privacy}"],"received_events_url":["https://api.github.com/users/OnoprienkoArtem/received_events"],"type":["User"],"site_admin":[false]}
