{"login":["jackunion"],"id":[3966730],"node_id":["MDQ6VXNlcjM5NjY3MzA="],"avatar_url":["https://avatars1.githubusercontent.com/u/3966730?v=4"],"gravatar_id":[""],"url":["https://api.github.com/users/jackunion"],"html_url":["https://github.com/jackunion"],"followers_url":["https://api.github.com/users/jackunion/followers"],"following_url":["https://api.github.com/users/jackunion/following{/other_user}"],"gists_url":["https://api.github.com/users/jackunion/gists{/gist_id}"],"starred_url":["https://api.github.com/users/jackunion/starred{/owner}{/repo}"],"subscriptions_url":["https://api.github.com/users/jackunion/subscriptions"],"organizations_url":["https://api.github.com/users/jackunion/orgs"],"repos_url":["https://api.github.com/users/jackunion/repos"],"events_url":["https://api.github.com/users/jackunion/events{/privacy}"],"received_events_url":["https://api.github.com/users/jackunion/received_events"],"type":["User"],"site_admin":[false]}
