{"login":["Iuriy-Budnikov"],"id":[3968373],"node_id":["MDQ6VXNlcjM5NjgzNzM="],"avatar_url":["https://avatars2.githubusercontent.com/u/3968373?v=4"],"gravatar_id":[""],"url":["https://api.github.com/users/Iuriy-Budnikov"],"html_url":["https://github.com/Iuriy-Budnikov"],"followers_url":["https://api.github.com/users/Iuriy-Budnikov/followers"],"following_url":["https://api.github.com/users/Iuriy-Budnikov/following{/other_user}"],"gists_url":["https://api.github.com/users/Iuriy-Budnikov/gists{/gist_id}"],"starred_url":["https://api.github.com/users/Iuriy-Budnikov/starred{/owner}{/repo}"],"subscriptions_url":["https://api.github.com/users/Iuriy-Budnikov/subscriptions"],"organizations_url":["https://api.github.com/users/Iuriy-Budnikov/orgs"],"repos_url":["https://api.github.com/users/Iuriy-Budnikov/repos"],"events_url":["https://api.github.com/users/Iuriy-Budnikov/events{/privacy}"],"received_events_url":["https://api.github.com/users/Iuriy-Budnikov/received_events"],"type":["User"],"site_admin":[false]}
