{"login":["khyamay"],"id":[3984846],"node_id":["MDQ6VXNlcjM5ODQ4NDY="],"avatar_url":["https://avatars3.githubusercontent.com/u/3984846?v=4"],"gravatar_id":[""],"url":["https://api.github.com/users/khyamay"],"html_url":["https://github.com/khyamay"],"followers_url":["https://api.github.com/users/khyamay/followers"],"following_url":["https://api.github.com/users/khyamay/following{/other_user}"],"gists_url":["https://api.github.com/users/khyamay/gists{/gist_id}"],"starred_url":["https://api.github.com/users/khyamay/starred{/owner}{/repo}"],"subscriptions_url":["https://api.github.com/users/khyamay/subscriptions"],"organizations_url":["https://api.github.com/users/khyamay/orgs"],"repos_url":["https://api.github.com/users/khyamay/repos"],"events_url":["https://api.github.com/users/khyamay/events{/privacy}"],"received_events_url":["https://api.github.com/users/khyamay/received_events"],"type":["User"],"site_admin":[false]}
