{"login":["mbarinov"],"id":[399211],"node_id":["MDQ6VXNlcjM5OTIxMQ=="],"avatar_url":["https://avatars0.githubusercontent.com/u/399211?v=4"],"gravatar_id":[""],"url":["https://api.github.com/users/mbarinov"],"html_url":["https://github.com/mbarinov"],"followers_url":["https://api.github.com/users/mbarinov/followers"],"following_url":["https://api.github.com/users/mbarinov/following{/other_user}"],"gists_url":["https://api.github.com/users/mbarinov/gists{/gist_id}"],"starred_url":["https://api.github.com/users/mbarinov/starred{/owner}{/repo}"],"subscriptions_url":["https://api.github.com/users/mbarinov/subscriptions"],"organizations_url":["https://api.github.com/users/mbarinov/orgs"],"repos_url":["https://api.github.com/users/mbarinov/repos"],"events_url":["https://api.github.com/users/mbarinov/events{/privacy}"],"received_events_url":["https://api.github.com/users/mbarinov/received_events"],"type":["User"],"site_admin":[false]}
