{"login":["adambaialiev"],"id":[40111064],"node_id":["MDQ6VXNlcjQwMTExMDY0"],"avatar_url":["https://avatars1.githubusercontent.com/u/40111064?v=4"],"gravatar_id":[""],"url":["https://api.github.com/users/adambaialiev"],"html_url":["https://github.com/adambaialiev"],"followers_url":["https://api.github.com/users/adambaialiev/followers"],"following_url":["https://api.github.com/users/adambaialiev/following{/other_user}"],"gists_url":["https://api.github.com/users/adambaialiev/gists{/gist_id}"],"starred_url":["https://api.github.com/users/adambaialiev/starred{/owner}{/repo}"],"subscriptions_url":["https://api.github.com/users/adambaialiev/subscriptions"],"organizations_url":["https://api.github.com/users/adambaialiev/orgs"],"repos_url":["https://api.github.com/users/adambaialiev/repos"],"events_url":["https://api.github.com/users/adambaialiev/events{/privacy}"],"received_events_url":["https://api.github.com/users/adambaialiev/received_events"],"type":["User"],"site_admin":[false]}
