{"login":["quidesign"],"id":[4132647],"node_id":["MDQ6VXNlcjQxMzI2NDc="],"avatar_url":["https://avatars3.githubusercontent.com/u/4132647?v=4"],"gravatar_id":[""],"url":["https://api.github.com/users/quidesign"],"html_url":["https://github.com/quidesign"],"followers_url":["https://api.github.com/users/quidesign/followers"],"following_url":["https://api.github.com/users/quidesign/following{/other_user}"],"gists_url":["https://api.github.com/users/quidesign/gists{/gist_id}"],"starred_url":["https://api.github.com/users/quidesign/starred{/owner}{/repo}"],"subscriptions_url":["https://api.github.com/users/quidesign/subscriptions"],"organizations_url":["https://api.github.com/users/quidesign/orgs"],"repos_url":["https://api.github.com/users/quidesign/repos"],"events_url":["https://api.github.com/users/quidesign/events{/privacy}"],"received_events_url":["https://api.github.com/users/quidesign/received_events"],"type":["User"],"site_admin":[false]}
