{"login":["xdemocle"],"id":[4141466],"node_id":["MDQ6VXNlcjQxNDE0NjY="],"avatar_url":["https://avatars3.githubusercontent.com/u/4141466?v=4"],"gravatar_id":[""],"url":["https://api.github.com/users/xdemocle"],"html_url":["https://github.com/xdemocle"],"followers_url":["https://api.github.com/users/xdemocle/followers"],"following_url":["https://api.github.com/users/xdemocle/following{/other_user}"],"gists_url":["https://api.github.com/users/xdemocle/gists{/gist_id}"],"starred_url":["https://api.github.com/users/xdemocle/starred{/owner}{/repo}"],"subscriptions_url":["https://api.github.com/users/xdemocle/subscriptions"],"organizations_url":["https://api.github.com/users/xdemocle/orgs"],"repos_url":["https://api.github.com/users/xdemocle/repos"],"events_url":["https://api.github.com/users/xdemocle/events{/privacy}"],"received_events_url":["https://api.github.com/users/xdemocle/received_events"],"type":["User"],"site_admin":[false]}
