{"login":["itper"],"id":[4143986],"node_id":["MDQ6VXNlcjQxNDM5ODY="],"avatar_url":["https://avatars2.githubusercontent.com/u/4143986?v=4"],"gravatar_id":[""],"url":["https://api.github.com/users/itper"],"html_url":["https://github.com/itper"],"followers_url":["https://api.github.com/users/itper/followers"],"following_url":["https://api.github.com/users/itper/following{/other_user}"],"gists_url":["https://api.github.com/users/itper/gists{/gist_id}"],"starred_url":["https://api.github.com/users/itper/starred{/owner}{/repo}"],"subscriptions_url":["https://api.github.com/users/itper/subscriptions"],"organizations_url":["https://api.github.com/users/itper/orgs"],"repos_url":["https://api.github.com/users/itper/repos"],"events_url":["https://api.github.com/users/itper/events{/privacy}"],"received_events_url":["https://api.github.com/users/itper/received_events"],"type":["User"],"site_admin":[false]}
