{"login":["TakenPilot"],"id":[4154804],"node_id":["MDQ6VXNlcjQxNTQ4MDQ="],"avatar_url":["https://avatars1.githubusercontent.com/u/4154804?v=4"],"gravatar_id":[""],"url":["https://api.github.com/users/TakenPilot"],"html_url":["https://github.com/TakenPilot"],"followers_url":["https://api.github.com/users/TakenPilot/followers"],"following_url":["https://api.github.com/users/TakenPilot/following{/other_user}"],"gists_url":["https://api.github.com/users/TakenPilot/gists{/gist_id}"],"starred_url":["https://api.github.com/users/TakenPilot/starred{/owner}{/repo}"],"subscriptions_url":["https://api.github.com/users/TakenPilot/subscriptions"],"organizations_url":["https://api.github.com/users/TakenPilot/orgs"],"repos_url":["https://api.github.com/users/TakenPilot/repos"],"events_url":["https://api.github.com/users/TakenPilot/events{/privacy}"],"received_events_url":["https://api.github.com/users/TakenPilot/received_events"],"type":["User"],"site_admin":[false]}
