{"login":["kareniel"],"id":[419946],"node_id":["MDQ6VXNlcjQxOTk0Ng=="],"avatar_url":["https://avatars0.githubusercontent.com/u/419946?v=4"],"gravatar_id":[""],"url":["https://api.github.com/users/kareniel"],"html_url":["https://github.com/kareniel"],"followers_url":["https://api.github.com/users/kareniel/followers"],"following_url":["https://api.github.com/users/kareniel/following{/other_user}"],"gists_url":["https://api.github.com/users/kareniel/gists{/gist_id}"],"starred_url":["https://api.github.com/users/kareniel/starred{/owner}{/repo}"],"subscriptions_url":["https://api.github.com/users/kareniel/subscriptions"],"organizations_url":["https://api.github.com/users/kareniel/orgs"],"repos_url":["https://api.github.com/users/kareniel/repos"],"events_url":["https://api.github.com/users/kareniel/events{/privacy}"],"received_events_url":["https://api.github.com/users/kareniel/received_events"],"type":["User"],"site_admin":[false]}
