{"login":["spunkey"],"id":[42114149],"node_id":["MDQ6VXNlcjQyMTE0MTQ5"],"avatar_url":["https://avatars2.githubusercontent.com/u/42114149?v=4"],"gravatar_id":[""],"url":["https://api.github.com/users/spunkey"],"html_url":["https://github.com/spunkey"],"followers_url":["https://api.github.com/users/spunkey/followers"],"following_url":["https://api.github.com/users/spunkey/following{/other_user}"],"gists_url":["https://api.github.com/users/spunkey/gists{/gist_id}"],"starred_url":["https://api.github.com/users/spunkey/starred{/owner}{/repo}"],"subscriptions_url":["https://api.github.com/users/spunkey/subscriptions"],"organizations_url":["https://api.github.com/users/spunkey/orgs"],"repos_url":["https://api.github.com/users/spunkey/repos"],"events_url":["https://api.github.com/users/spunkey/events{/privacy}"],"received_events_url":["https://api.github.com/users/spunkey/received_events"],"type":["User"],"site_admin":[false]}
