{"login":["KhaledNobani"],"id":[4218349],"node_id":["MDQ6VXNlcjQyMTgzNDk="],"avatar_url":["https://avatars0.githubusercontent.com/u/4218349?v=4"],"gravatar_id":[""],"url":["https://api.github.com/users/KhaledNobani"],"html_url":["https://github.com/KhaledNobani"],"followers_url":["https://api.github.com/users/KhaledNobani/followers"],"following_url":["https://api.github.com/users/KhaledNobani/following{/other_user}"],"gists_url":["https://api.github.com/users/KhaledNobani/gists{/gist_id}"],"starred_url":["https://api.github.com/users/KhaledNobani/starred{/owner}{/repo}"],"subscriptions_url":["https://api.github.com/users/KhaledNobani/subscriptions"],"organizations_url":["https://api.github.com/users/KhaledNobani/orgs"],"repos_url":["https://api.github.com/users/KhaledNobani/repos"],"events_url":["https://api.github.com/users/KhaledNobani/events{/privacy}"],"received_events_url":["https://api.github.com/users/KhaledNobani/received_events"],"type":["User"],"site_admin":[false]}
