{"login":["JoseRoman"],"id":[4240075],"node_id":["MDQ6VXNlcjQyNDAwNzU="],"avatar_url":["https://avatars0.githubusercontent.com/u/4240075?v=4"],"gravatar_id":[""],"url":["https://api.github.com/users/JoseRoman"],"html_url":["https://github.com/JoseRoman"],"followers_url":["https://api.github.com/users/JoseRoman/followers"],"following_url":["https://api.github.com/users/JoseRoman/following{/other_user}"],"gists_url":["https://api.github.com/users/JoseRoman/gists{/gist_id}"],"starred_url":["https://api.github.com/users/JoseRoman/starred{/owner}{/repo}"],"subscriptions_url":["https://api.github.com/users/JoseRoman/subscriptions"],"organizations_url":["https://api.github.com/users/JoseRoman/orgs"],"repos_url":["https://api.github.com/users/JoseRoman/repos"],"events_url":["https://api.github.com/users/JoseRoman/events{/privacy}"],"received_events_url":["https://api.github.com/users/JoseRoman/received_events"],"type":["User"],"site_admin":[false]}
