{"login":["xieyunzi"],"id":[4247379],"node_id":["MDQ6VXNlcjQyNDczNzk="],"avatar_url":["https://avatars1.githubusercontent.com/u/4247379?v=4"],"gravatar_id":[""],"url":["https://api.github.com/users/xieyunzi"],"html_url":["https://github.com/xieyunzi"],"followers_url":["https://api.github.com/users/xieyunzi/followers"],"following_url":["https://api.github.com/users/xieyunzi/following{/other_user}"],"gists_url":["https://api.github.com/users/xieyunzi/gists{/gist_id}"],"starred_url":["https://api.github.com/users/xieyunzi/starred{/owner}{/repo}"],"subscriptions_url":["https://api.github.com/users/xieyunzi/subscriptions"],"organizations_url":["https://api.github.com/users/xieyunzi/orgs"],"repos_url":["https://api.github.com/users/xieyunzi/repos"],"events_url":["https://api.github.com/users/xieyunzi/events{/privacy}"],"received_events_url":["https://api.github.com/users/xieyunzi/received_events"],"type":["User"],"site_admin":[false]}
