{"login":["vifreefly"],"id":[42641380],"node_id":["MDQ6VXNlcjQyNjQxMzgw"],"avatar_url":["https://avatars3.githubusercontent.com/u/42641380?v=4"],"gravatar_id":[""],"url":["https://api.github.com/users/vifreefly"],"html_url":["https://github.com/vifreefly"],"followers_url":["https://api.github.com/users/vifreefly/followers"],"following_url":["https://api.github.com/users/vifreefly/following{/other_user}"],"gists_url":["https://api.github.com/users/vifreefly/gists{/gist_id}"],"starred_url":["https://api.github.com/users/vifreefly/starred{/owner}{/repo}"],"subscriptions_url":["https://api.github.com/users/vifreefly/subscriptions"],"organizations_url":["https://api.github.com/users/vifreefly/orgs"],"repos_url":["https://api.github.com/users/vifreefly/repos"],"events_url":["https://api.github.com/users/vifreefly/events{/privacy}"],"received_events_url":["https://api.github.com/users/vifreefly/received_events"],"type":["User"],"site_admin":[false]}
