{"login":["benkross"],"id":[426593],"node_id":["MDQ6VXNlcjQyNjU5Mw=="],"avatar_url":["https://avatars3.githubusercontent.com/u/426593?v=4"],"gravatar_id":[""],"url":["https://api.github.com/users/benkross"],"html_url":["https://github.com/benkross"],"followers_url":["https://api.github.com/users/benkross/followers"],"following_url":["https://api.github.com/users/benkross/following{/other_user}"],"gists_url":["https://api.github.com/users/benkross/gists{/gist_id}"],"starred_url":["https://api.github.com/users/benkross/starred{/owner}{/repo}"],"subscriptions_url":["https://api.github.com/users/benkross/subscriptions"],"organizations_url":["https://api.github.com/users/benkross/orgs"],"repos_url":["https://api.github.com/users/benkross/repos"],"events_url":["https://api.github.com/users/benkross/events{/privacy}"],"received_events_url":["https://api.github.com/users/benkross/received_events"],"type":["User"],"site_admin":[false]}
