{"login":["ntilotta"],"id":[42855744],"node_id":["MDQ6VXNlcjQyODU1NzQ0"],"avatar_url":["https://avatars1.githubusercontent.com/u/42855744?v=4"],"gravatar_id":[""],"url":["https://api.github.com/users/ntilotta"],"html_url":["https://github.com/ntilotta"],"followers_url":["https://api.github.com/users/ntilotta/followers"],"following_url":["https://api.github.com/users/ntilotta/following{/other_user}"],"gists_url":["https://api.github.com/users/ntilotta/gists{/gist_id}"],"starred_url":["https://api.github.com/users/ntilotta/starred{/owner}{/repo}"],"subscriptions_url":["https://api.github.com/users/ntilotta/subscriptions"],"organizations_url":["https://api.github.com/users/ntilotta/orgs"],"repos_url":["https://api.github.com/users/ntilotta/repos"],"events_url":["https://api.github.com/users/ntilotta/events{/privacy}"],"received_events_url":["https://api.github.com/users/ntilotta/received_events"],"type":["User"],"site_admin":[false]}
