{"login":["deepakkaithwas"],"id":[4299771],"node_id":["MDQ6VXNlcjQyOTk3NzE="],"avatar_url":["https://avatars2.githubusercontent.com/u/4299771?v=4"],"gravatar_id":[""],"url":["https://api.github.com/users/deepakkaithwas"],"html_url":["https://github.com/deepakkaithwas"],"followers_url":["https://api.github.com/users/deepakkaithwas/followers"],"following_url":["https://api.github.com/users/deepakkaithwas/following{/other_user}"],"gists_url":["https://api.github.com/users/deepakkaithwas/gists{/gist_id}"],"starred_url":["https://api.github.com/users/deepakkaithwas/starred{/owner}{/repo}"],"subscriptions_url":["https://api.github.com/users/deepakkaithwas/subscriptions"],"organizations_url":["https://api.github.com/users/deepakkaithwas/orgs"],"repos_url":["https://api.github.com/users/deepakkaithwas/repos"],"events_url":["https://api.github.com/users/deepakkaithwas/events{/privacy}"],"received_events_url":["https://api.github.com/users/deepakkaithwas/received_events"],"type":["User"],"site_admin":[false]}
