{"login":["palerdot"],"id":[4299398],"node_id":["MDQ6VXNlcjQyOTkzOTg="],"avatar_url":["https://avatars0.githubusercontent.com/u/4299398?v=4"],"gravatar_id":[""],"url":["https://api.github.com/users/palerdot"],"html_url":["https://github.com/palerdot"],"followers_url":["https://api.github.com/users/palerdot/followers"],"following_url":["https://api.github.com/users/palerdot/following{/other_user}"],"gists_url":["https://api.github.com/users/palerdot/gists{/gist_id}"],"starred_url":["https://api.github.com/users/palerdot/starred{/owner}{/repo}"],"subscriptions_url":["https://api.github.com/users/palerdot/subscriptions"],"organizations_url":["https://api.github.com/users/palerdot/orgs"],"repos_url":["https://api.github.com/users/palerdot/repos"],"events_url":["https://api.github.com/users/palerdot/events{/privacy}"],"received_events_url":["https://api.github.com/users/palerdot/received_events"],"type":["User"],"site_admin":[false]}
