{"login":["sudheerr"],"id":[4304033],"node_id":["MDQ6VXNlcjQzMDQwMzM="],"avatar_url":["https://avatars2.githubusercontent.com/u/4304033?v=4"],"gravatar_id":[""],"url":["https://api.github.com/users/sudheerr"],"html_url":["https://github.com/sudheerr"],"followers_url":["https://api.github.com/users/sudheerr/followers"],"following_url":["https://api.github.com/users/sudheerr/following{/other_user}"],"gists_url":["https://api.github.com/users/sudheerr/gists{/gist_id}"],"starred_url":["https://api.github.com/users/sudheerr/starred{/owner}{/repo}"],"subscriptions_url":["https://api.github.com/users/sudheerr/subscriptions"],"organizations_url":["https://api.github.com/users/sudheerr/orgs"],"repos_url":["https://api.github.com/users/sudheerr/repos"],"events_url":["https://api.github.com/users/sudheerr/events{/privacy}"],"received_events_url":["https://api.github.com/users/sudheerr/received_events"],"type":["User"],"site_admin":[false]}
