{"login":["dshaw"],"id":[4322],"node_id":["MDQ6VXNlcjQzMjI="],"avatar_url":["https://avatars1.githubusercontent.com/u/4322?v=4"],"gravatar_id":[""],"url":["https://api.github.com/users/dshaw"],"html_url":["https://github.com/dshaw"],"followers_url":["https://api.github.com/users/dshaw/followers"],"following_url":["https://api.github.com/users/dshaw/following{/other_user}"],"gists_url":["https://api.github.com/users/dshaw/gists{/gist_id}"],"starred_url":["https://api.github.com/users/dshaw/starred{/owner}{/repo}"],"subscriptions_url":["https://api.github.com/users/dshaw/subscriptions"],"organizations_url":["https://api.github.com/users/dshaw/orgs"],"repos_url":["https://api.github.com/users/dshaw/repos"],"events_url":["https://api.github.com/users/dshaw/events{/privacy}"],"received_events_url":["https://api.github.com/users/dshaw/received_events"],"type":["User"],"site_admin":[false]}
