{"login":["fahmibedoui"],"id":[4334938],"node_id":["MDQ6VXNlcjQzMzQ5Mzg="],"avatar_url":["https://avatars1.githubusercontent.com/u/4334938?v=4"],"gravatar_id":[""],"url":["https://api.github.com/users/fahmibedoui"],"html_url":["https://github.com/fahmibedoui"],"followers_url":["https://api.github.com/users/fahmibedoui/followers"],"following_url":["https://api.github.com/users/fahmibedoui/following{/other_user}"],"gists_url":["https://api.github.com/users/fahmibedoui/gists{/gist_id}"],"starred_url":["https://api.github.com/users/fahmibedoui/starred{/owner}{/repo}"],"subscriptions_url":["https://api.github.com/users/fahmibedoui/subscriptions"],"organizations_url":["https://api.github.com/users/fahmibedoui/orgs"],"repos_url":["https://api.github.com/users/fahmibedoui/repos"],"events_url":["https://api.github.com/users/fahmibedoui/events{/privacy}"],"received_events_url":["https://api.github.com/users/fahmibedoui/received_events"],"type":["User"],"site_admin":[false]}
