{"login":["krushofficial"],"id":[43504738],"node_id":["MDQ6VXNlcjQzNTA0NzM4"],"avatar_url":["https://avatars1.githubusercontent.com/u/43504738?v=4"],"gravatar_id":[""],"url":["https://api.github.com/users/krushofficial"],"html_url":["https://github.com/krushofficial"],"followers_url":["https://api.github.com/users/krushofficial/followers"],"following_url":["https://api.github.com/users/krushofficial/following{/other_user}"],"gists_url":["https://api.github.com/users/krushofficial/gists{/gist_id}"],"starred_url":["https://api.github.com/users/krushofficial/starred{/owner}{/repo}"],"subscriptions_url":["https://api.github.com/users/krushofficial/subscriptions"],"organizations_url":["https://api.github.com/users/krushofficial/orgs"],"repos_url":["https://api.github.com/users/krushofficial/repos"],"events_url":["https://api.github.com/users/krushofficial/events{/privacy}"],"received_events_url":["https://api.github.com/users/krushofficial/received_events"],"type":["User"],"site_admin":[false]}
