{"login":["nahkar"],"id":[4374389],"node_id":["MDQ6VXNlcjQzNzQzODk="],"avatar_url":["https://avatars0.githubusercontent.com/u/4374389?v=4"],"gravatar_id":[""],"url":["https://api.github.com/users/nahkar"],"html_url":["https://github.com/nahkar"],"followers_url":["https://api.github.com/users/nahkar/followers"],"following_url":["https://api.github.com/users/nahkar/following{/other_user}"],"gists_url":["https://api.github.com/users/nahkar/gists{/gist_id}"],"starred_url":["https://api.github.com/users/nahkar/starred{/owner}{/repo}"],"subscriptions_url":["https://api.github.com/users/nahkar/subscriptions"],"organizations_url":["https://api.github.com/users/nahkar/orgs"],"repos_url":["https://api.github.com/users/nahkar/repos"],"events_url":["https://api.github.com/users/nahkar/events{/privacy}"],"received_events_url":["https://api.github.com/users/nahkar/received_events"],"type":["User"],"site_admin":[false]}
