{"login":["ZuraGuerra"],"id":[4415039],"node_id":["MDQ6VXNlcjQ0MTUwMzk="],"avatar_url":["https://avatars3.githubusercontent.com/u/4415039?v=4"],"gravatar_id":[""],"url":["https://api.github.com/users/ZuraGuerra"],"html_url":["https://github.com/ZuraGuerra"],"followers_url":["https://api.github.com/users/ZuraGuerra/followers"],"following_url":["https://api.github.com/users/ZuraGuerra/following{/other_user}"],"gists_url":["https://api.github.com/users/ZuraGuerra/gists{/gist_id}"],"starred_url":["https://api.github.com/users/ZuraGuerra/starred{/owner}{/repo}"],"subscriptions_url":["https://api.github.com/users/ZuraGuerra/subscriptions"],"organizations_url":["https://api.github.com/users/ZuraGuerra/orgs"],"repos_url":["https://api.github.com/users/ZuraGuerra/repos"],"events_url":["https://api.github.com/users/ZuraGuerra/events{/privacy}"],"received_events_url":["https://api.github.com/users/ZuraGuerra/received_events"],"type":["User"],"site_admin":[false]}
