{"login":["rosko"],"id":[44275],"node_id":["MDQ6VXNlcjQ0Mjc1"],"avatar_url":["https://avatars1.githubusercontent.com/u/44275?v=4"],"gravatar_id":[""],"url":["https://api.github.com/users/rosko"],"html_url":["https://github.com/rosko"],"followers_url":["https://api.github.com/users/rosko/followers"],"following_url":["https://api.github.com/users/rosko/following{/other_user}"],"gists_url":["https://api.github.com/users/rosko/gists{/gist_id}"],"starred_url":["https://api.github.com/users/rosko/starred{/owner}{/repo}"],"subscriptions_url":["https://api.github.com/users/rosko/subscriptions"],"organizations_url":["https://api.github.com/users/rosko/orgs"],"repos_url":["https://api.github.com/users/rosko/repos"],"events_url":["https://api.github.com/users/rosko/events{/privacy}"],"received_events_url":["https://api.github.com/users/rosko/received_events"],"type":["User"],"site_admin":[false]}
