{"login":["asaaki"],"id":[446613],"node_id":["MDQ6VXNlcjQ0NjYxMw=="],"avatar_url":["https://avatars1.githubusercontent.com/u/446613?v=4"],"gravatar_id":[""],"url":["https://api.github.com/users/asaaki"],"html_url":["https://github.com/asaaki"],"followers_url":["https://api.github.com/users/asaaki/followers"],"following_url":["https://api.github.com/users/asaaki/following{/other_user}"],"gists_url":["https://api.github.com/users/asaaki/gists{/gist_id}"],"starred_url":["https://api.github.com/users/asaaki/starred{/owner}{/repo}"],"subscriptions_url":["https://api.github.com/users/asaaki/subscriptions"],"organizations_url":["https://api.github.com/users/asaaki/orgs"],"repos_url":["https://api.github.com/users/asaaki/repos"],"events_url":["https://api.github.com/users/asaaki/events{/privacy}"],"received_events_url":["https://api.github.com/users/asaaki/received_events"],"type":["User"],"site_admin":[false]}
