{"login":["goodtimeaj"],"id":[447556],"node_id":["MDQ6VXNlcjQ0NzU1Ng=="],"avatar_url":["https://avatars0.githubusercontent.com/u/447556?v=4"],"gravatar_id":[""],"url":["https://api.github.com/users/goodtimeaj"],"html_url":["https://github.com/goodtimeaj"],"followers_url":["https://api.github.com/users/goodtimeaj/followers"],"following_url":["https://api.github.com/users/goodtimeaj/following{/other_user}"],"gists_url":["https://api.github.com/users/goodtimeaj/gists{/gist_id}"],"starred_url":["https://api.github.com/users/goodtimeaj/starred{/owner}{/repo}"],"subscriptions_url":["https://api.github.com/users/goodtimeaj/subscriptions"],"organizations_url":["https://api.github.com/users/goodtimeaj/orgs"],"repos_url":["https://api.github.com/users/goodtimeaj/repos"],"events_url":["https://api.github.com/users/goodtimeaj/events{/privacy}"],"received_events_url":["https://api.github.com/users/goodtimeaj/received_events"],"type":["User"],"site_admin":[false]}
