{"login":["myvagrantlife"],"id":[448565],"node_id":["MDQ6VXNlcjQ0ODU2NQ=="],"avatar_url":["https://avatars2.githubusercontent.com/u/448565?v=4"],"gravatar_id":[""],"url":["https://api.github.com/users/myvagrantlife"],"html_url":["https://github.com/myvagrantlife"],"followers_url":["https://api.github.com/users/myvagrantlife/followers"],"following_url":["https://api.github.com/users/myvagrantlife/following{/other_user}"],"gists_url":["https://api.github.com/users/myvagrantlife/gists{/gist_id}"],"starred_url":["https://api.github.com/users/myvagrantlife/starred{/owner}{/repo}"],"subscriptions_url":["https://api.github.com/users/myvagrantlife/subscriptions"],"organizations_url":["https://api.github.com/users/myvagrantlife/orgs"],"repos_url":["https://api.github.com/users/myvagrantlife/repos"],"events_url":["https://api.github.com/users/myvagrantlife/events{/privacy}"],"received_events_url":["https://api.github.com/users/myvagrantlife/received_events"],"type":["User"],"site_admin":[false]}
