{"login":["jairojair"],"id":[451495],"node_id":["MDQ6VXNlcjQ1MTQ5NQ=="],"avatar_url":["https://avatars3.githubusercontent.com/u/451495?v=4"],"gravatar_id":[""],"url":["https://api.github.com/users/jairojair"],"html_url":["https://github.com/jairojair"],"followers_url":["https://api.github.com/users/jairojair/followers"],"following_url":["https://api.github.com/users/jairojair/following{/other_user}"],"gists_url":["https://api.github.com/users/jairojair/gists{/gist_id}"],"starred_url":["https://api.github.com/users/jairojair/starred{/owner}{/repo}"],"subscriptions_url":["https://api.github.com/users/jairojair/subscriptions"],"organizations_url":["https://api.github.com/users/jairojair/orgs"],"repos_url":["https://api.github.com/users/jairojair/repos"],"events_url":["https://api.github.com/users/jairojair/events{/privacy}"],"received_events_url":["https://api.github.com/users/jairojair/received_events"],"type":["User"],"site_admin":[false]}
