{"login":["seyed-mohammad-motahar"],"id":[4558819],"node_id":["MDQ6VXNlcjQ1NTg4MTk="],"avatar_url":["https://avatars0.githubusercontent.com/u/4558819?v=4"],"gravatar_id":[""],"url":["https://api.github.com/users/seyed-mohammad-motahar"],"html_url":["https://github.com/seyed-mohammad-motahar"],"followers_url":["https://api.github.com/users/seyed-mohammad-motahar/followers"],"following_url":["https://api.github.com/users/seyed-mohammad-motahar/following{/other_user}"],"gists_url":["https://api.github.com/users/seyed-mohammad-motahar/gists{/gist_id}"],"starred_url":["https://api.github.com/users/seyed-mohammad-motahar/starred{/owner}{/repo}"],"subscriptions_url":["https://api.github.com/users/seyed-mohammad-motahar/subscriptions"],"organizations_url":["https://api.github.com/users/seyed-mohammad-motahar/orgs"],"repos_url":["https://api.github.com/users/seyed-mohammad-motahar/repos"],"events_url":["https://api.github.com/users/seyed-mohammad-motahar/events{/privacy}"],"received_events_url":["https://api.github.com/users/seyed-mohammad-motahar/received_events"],"type":["User"],"site_admin":[false]}
