{"login":["jb55"],"id":[45598],"node_id":["MDQ6VXNlcjQ1NTk4"],"avatar_url":["https://avatars0.githubusercontent.com/u/45598?v=4"],"gravatar_id":[""],"url":["https://api.github.com/users/jb55"],"html_url":["https://github.com/jb55"],"followers_url":["https://api.github.com/users/jb55/followers"],"following_url":["https://api.github.com/users/jb55/following{/other_user}"],"gists_url":["https://api.github.com/users/jb55/gists{/gist_id}"],"starred_url":["https://api.github.com/users/jb55/starred{/owner}{/repo}"],"subscriptions_url":["https://api.github.com/users/jb55/subscriptions"],"organizations_url":["https://api.github.com/users/jb55/orgs"],"repos_url":["https://api.github.com/users/jb55/repos"],"events_url":["https://api.github.com/users/jb55/events{/privacy}"],"received_events_url":["https://api.github.com/users/jb55/received_events"],"type":["User"],"site_admin":[false]}
