{"login":["kingofhawks"],"id":[45868],"node_id":["MDQ6VXNlcjQ1ODY4"],"avatar_url":["https://avatars1.githubusercontent.com/u/45868?v=4"],"gravatar_id":[""],"url":["https://api.github.com/users/kingofhawks"],"html_url":["https://github.com/kingofhawks"],"followers_url":["https://api.github.com/users/kingofhawks/followers"],"following_url":["https://api.github.com/users/kingofhawks/following{/other_user}"],"gists_url":["https://api.github.com/users/kingofhawks/gists{/gist_id}"],"starred_url":["https://api.github.com/users/kingofhawks/starred{/owner}{/repo}"],"subscriptions_url":["https://api.github.com/users/kingofhawks/subscriptions"],"organizations_url":["https://api.github.com/users/kingofhawks/orgs"],"repos_url":["https://api.github.com/users/kingofhawks/repos"],"events_url":["https://api.github.com/users/kingofhawks/events{/privacy}"],"received_events_url":["https://api.github.com/users/kingofhawks/received_events"],"type":["User"],"site_admin":[false]}
