{"login":["darcyclarke"],"id":[459713],"node_id":["MDQ6VXNlcjQ1OTcxMw=="],"avatar_url":["https://avatars2.githubusercontent.com/u/459713?v=4"],"gravatar_id":[""],"url":["https://api.github.com/users/darcyclarke"],"html_url":["https://github.com/darcyclarke"],"followers_url":["https://api.github.com/users/darcyclarke/followers"],"following_url":["https://api.github.com/users/darcyclarke/following{/other_user}"],"gists_url":["https://api.github.com/users/darcyclarke/gists{/gist_id}"],"starred_url":["https://api.github.com/users/darcyclarke/starred{/owner}{/repo}"],"subscriptions_url":["https://api.github.com/users/darcyclarke/subscriptions"],"organizations_url":["https://api.github.com/users/darcyclarke/orgs"],"repos_url":["https://api.github.com/users/darcyclarke/repos"],"events_url":["https://api.github.com/users/darcyclarke/events{/privacy}"],"received_events_url":["https://api.github.com/users/darcyclarke/received_events"],"type":["User"],"site_admin":[false]}
