{"login":["gugiserman"],"id":[4623123],"node_id":["MDQ6VXNlcjQ2MjMxMjM="],"avatar_url":["https://avatars0.githubusercontent.com/u/4623123?v=4"],"gravatar_id":[""],"url":["https://api.github.com/users/gugiserman"],"html_url":["https://github.com/gugiserman"],"followers_url":["https://api.github.com/users/gugiserman/followers"],"following_url":["https://api.github.com/users/gugiserman/following{/other_user}"],"gists_url":["https://api.github.com/users/gugiserman/gists{/gist_id}"],"starred_url":["https://api.github.com/users/gugiserman/starred{/owner}{/repo}"],"subscriptions_url":["https://api.github.com/users/gugiserman/subscriptions"],"organizations_url":["https://api.github.com/users/gugiserman/orgs"],"repos_url":["https://api.github.com/users/gugiserman/repos"],"events_url":["https://api.github.com/users/gugiserman/events{/privacy}"],"received_events_url":["https://api.github.com/users/gugiserman/received_events"],"type":["User"],"site_admin":[false]}
