{"login":["FoxxMD"],"id":[4663766],"node_id":["MDQ6VXNlcjQ2NjM3NjY="],"avatar_url":["https://avatars0.githubusercontent.com/u/4663766?v=4"],"gravatar_id":[""],"url":["https://api.github.com/users/FoxxMD"],"html_url":["https://github.com/FoxxMD"],"followers_url":["https://api.github.com/users/FoxxMD/followers"],"following_url":["https://api.github.com/users/FoxxMD/following{/other_user}"],"gists_url":["https://api.github.com/users/FoxxMD/gists{/gist_id}"],"starred_url":["https://api.github.com/users/FoxxMD/starred{/owner}{/repo}"],"subscriptions_url":["https://api.github.com/users/FoxxMD/subscriptions"],"organizations_url":["https://api.github.com/users/FoxxMD/orgs"],"repos_url":["https://api.github.com/users/FoxxMD/repos"],"events_url":["https://api.github.com/users/FoxxMD/events{/privacy}"],"received_events_url":["https://api.github.com/users/FoxxMD/received_events"],"type":["User"],"site_admin":[false]}
