{"login":["hanksudo"],"id":[467745],"node_id":["MDQ6VXNlcjQ2Nzc0NQ=="],"avatar_url":["https://avatars2.githubusercontent.com/u/467745?v=4"],"gravatar_id":[""],"url":["https://api.github.com/users/hanksudo"],"html_url":["https://github.com/hanksudo"],"followers_url":["https://api.github.com/users/hanksudo/followers"],"following_url":["https://api.github.com/users/hanksudo/following{/other_user}"],"gists_url":["https://api.github.com/users/hanksudo/gists{/gist_id}"],"starred_url":["https://api.github.com/users/hanksudo/starred{/owner}{/repo}"],"subscriptions_url":["https://api.github.com/users/hanksudo/subscriptions"],"organizations_url":["https://api.github.com/users/hanksudo/orgs"],"repos_url":["https://api.github.com/users/hanksudo/repos"],"events_url":["https://api.github.com/users/hanksudo/events{/privacy}"],"received_events_url":["https://api.github.com/users/hanksudo/received_events"],"type":["User"],"site_admin":[false]}
