{"login":["tatyusa"],"id":[4708701],"node_id":["MDQ6VXNlcjQ3MDg3MDE="],"avatar_url":["https://avatars3.githubusercontent.com/u/4708701?v=4"],"gravatar_id":[""],"url":["https://api.github.com/users/tatyusa"],"html_url":["https://github.com/tatyusa"],"followers_url":["https://api.github.com/users/tatyusa/followers"],"following_url":["https://api.github.com/users/tatyusa/following{/other_user}"],"gists_url":["https://api.github.com/users/tatyusa/gists{/gist_id}"],"starred_url":["https://api.github.com/users/tatyusa/starred{/owner}{/repo}"],"subscriptions_url":["https://api.github.com/users/tatyusa/subscriptions"],"organizations_url":["https://api.github.com/users/tatyusa/orgs"],"repos_url":["https://api.github.com/users/tatyusa/repos"],"events_url":["https://api.github.com/users/tatyusa/events{/privacy}"],"received_events_url":["https://api.github.com/users/tatyusa/received_events"],"type":["User"],"site_admin":[false]}
