{"login":["gabceb"],"id":[470852],"node_id":["MDQ6VXNlcjQ3MDg1Mg=="],"avatar_url":["https://avatars0.githubusercontent.com/u/470852?v=4"],"gravatar_id":[""],"url":["https://api.github.com/users/gabceb"],"html_url":["https://github.com/gabceb"],"followers_url":["https://api.github.com/users/gabceb/followers"],"following_url":["https://api.github.com/users/gabceb/following{/other_user}"],"gists_url":["https://api.github.com/users/gabceb/gists{/gist_id}"],"starred_url":["https://api.github.com/users/gabceb/starred{/owner}{/repo}"],"subscriptions_url":["https://api.github.com/users/gabceb/subscriptions"],"organizations_url":["https://api.github.com/users/gabceb/orgs"],"repos_url":["https://api.github.com/users/gabceb/repos"],"events_url":["https://api.github.com/users/gabceb/events{/privacy}"],"received_events_url":["https://api.github.com/users/gabceb/received_events"],"type":["User"],"site_admin":[false]}
