{"login":["elving"],"id":[476733],"node_id":["MDQ6VXNlcjQ3NjczMw=="],"avatar_url":["https://avatars3.githubusercontent.com/u/476733?v=4"],"gravatar_id":[""],"url":["https://api.github.com/users/elving"],"html_url":["https://github.com/elving"],"followers_url":["https://api.github.com/users/elving/followers"],"following_url":["https://api.github.com/users/elving/following{/other_user}"],"gists_url":["https://api.github.com/users/elving/gists{/gist_id}"],"starred_url":["https://api.github.com/users/elving/starred{/owner}{/repo}"],"subscriptions_url":["https://api.github.com/users/elving/subscriptions"],"organizations_url":["https://api.github.com/users/elving/orgs"],"repos_url":["https://api.github.com/users/elving/repos"],"events_url":["https://api.github.com/users/elving/events{/privacy}"],"received_events_url":["https://api.github.com/users/elving/received_events"],"type":["User"],"site_admin":[false]}
