{"login":["isabovic"],"id":[485487],"node_id":["MDQ6VXNlcjQ4NTQ4Nw=="],"avatar_url":["https://avatars3.githubusercontent.com/u/485487?v=4"],"gravatar_id":[""],"url":["https://api.github.com/users/isabovic"],"html_url":["https://github.com/isabovic"],"followers_url":["https://api.github.com/users/isabovic/followers"],"following_url":["https://api.github.com/users/isabovic/following{/other_user}"],"gists_url":["https://api.github.com/users/isabovic/gists{/gist_id}"],"starred_url":["https://api.github.com/users/isabovic/starred{/owner}{/repo}"],"subscriptions_url":["https://api.github.com/users/isabovic/subscriptions"],"organizations_url":["https://api.github.com/users/isabovic/orgs"],"repos_url":["https://api.github.com/users/isabovic/repos"],"events_url":["https://api.github.com/users/isabovic/events{/privacy}"],"received_events_url":["https://api.github.com/users/isabovic/received_events"],"type":["User"],"site_admin":[false]}
