{"login":["kis"],"id":[4863660],"node_id":["MDQ6VXNlcjQ4NjM2NjA="],"avatar_url":["https://avatars3.githubusercontent.com/u/4863660?v=4"],"gravatar_id":[""],"url":["https://api.github.com/users/kis"],"html_url":["https://github.com/kis"],"followers_url":["https://api.github.com/users/kis/followers"],"following_url":["https://api.github.com/users/kis/following{/other_user}"],"gists_url":["https://api.github.com/users/kis/gists{/gist_id}"],"starred_url":["https://api.github.com/users/kis/starred{/owner}{/repo}"],"subscriptions_url":["https://api.github.com/users/kis/subscriptions"],"organizations_url":["https://api.github.com/users/kis/orgs"],"repos_url":["https://api.github.com/users/kis/repos"],"events_url":["https://api.github.com/users/kis/events{/privacy}"],"received_events_url":["https://api.github.com/users/kis/received_events"],"type":["User"],"site_admin":[false]}
