{"login":["snowsky"],"id":[4934898],"node_id":["MDQ6VXNlcjQ5MzQ4OTg="],"avatar_url":["https://avatars2.githubusercontent.com/u/4934898?v=4"],"gravatar_id":[""],"url":["https://api.github.com/users/snowsky"],"html_url":["https://github.com/snowsky"],"followers_url":["https://api.github.com/users/snowsky/followers"],"following_url":["https://api.github.com/users/snowsky/following{/other_user}"],"gists_url":["https://api.github.com/users/snowsky/gists{/gist_id}"],"starred_url":["https://api.github.com/users/snowsky/starred{/owner}{/repo}"],"subscriptions_url":["https://api.github.com/users/snowsky/subscriptions"],"organizations_url":["https://api.github.com/users/snowsky/orgs"],"repos_url":["https://api.github.com/users/snowsky/repos"],"events_url":["https://api.github.com/users/snowsky/events{/privacy}"],"received_events_url":["https://api.github.com/users/snowsky/received_events"],"type":["User"],"site_admin":[false]}
