{"login":["JimmyLv"],"id":[4997466],"node_id":["MDQ6VXNlcjQ5OTc0NjY="],"avatar_url":["https://avatars3.githubusercontent.com/u/4997466?v=4"],"gravatar_id":[""],"url":["https://api.github.com/users/JimmyLv"],"html_url":["https://github.com/JimmyLv"],"followers_url":["https://api.github.com/users/JimmyLv/followers"],"following_url":["https://api.github.com/users/JimmyLv/following{/other_user}"],"gists_url":["https://api.github.com/users/JimmyLv/gists{/gist_id}"],"starred_url":["https://api.github.com/users/JimmyLv/starred{/owner}{/repo}"],"subscriptions_url":["https://api.github.com/users/JimmyLv/subscriptions"],"organizations_url":["https://api.github.com/users/JimmyLv/orgs"],"repos_url":["https://api.github.com/users/JimmyLv/repos"],"events_url":["https://api.github.com/users/JimmyLv/events{/privacy}"],"received_events_url":["https://api.github.com/users/JimmyLv/received_events"],"type":["User"],"site_admin":[false]}
