{"login":["wuchangming"],"id":[5039340],"node_id":["MDQ6VXNlcjUwMzkzNDA="],"avatar_url":["https://avatars0.githubusercontent.com/u/5039340?v=4"],"gravatar_id":[""],"url":["https://api.github.com/users/wuchangming"],"html_url":["https://github.com/wuchangming"],"followers_url":["https://api.github.com/users/wuchangming/followers"],"following_url":["https://api.github.com/users/wuchangming/following{/other_user}"],"gists_url":["https://api.github.com/users/wuchangming/gists{/gist_id}"],"starred_url":["https://api.github.com/users/wuchangming/starred{/owner}{/repo}"],"subscriptions_url":["https://api.github.com/users/wuchangming/subscriptions"],"organizations_url":["https://api.github.com/users/wuchangming/orgs"],"repos_url":["https://api.github.com/users/wuchangming/repos"],"events_url":["https://api.github.com/users/wuchangming/events{/privacy}"],"received_events_url":["https://api.github.com/users/wuchangming/received_events"],"type":["User"],"site_admin":[false]}
