{"login":["kopasetik"],"id":[5073827],"node_id":["MDQ6VXNlcjUwNzM4Mjc="],"avatar_url":["https://avatars3.githubusercontent.com/u/5073827?v=4"],"gravatar_id":[""],"url":["https://api.github.com/users/kopasetik"],"html_url":["https://github.com/kopasetik"],"followers_url":["https://api.github.com/users/kopasetik/followers"],"following_url":["https://api.github.com/users/kopasetik/following{/other_user}"],"gists_url":["https://api.github.com/users/kopasetik/gists{/gist_id}"],"starred_url":["https://api.github.com/users/kopasetik/starred{/owner}{/repo}"],"subscriptions_url":["https://api.github.com/users/kopasetik/subscriptions"],"organizations_url":["https://api.github.com/users/kopasetik/orgs"],"repos_url":["https://api.github.com/users/kopasetik/repos"],"events_url":["https://api.github.com/users/kopasetik/events{/privacy}"],"received_events_url":["https://api.github.com/users/kopasetik/received_events"],"type":["User"],"site_admin":[false]}
