{"login":["jualoppaz"],"id":[5088244],"node_id":["MDQ6VXNlcjUwODgyNDQ="],"avatar_url":["https://avatars3.githubusercontent.com/u/5088244?v=4"],"gravatar_id":[""],"url":["https://api.github.com/users/jualoppaz"],"html_url":["https://github.com/jualoppaz"],"followers_url":["https://api.github.com/users/jualoppaz/followers"],"following_url":["https://api.github.com/users/jualoppaz/following{/other_user}"],"gists_url":["https://api.github.com/users/jualoppaz/gists{/gist_id}"],"starred_url":["https://api.github.com/users/jualoppaz/starred{/owner}{/repo}"],"subscriptions_url":["https://api.github.com/users/jualoppaz/subscriptions"],"organizations_url":["https://api.github.com/users/jualoppaz/orgs"],"repos_url":["https://api.github.com/users/jualoppaz/repos"],"events_url":["https://api.github.com/users/jualoppaz/events{/privacy}"],"received_events_url":["https://api.github.com/users/jualoppaz/received_events"],"type":["User"],"site_admin":[false]}
