{"login":["shvaikalesh"],"id":[5098878],"node_id":["MDQ6VXNlcjUwOTg4Nzg="],"avatar_url":["https://avatars1.githubusercontent.com/u/5098878?v=4"],"gravatar_id":[""],"url":["https://api.github.com/users/shvaikalesh"],"html_url":["https://github.com/shvaikalesh"],"followers_url":["https://api.github.com/users/shvaikalesh/followers"],"following_url":["https://api.github.com/users/shvaikalesh/following{/other_user}"],"gists_url":["https://api.github.com/users/shvaikalesh/gists{/gist_id}"],"starred_url":["https://api.github.com/users/shvaikalesh/starred{/owner}{/repo}"],"subscriptions_url":["https://api.github.com/users/shvaikalesh/subscriptions"],"organizations_url":["https://api.github.com/users/shvaikalesh/orgs"],"repos_url":["https://api.github.com/users/shvaikalesh/repos"],"events_url":["https://api.github.com/users/shvaikalesh/events{/privacy}"],"received_events_url":["https://api.github.com/users/shvaikalesh/received_events"],"type":["User"],"site_admin":[false]}
