{"login":["kaminaly"],"id":[514216],"node_id":["MDQ6VXNlcjUxNDIxNg=="],"avatar_url":["https://avatars2.githubusercontent.com/u/514216?v=4"],"gravatar_id":[""],"url":["https://api.github.com/users/kaminaly"],"html_url":["https://github.com/kaminaly"],"followers_url":["https://api.github.com/users/kaminaly/followers"],"following_url":["https://api.github.com/users/kaminaly/following{/other_user}"],"gists_url":["https://api.github.com/users/kaminaly/gists{/gist_id}"],"starred_url":["https://api.github.com/users/kaminaly/starred{/owner}{/repo}"],"subscriptions_url":["https://api.github.com/users/kaminaly/subscriptions"],"organizations_url":["https://api.github.com/users/kaminaly/orgs"],"repos_url":["https://api.github.com/users/kaminaly/repos"],"events_url":["https://api.github.com/users/kaminaly/events{/privacy}"],"received_events_url":["https://api.github.com/users/kaminaly/received_events"],"type":["User"],"site_admin":[false]}
