{"login":["mihaisoloi"],"id":[515923],"node_id":["MDQ6VXNlcjUxNTkyMw=="],"avatar_url":["https://avatars0.githubusercontent.com/u/515923?v=4"],"gravatar_id":[""],"url":["https://api.github.com/users/mihaisoloi"],"html_url":["https://github.com/mihaisoloi"],"followers_url":["https://api.github.com/users/mihaisoloi/followers"],"following_url":["https://api.github.com/users/mihaisoloi/following{/other_user}"],"gists_url":["https://api.github.com/users/mihaisoloi/gists{/gist_id}"],"starred_url":["https://api.github.com/users/mihaisoloi/starred{/owner}{/repo}"],"subscriptions_url":["https://api.github.com/users/mihaisoloi/subscriptions"],"organizations_url":["https://api.github.com/users/mihaisoloi/orgs"],"repos_url":["https://api.github.com/users/mihaisoloi/repos"],"events_url":["https://api.github.com/users/mihaisoloi/events{/privacy}"],"received_events_url":["https://api.github.com/users/mihaisoloi/received_events"],"type":["User"],"site_admin":[false]}
