{"login":["alexurdea"],"id":[519263],"node_id":["MDQ6VXNlcjUxOTI2Mw=="],"avatar_url":["https://avatars3.githubusercontent.com/u/519263?v=4"],"gravatar_id":[""],"url":["https://api.github.com/users/alexurdea"],"html_url":["https://github.com/alexurdea"],"followers_url":["https://api.github.com/users/alexurdea/followers"],"following_url":["https://api.github.com/users/alexurdea/following{/other_user}"],"gists_url":["https://api.github.com/users/alexurdea/gists{/gist_id}"],"starred_url":["https://api.github.com/users/alexurdea/starred{/owner}{/repo}"],"subscriptions_url":["https://api.github.com/users/alexurdea/subscriptions"],"organizations_url":["https://api.github.com/users/alexurdea/orgs"],"repos_url":["https://api.github.com/users/alexurdea/repos"],"events_url":["https://api.github.com/users/alexurdea/events{/privacy}"],"received_events_url":["https://api.github.com/users/alexurdea/received_events"],"type":["User"],"site_admin":[false]}
