{"login":["joetamburro"],"id":[5226208],"node_id":["MDQ6VXNlcjUyMjYyMDg="],"avatar_url":["https://avatars1.githubusercontent.com/u/5226208?v=4"],"gravatar_id":[""],"url":["https://api.github.com/users/joetamburro"],"html_url":["https://github.com/joetamburro"],"followers_url":["https://api.github.com/users/joetamburro/followers"],"following_url":["https://api.github.com/users/joetamburro/following{/other_user}"],"gists_url":["https://api.github.com/users/joetamburro/gists{/gist_id}"],"starred_url":["https://api.github.com/users/joetamburro/starred{/owner}{/repo}"],"subscriptions_url":["https://api.github.com/users/joetamburro/subscriptions"],"organizations_url":["https://api.github.com/users/joetamburro/orgs"],"repos_url":["https://api.github.com/users/joetamburro/repos"],"events_url":["https://api.github.com/users/joetamburro/events{/privacy}"],"received_events_url":["https://api.github.com/users/joetamburro/received_events"],"type":["User"],"site_admin":[false]}
