{"login":["chrisabrams"],"id":[527740],"node_id":["MDQ6VXNlcjUyNzc0MA=="],"avatar_url":["https://avatars0.githubusercontent.com/u/527740?v=4"],"gravatar_id":[""],"url":["https://api.github.com/users/chrisabrams"],"html_url":["https://github.com/chrisabrams"],"followers_url":["https://api.github.com/users/chrisabrams/followers"],"following_url":["https://api.github.com/users/chrisabrams/following{/other_user}"],"gists_url":["https://api.github.com/users/chrisabrams/gists{/gist_id}"],"starred_url":["https://api.github.com/users/chrisabrams/starred{/owner}{/repo}"],"subscriptions_url":["https://api.github.com/users/chrisabrams/subscriptions"],"organizations_url":["https://api.github.com/users/chrisabrams/orgs"],"repos_url":["https://api.github.com/users/chrisabrams/repos"],"events_url":["https://api.github.com/users/chrisabrams/events{/privacy}"],"received_events_url":["https://api.github.com/users/chrisabrams/received_events"],"type":["User"],"site_admin":[false]}
