{"login":["reachit"],"id":[5280923],"node_id":["MDQ6VXNlcjUyODA5MjM="],"avatar_url":["https://avatars0.githubusercontent.com/u/5280923?v=4"],"gravatar_id":[""],"url":["https://api.github.com/users/reachit"],"html_url":["https://github.com/reachit"],"followers_url":["https://api.github.com/users/reachit/followers"],"following_url":["https://api.github.com/users/reachit/following{/other_user}"],"gists_url":["https://api.github.com/users/reachit/gists{/gist_id}"],"starred_url":["https://api.github.com/users/reachit/starred{/owner}{/repo}"],"subscriptions_url":["https://api.github.com/users/reachit/subscriptions"],"organizations_url":["https://api.github.com/users/reachit/orgs"],"repos_url":["https://api.github.com/users/reachit/repos"],"events_url":["https://api.github.com/users/reachit/events{/privacy}"],"received_events_url":["https://api.github.com/users/reachit/received_events"],"type":["User"],"site_admin":[false]}
