{"login":["LenSys"],"id":[5294222],"node_id":["MDQ6VXNlcjUyOTQyMjI="],"avatar_url":["https://avatars3.githubusercontent.com/u/5294222?v=4"],"gravatar_id":[""],"url":["https://api.github.com/users/LenSys"],"html_url":["https://github.com/LenSys"],"followers_url":["https://api.github.com/users/LenSys/followers"],"following_url":["https://api.github.com/users/LenSys/following{/other_user}"],"gists_url":["https://api.github.com/users/LenSys/gists{/gist_id}"],"starred_url":["https://api.github.com/users/LenSys/starred{/owner}{/repo}"],"subscriptions_url":["https://api.github.com/users/LenSys/subscriptions"],"organizations_url":["https://api.github.com/users/LenSys/orgs"],"repos_url":["https://api.github.com/users/LenSys/repos"],"events_url":["https://api.github.com/users/LenSys/events{/privacy}"],"received_events_url":["https://api.github.com/users/LenSys/received_events"],"type":["User"],"site_admin":[false]}
