{"login":["killawabbit"],"id":[5359523],"node_id":["MDQ6VXNlcjUzNTk1MjM="],"avatar_url":["https://avatars2.githubusercontent.com/u/5359523?v=4"],"gravatar_id":[""],"url":["https://api.github.com/users/killawabbit"],"html_url":["https://github.com/killawabbit"],"followers_url":["https://api.github.com/users/killawabbit/followers"],"following_url":["https://api.github.com/users/killawabbit/following{/other_user}"],"gists_url":["https://api.github.com/users/killawabbit/gists{/gist_id}"],"starred_url":["https://api.github.com/users/killawabbit/starred{/owner}{/repo}"],"subscriptions_url":["https://api.github.com/users/killawabbit/subscriptions"],"organizations_url":["https://api.github.com/users/killawabbit/orgs"],"repos_url":["https://api.github.com/users/killawabbit/repos"],"events_url":["https://api.github.com/users/killawabbit/events{/privacy}"],"received_events_url":["https://api.github.com/users/killawabbit/received_events"],"type":["User"],"site_admin":[false]}
