{"login":["egeste"],"id":[536059],"node_id":["MDQ6VXNlcjUzNjA1OQ=="],"avatar_url":["https://avatars3.githubusercontent.com/u/536059?v=4"],"gravatar_id":[""],"url":["https://api.github.com/users/egeste"],"html_url":["https://github.com/egeste"],"followers_url":["https://api.github.com/users/egeste/followers"],"following_url":["https://api.github.com/users/egeste/following{/other_user}"],"gists_url":["https://api.github.com/users/egeste/gists{/gist_id}"],"starred_url":["https://api.github.com/users/egeste/starred{/owner}{/repo}"],"subscriptions_url":["https://api.github.com/users/egeste/subscriptions"],"organizations_url":["https://api.github.com/users/egeste/orgs"],"repos_url":["https://api.github.com/users/egeste/repos"],"events_url":["https://api.github.com/users/egeste/events{/privacy}"],"received_events_url":["https://api.github.com/users/egeste/received_events"],"type":["User"],"site_admin":[false]}
