{"login":["andihit"],"id":[538011],"node_id":["MDQ6VXNlcjUzODAxMQ=="],"avatar_url":["https://avatars2.githubusercontent.com/u/538011?v=4"],"gravatar_id":[""],"url":["https://api.github.com/users/andihit"],"html_url":["https://github.com/andihit"],"followers_url":["https://api.github.com/users/andihit/followers"],"following_url":["https://api.github.com/users/andihit/following{/other_user}"],"gists_url":["https://api.github.com/users/andihit/gists{/gist_id}"],"starred_url":["https://api.github.com/users/andihit/starred{/owner}{/repo}"],"subscriptions_url":["https://api.github.com/users/andihit/subscriptions"],"organizations_url":["https://api.github.com/users/andihit/orgs"],"repos_url":["https://api.github.com/users/andihit/repos"],"events_url":["https://api.github.com/users/andihit/events{/privacy}"],"received_events_url":["https://api.github.com/users/andihit/received_events"],"type":["User"],"site_admin":[false]}
