{"login":["ve1ikiy"],"id":[5394588],"node_id":["MDQ6VXNlcjUzOTQ1ODg="],"avatar_url":["https://avatars0.githubusercontent.com/u/5394588?v=4"],"gravatar_id":[""],"url":["https://api.github.com/users/ve1ikiy"],"html_url":["https://github.com/ve1ikiy"],"followers_url":["https://api.github.com/users/ve1ikiy/followers"],"following_url":["https://api.github.com/users/ve1ikiy/following{/other_user}"],"gists_url":["https://api.github.com/users/ve1ikiy/gists{/gist_id}"],"starred_url":["https://api.github.com/users/ve1ikiy/starred{/owner}{/repo}"],"subscriptions_url":["https://api.github.com/users/ve1ikiy/subscriptions"],"organizations_url":["https://api.github.com/users/ve1ikiy/orgs"],"repos_url":["https://api.github.com/users/ve1ikiy/repos"],"events_url":["https://api.github.com/users/ve1ikiy/events{/privacy}"],"received_events_url":["https://api.github.com/users/ve1ikiy/received_events"],"type":["User"],"site_admin":[false]}
