{"login":["Lendar"],"id":[539545],"node_id":["MDQ6VXNlcjUzOTU0NQ=="],"avatar_url":["https://avatars0.githubusercontent.com/u/539545?v=4"],"gravatar_id":[""],"url":["https://api.github.com/users/Lendar"],"html_url":["https://github.com/Lendar"],"followers_url":["https://api.github.com/users/Lendar/followers"],"following_url":["https://api.github.com/users/Lendar/following{/other_user}"],"gists_url":["https://api.github.com/users/Lendar/gists{/gist_id}"],"starred_url":["https://api.github.com/users/Lendar/starred{/owner}{/repo}"],"subscriptions_url":["https://api.github.com/users/Lendar/subscriptions"],"organizations_url":["https://api.github.com/users/Lendar/orgs"],"repos_url":["https://api.github.com/users/Lendar/repos"],"events_url":["https://api.github.com/users/Lendar/events{/privacy}"],"received_events_url":["https://api.github.com/users/Lendar/received_events"],"type":["User"],"site_admin":[false]}
