{"login":["stefankutko"],"id":[540962],"node_id":["MDQ6VXNlcjU0MDk2Mg=="],"avatar_url":["https://avatars1.githubusercontent.com/u/540962?v=4"],"gravatar_id":[""],"url":["https://api.github.com/users/stefankutko"],"html_url":["https://github.com/stefankutko"],"followers_url":["https://api.github.com/users/stefankutko/followers"],"following_url":["https://api.github.com/users/stefankutko/following{/other_user}"],"gists_url":["https://api.github.com/users/stefankutko/gists{/gist_id}"],"starred_url":["https://api.github.com/users/stefankutko/starred{/owner}{/repo}"],"subscriptions_url":["https://api.github.com/users/stefankutko/subscriptions"],"organizations_url":["https://api.github.com/users/stefankutko/orgs"],"repos_url":["https://api.github.com/users/stefankutko/repos"],"events_url":["https://api.github.com/users/stefankutko/events{/privacy}"],"received_events_url":["https://api.github.com/users/stefankutko/received_events"],"type":["User"],"site_admin":[false]}
