{"login":["greengnn"],"id":[549754],"node_id":["MDQ6VXNlcjU0OTc1NA=="],"avatar_url":["https://avatars1.githubusercontent.com/u/549754?v=4"],"gravatar_id":[""],"url":["https://api.github.com/users/greengnn"],"html_url":["https://github.com/greengnn"],"followers_url":["https://api.github.com/users/greengnn/followers"],"following_url":["https://api.github.com/users/greengnn/following{/other_user}"],"gists_url":["https://api.github.com/users/greengnn/gists{/gist_id}"],"starred_url":["https://api.github.com/users/greengnn/starred{/owner}{/repo}"],"subscriptions_url":["https://api.github.com/users/greengnn/subscriptions"],"organizations_url":["https://api.github.com/users/greengnn/orgs"],"repos_url":["https://api.github.com/users/greengnn/repos"],"events_url":["https://api.github.com/users/greengnn/events{/privacy}"],"received_events_url":["https://api.github.com/users/greengnn/received_events"],"type":["User"],"site_admin":[false]}
