{"login":["m9dfukc"],"id":[551597],"node_id":["MDQ6VXNlcjU1MTU5Nw=="],"avatar_url":["https://avatars1.githubusercontent.com/u/551597?v=4"],"gravatar_id":[""],"url":["https://api.github.com/users/m9dfukc"],"html_url":["https://github.com/m9dfukc"],"followers_url":["https://api.github.com/users/m9dfukc/followers"],"following_url":["https://api.github.com/users/m9dfukc/following{/other_user}"],"gists_url":["https://api.github.com/users/m9dfukc/gists{/gist_id}"],"starred_url":["https://api.github.com/users/m9dfukc/starred{/owner}{/repo}"],"subscriptions_url":["https://api.github.com/users/m9dfukc/subscriptions"],"organizations_url":["https://api.github.com/users/m9dfukc/orgs"],"repos_url":["https://api.github.com/users/m9dfukc/repos"],"events_url":["https://api.github.com/users/m9dfukc/events{/privacy}"],"received_events_url":["https://api.github.com/users/m9dfukc/received_events"],"type":["User"],"site_admin":[false]}
