{"login":["wangchi"],"id":[5526491],"node_id":["MDQ6VXNlcjU1MjY0OTE="],"avatar_url":["https://avatars3.githubusercontent.com/u/5526491?v=4"],"gravatar_id":[""],"url":["https://api.github.com/users/wangchi"],"html_url":["https://github.com/wangchi"],"followers_url":["https://api.github.com/users/wangchi/followers"],"following_url":["https://api.github.com/users/wangchi/following{/other_user}"],"gists_url":["https://api.github.com/users/wangchi/gists{/gist_id}"],"starred_url":["https://api.github.com/users/wangchi/starred{/owner}{/repo}"],"subscriptions_url":["https://api.github.com/users/wangchi/subscriptions"],"organizations_url":["https://api.github.com/users/wangchi/orgs"],"repos_url":["https://api.github.com/users/wangchi/repos"],"events_url":["https://api.github.com/users/wangchi/events{/privacy}"],"received_events_url":["https://api.github.com/users/wangchi/received_events"],"type":["User"],"site_admin":[false]}
