{"login":["jmarizgit"],"id":[558884],"node_id":["MDQ6VXNlcjU1ODg4NA=="],"avatar_url":["https://avatars3.githubusercontent.com/u/558884?v=4"],"gravatar_id":[""],"url":["https://api.github.com/users/jmarizgit"],"html_url":["https://github.com/jmarizgit"],"followers_url":["https://api.github.com/users/jmarizgit/followers"],"following_url":["https://api.github.com/users/jmarizgit/following{/other_user}"],"gists_url":["https://api.github.com/users/jmarizgit/gists{/gist_id}"],"starred_url":["https://api.github.com/users/jmarizgit/starred{/owner}{/repo}"],"subscriptions_url":["https://api.github.com/users/jmarizgit/subscriptions"],"organizations_url":["https://api.github.com/users/jmarizgit/orgs"],"repos_url":["https://api.github.com/users/jmarizgit/repos"],"events_url":["https://api.github.com/users/jmarizgit/events{/privacy}"],"received_events_url":["https://api.github.com/users/jmarizgit/received_events"],"type":["User"],"site_admin":[false]}
