{"login":["TrySound"],"id":[5635476],"node_id":["MDQ6VXNlcjU2MzU0NzY="],"avatar_url":["https://avatars0.githubusercontent.com/u/5635476?v=4"],"gravatar_id":[""],"url":["https://api.github.com/users/TrySound"],"html_url":["https://github.com/TrySound"],"followers_url":["https://api.github.com/users/TrySound/followers"],"following_url":["https://api.github.com/users/TrySound/following{/other_user}"],"gists_url":["https://api.github.com/users/TrySound/gists{/gist_id}"],"starred_url":["https://api.github.com/users/TrySound/starred{/owner}{/repo}"],"subscriptions_url":["https://api.github.com/users/TrySound/subscriptions"],"organizations_url":["https://api.github.com/users/TrySound/orgs"],"repos_url":["https://api.github.com/users/TrySound/repos"],"events_url":["https://api.github.com/users/TrySound/events{/privacy}"],"received_events_url":["https://api.github.com/users/TrySound/received_events"],"type":["User"],"site_admin":[false]}
