{"login":["Shugar"],"id":[5647725],"node_id":["MDQ6VXNlcjU2NDc3MjU="],"avatar_url":["https://avatars2.githubusercontent.com/u/5647725?v=4"],"gravatar_id":[""],"url":["https://api.github.com/users/Shugar"],"html_url":["https://github.com/Shugar"],"followers_url":["https://api.github.com/users/Shugar/followers"],"following_url":["https://api.github.com/users/Shugar/following{/other_user}"],"gists_url":["https://api.github.com/users/Shugar/gists{/gist_id}"],"starred_url":["https://api.github.com/users/Shugar/starred{/owner}{/repo}"],"subscriptions_url":["https://api.github.com/users/Shugar/subscriptions"],"organizations_url":["https://api.github.com/users/Shugar/orgs"],"repos_url":["https://api.github.com/users/Shugar/repos"],"events_url":["https://api.github.com/users/Shugar/events{/privacy}"],"received_events_url":["https://api.github.com/users/Shugar/received_events"],"type":["User"],"site_admin":[false]}
