{"login":["thehydroimpulse"],"id":[565790],"node_id":["MDQ6VXNlcjU2NTc5MA=="],"avatar_url":["https://avatars3.githubusercontent.com/u/565790?v=4"],"gravatar_id":[""],"url":["https://api.github.com/users/thehydroimpulse"],"html_url":["https://github.com/thehydroimpulse"],"followers_url":["https://api.github.com/users/thehydroimpulse/followers"],"following_url":["https://api.github.com/users/thehydroimpulse/following{/other_user}"],"gists_url":["https://api.github.com/users/thehydroimpulse/gists{/gist_id}"],"starred_url":["https://api.github.com/users/thehydroimpulse/starred{/owner}{/repo}"],"subscriptions_url":["https://api.github.com/users/thehydroimpulse/subscriptions"],"organizations_url":["https://api.github.com/users/thehydroimpulse/orgs"],"repos_url":["https://api.github.com/users/thehydroimpulse/repos"],"events_url":["https://api.github.com/users/thehydroimpulse/events{/privacy}"],"received_events_url":["https://api.github.com/users/thehydroimpulse/received_events"],"type":["User"],"site_admin":[false]}
