{"login":["bdosorio"],"id":[5661158],"node_id":["MDQ6VXNlcjU2NjExNTg="],"avatar_url":["https://avatars0.githubusercontent.com/u/5661158?v=4"],"gravatar_id":[""],"url":["https://api.github.com/users/bdosorio"],"html_url":["https://github.com/bdosorio"],"followers_url":["https://api.github.com/users/bdosorio/followers"],"following_url":["https://api.github.com/users/bdosorio/following{/other_user}"],"gists_url":["https://api.github.com/users/bdosorio/gists{/gist_id}"],"starred_url":["https://api.github.com/users/bdosorio/starred{/owner}{/repo}"],"subscriptions_url":["https://api.github.com/users/bdosorio/subscriptions"],"organizations_url":["https://api.github.com/users/bdosorio/orgs"],"repos_url":["https://api.github.com/users/bdosorio/repos"],"events_url":["https://api.github.com/users/bdosorio/events{/privacy}"],"received_events_url":["https://api.github.com/users/bdosorio/received_events"],"type":["User"],"site_admin":[false]}
