{"login":["alexsomai"],"id":[5720977],"node_id":["MDQ6VXNlcjU3MjA5Nzc="],"avatar_url":["https://avatars1.githubusercontent.com/u/5720977?v=4"],"gravatar_id":[""],"url":["https://api.github.com/users/alexsomai"],"html_url":["https://github.com/alexsomai"],"followers_url":["https://api.github.com/users/alexsomai/followers"],"following_url":["https://api.github.com/users/alexsomai/following{/other_user}"],"gists_url":["https://api.github.com/users/alexsomai/gists{/gist_id}"],"starred_url":["https://api.github.com/users/alexsomai/starred{/owner}{/repo}"],"subscriptions_url":["https://api.github.com/users/alexsomai/subscriptions"],"organizations_url":["https://api.github.com/users/alexsomai/orgs"],"repos_url":["https://api.github.com/users/alexsomai/repos"],"events_url":["https://api.github.com/users/alexsomai/events{/privacy}"],"received_events_url":["https://api.github.com/users/alexsomai/received_events"],"type":["User"],"site_admin":[false]}
