{"login":["Jacktony"],"id":[5726143],"node_id":["MDQ6VXNlcjU3MjYxNDM="],"avatar_url":["https://avatars3.githubusercontent.com/u/5726143?v=4"],"gravatar_id":[""],"url":["https://api.github.com/users/Jacktony"],"html_url":["https://github.com/Jacktony"],"followers_url":["https://api.github.com/users/Jacktony/followers"],"following_url":["https://api.github.com/users/Jacktony/following{/other_user}"],"gists_url":["https://api.github.com/users/Jacktony/gists{/gist_id}"],"starred_url":["https://api.github.com/users/Jacktony/starred{/owner}{/repo}"],"subscriptions_url":["https://api.github.com/users/Jacktony/subscriptions"],"organizations_url":["https://api.github.com/users/Jacktony/orgs"],"repos_url":["https://api.github.com/users/Jacktony/repos"],"events_url":["https://api.github.com/users/Jacktony/events{/privacy}"],"received_events_url":["https://api.github.com/users/Jacktony/received_events"],"type":["User"],"site_admin":[false]}
