{"login":["fparent"],"id":[575181],"node_id":["MDQ6VXNlcjU3NTE4MQ=="],"avatar_url":["https://avatars3.githubusercontent.com/u/575181?v=4"],"gravatar_id":[""],"url":["https://api.github.com/users/fparent"],"html_url":["https://github.com/fparent"],"followers_url":["https://api.github.com/users/fparent/followers"],"following_url":["https://api.github.com/users/fparent/following{/other_user}"],"gists_url":["https://api.github.com/users/fparent/gists{/gist_id}"],"starred_url":["https://api.github.com/users/fparent/starred{/owner}{/repo}"],"subscriptions_url":["https://api.github.com/users/fparent/subscriptions"],"organizations_url":["https://api.github.com/users/fparent/orgs"],"repos_url":["https://api.github.com/users/fparent/repos"],"events_url":["https://api.github.com/users/fparent/events{/privacy}"],"received_events_url":["https://api.github.com/users/fparent/received_events"],"type":["User"],"site_admin":[false]}
