{"login":["tsybulskyserg"],"id":[575944],"node_id":["MDQ6VXNlcjU3NTk0NA=="],"avatar_url":["https://avatars3.githubusercontent.com/u/575944?v=4"],"gravatar_id":[""],"url":["https://api.github.com/users/tsybulskyserg"],"html_url":["https://github.com/tsybulskyserg"],"followers_url":["https://api.github.com/users/tsybulskyserg/followers"],"following_url":["https://api.github.com/users/tsybulskyserg/following{/other_user}"],"gists_url":["https://api.github.com/users/tsybulskyserg/gists{/gist_id}"],"starred_url":["https://api.github.com/users/tsybulskyserg/starred{/owner}{/repo}"],"subscriptions_url":["https://api.github.com/users/tsybulskyserg/subscriptions"],"organizations_url":["https://api.github.com/users/tsybulskyserg/orgs"],"repos_url":["https://api.github.com/users/tsybulskyserg/repos"],"events_url":["https://api.github.com/users/tsybulskyserg/events{/privacy}"],"received_events_url":["https://api.github.com/users/tsybulskyserg/received_events"],"type":["User"],"site_admin":[false]}
