{"login":["jonrh"],"id":[58344],"node_id":["MDQ6VXNlcjU4MzQ0"],"avatar_url":["https://avatars3.githubusercontent.com/u/58344?v=4"],"gravatar_id":[""],"url":["https://api.github.com/users/jonrh"],"html_url":["https://github.com/jonrh"],"followers_url":["https://api.github.com/users/jonrh/followers"],"following_url":["https://api.github.com/users/jonrh/following{/other_user}"],"gists_url":["https://api.github.com/users/jonrh/gists{/gist_id}"],"starred_url":["https://api.github.com/users/jonrh/starred{/owner}{/repo}"],"subscriptions_url":["https://api.github.com/users/jonrh/subscriptions"],"organizations_url":["https://api.github.com/users/jonrh/orgs"],"repos_url":["https://api.github.com/users/jonrh/repos"],"events_url":["https://api.github.com/users/jonrh/events{/privacy}"],"received_events_url":["https://api.github.com/users/jonrh/received_events"],"type":["User"],"site_admin":[false]}
