{"login":["matagus"],"id":[58519],"node_id":["MDQ6VXNlcjU4NTE5"],"avatar_url":["https://avatars3.githubusercontent.com/u/58519?v=4"],"gravatar_id":[""],"url":["https://api.github.com/users/matagus"],"html_url":["https://github.com/matagus"],"followers_url":["https://api.github.com/users/matagus/followers"],"following_url":["https://api.github.com/users/matagus/following{/other_user}"],"gists_url":["https://api.github.com/users/matagus/gists{/gist_id}"],"starred_url":["https://api.github.com/users/matagus/starred{/owner}{/repo}"],"subscriptions_url":["https://api.github.com/users/matagus/subscriptions"],"organizations_url":["https://api.github.com/users/matagus/orgs"],"repos_url":["https://api.github.com/users/matagus/repos"],"events_url":["https://api.github.com/users/matagus/events{/privacy}"],"received_events_url":["https://api.github.com/users/matagus/received_events"],"type":["User"],"site_admin":[false]}
