{"login":["RuslanGrigoryev"],"id":[5857746],"node_id":["MDQ6VXNlcjU4NTc3NDY="],"avatar_url":["https://avatars3.githubusercontent.com/u/5857746?v=4"],"gravatar_id":[""],"url":["https://api.github.com/users/RuslanGrigoryev"],"html_url":["https://github.com/RuslanGrigoryev"],"followers_url":["https://api.github.com/users/RuslanGrigoryev/followers"],"following_url":["https://api.github.com/users/RuslanGrigoryev/following{/other_user}"],"gists_url":["https://api.github.com/users/RuslanGrigoryev/gists{/gist_id}"],"starred_url":["https://api.github.com/users/RuslanGrigoryev/starred{/owner}{/repo}"],"subscriptions_url":["https://api.github.com/users/RuslanGrigoryev/subscriptions"],"organizations_url":["https://api.github.com/users/RuslanGrigoryev/orgs"],"repos_url":["https://api.github.com/users/RuslanGrigoryev/repos"],"events_url":["https://api.github.com/users/RuslanGrigoryev/events{/privacy}"],"received_events_url":["https://api.github.com/users/RuslanGrigoryev/received_events"],"type":["User"],"site_admin":[false]}
