{"login":["nairvijays"],"id":[594766],"node_id":["MDQ6VXNlcjU5NDc2Ng=="],"avatar_url":["https://avatars1.githubusercontent.com/u/594766?v=4"],"gravatar_id":[""],"url":["https://api.github.com/users/nairvijays"],"html_url":["https://github.com/nairvijays"],"followers_url":["https://api.github.com/users/nairvijays/followers"],"following_url":["https://api.github.com/users/nairvijays/following{/other_user}"],"gists_url":["https://api.github.com/users/nairvijays/gists{/gist_id}"],"starred_url":["https://api.github.com/users/nairvijays/starred{/owner}{/repo}"],"subscriptions_url":["https://api.github.com/users/nairvijays/subscriptions"],"organizations_url":["https://api.github.com/users/nairvijays/orgs"],"repos_url":["https://api.github.com/users/nairvijays/repos"],"events_url":["https://api.github.com/users/nairvijays/events{/privacy}"],"received_events_url":["https://api.github.com/users/nairvijays/received_events"],"type":["User"],"site_admin":[false]}
