{"login":["arthurvr"],"id":[6025224],"node_id":["MDQ6VXNlcjYwMjUyMjQ="],"avatar_url":["https://avatars0.githubusercontent.com/u/6025224?v=4"],"gravatar_id":[""],"url":["https://api.github.com/users/arthurvr"],"html_url":["https://github.com/arthurvr"],"followers_url":["https://api.github.com/users/arthurvr/followers"],"following_url":["https://api.github.com/users/arthurvr/following{/other_user}"],"gists_url":["https://api.github.com/users/arthurvr/gists{/gist_id}"],"starred_url":["https://api.github.com/users/arthurvr/starred{/owner}{/repo}"],"subscriptions_url":["https://api.github.com/users/arthurvr/subscriptions"],"organizations_url":["https://api.github.com/users/arthurvr/orgs"],"repos_url":["https://api.github.com/users/arthurvr/repos"],"events_url":["https://api.github.com/users/arthurvr/events{/privacy}"],"received_events_url":["https://api.github.com/users/arthurvr/received_events"],"type":["User"],"site_admin":[false]}
