{"login":["romansalin"],"id":[6031786],"node_id":["MDQ6VXNlcjYwMzE3ODY="],"avatar_url":["https://avatars0.githubusercontent.com/u/6031786?v=4"],"gravatar_id":[""],"url":["https://api.github.com/users/romansalin"],"html_url":["https://github.com/romansalin"],"followers_url":["https://api.github.com/users/romansalin/followers"],"following_url":["https://api.github.com/users/romansalin/following{/other_user}"],"gists_url":["https://api.github.com/users/romansalin/gists{/gist_id}"],"starred_url":["https://api.github.com/users/romansalin/starred{/owner}{/repo}"],"subscriptions_url":["https://api.github.com/users/romansalin/subscriptions"],"organizations_url":["https://api.github.com/users/romansalin/orgs"],"repos_url":["https://api.github.com/users/romansalin/repos"],"events_url":["https://api.github.com/users/romansalin/events{/privacy}"],"received_events_url":["https://api.github.com/users/romansalin/received_events"],"type":["User"],"site_admin":[false]}
