{"login":["antonko"],"id":[606474],"node_id":["MDQ6VXNlcjYwNjQ3NA=="],"avatar_url":["https://avatars0.githubusercontent.com/u/606474?v=4"],"gravatar_id":[""],"url":["https://api.github.com/users/antonko"],"html_url":["https://github.com/antonko"],"followers_url":["https://api.github.com/users/antonko/followers"],"following_url":["https://api.github.com/users/antonko/following{/other_user}"],"gists_url":["https://api.github.com/users/antonko/gists{/gist_id}"],"starred_url":["https://api.github.com/users/antonko/starred{/owner}{/repo}"],"subscriptions_url":["https://api.github.com/users/antonko/subscriptions"],"organizations_url":["https://api.github.com/users/antonko/orgs"],"repos_url":["https://api.github.com/users/antonko/repos"],"events_url":["https://api.github.com/users/antonko/events{/privacy}"],"received_events_url":["https://api.github.com/users/antonko/received_events"],"type":["User"],"site_admin":[false]}
