{"login":["TerraVenil"],"id":[6068068],"node_id":["MDQ6VXNlcjYwNjgwNjg="],"avatar_url":["https://avatars3.githubusercontent.com/u/6068068?v=4"],"gravatar_id":[""],"url":["https://api.github.com/users/TerraVenil"],"html_url":["https://github.com/TerraVenil"],"followers_url":["https://api.github.com/users/TerraVenil/followers"],"following_url":["https://api.github.com/users/TerraVenil/following{/other_user}"],"gists_url":["https://api.github.com/users/TerraVenil/gists{/gist_id}"],"starred_url":["https://api.github.com/users/TerraVenil/starred{/owner}{/repo}"],"subscriptions_url":["https://api.github.com/users/TerraVenil/subscriptions"],"organizations_url":["https://api.github.com/users/TerraVenil/orgs"],"repos_url":["https://api.github.com/users/TerraVenil/repos"],"events_url":["https://api.github.com/users/TerraVenil/events{/privacy}"],"received_events_url":["https://api.github.com/users/TerraVenil/received_events"],"type":["User"],"site_admin":[false]}
