{"login":["nikolav"],"id":[6069116],"node_id":["MDQ6VXNlcjYwNjkxMTY="],"avatar_url":["https://avatars0.githubusercontent.com/u/6069116?v=4"],"gravatar_id":[""],"url":["https://api.github.com/users/nikolav"],"html_url":["https://github.com/nikolav"],"followers_url":["https://api.github.com/users/nikolav/followers"],"following_url":["https://api.github.com/users/nikolav/following{/other_user}"],"gists_url":["https://api.github.com/users/nikolav/gists{/gist_id}"],"starred_url":["https://api.github.com/users/nikolav/starred{/owner}{/repo}"],"subscriptions_url":["https://api.github.com/users/nikolav/subscriptions"],"organizations_url":["https://api.github.com/users/nikolav/orgs"],"repos_url":["https://api.github.com/users/nikolav/repos"],"events_url":["https://api.github.com/users/nikolav/events{/privacy}"],"received_events_url":["https://api.github.com/users/nikolav/received_events"],"type":["User"],"site_admin":[false]}
