{"login":["brendanmurty"],"id":[608191],"node_id":["MDQ6VXNlcjYwODE5MQ=="],"avatar_url":["https://avatars1.githubusercontent.com/u/608191?v=4"],"gravatar_id":[""],"url":["https://api.github.com/users/brendanmurty"],"html_url":["https://github.com/brendanmurty"],"followers_url":["https://api.github.com/users/brendanmurty/followers"],"following_url":["https://api.github.com/users/brendanmurty/following{/other_user}"],"gists_url":["https://api.github.com/users/brendanmurty/gists{/gist_id}"],"starred_url":["https://api.github.com/users/brendanmurty/starred{/owner}{/repo}"],"subscriptions_url":["https://api.github.com/users/brendanmurty/subscriptions"],"organizations_url":["https://api.github.com/users/brendanmurty/orgs"],"repos_url":["https://api.github.com/users/brendanmurty/repos"],"events_url":["https://api.github.com/users/brendanmurty/events{/privacy}"],"received_events_url":["https://api.github.com/users/brendanmurty/received_events"],"type":["User"],"site_admin":[false]}
