{"login":["gcollazo"],"id":[61048],"node_id":["MDQ6VXNlcjYxMDQ4"],"avatar_url":["https://avatars1.githubusercontent.com/u/61048?v=4"],"gravatar_id":[""],"url":["https://api.github.com/users/gcollazo"],"html_url":["https://github.com/gcollazo"],"followers_url":["https://api.github.com/users/gcollazo/followers"],"following_url":["https://api.github.com/users/gcollazo/following{/other_user}"],"gists_url":["https://api.github.com/users/gcollazo/gists{/gist_id}"],"starred_url":["https://api.github.com/users/gcollazo/starred{/owner}{/repo}"],"subscriptions_url":["https://api.github.com/users/gcollazo/subscriptions"],"organizations_url":["https://api.github.com/users/gcollazo/orgs"],"repos_url":["https://api.github.com/users/gcollazo/repos"],"events_url":["https://api.github.com/users/gcollazo/events{/privacy}"],"received_events_url":["https://api.github.com/users/gcollazo/received_events"],"type":["User"],"site_admin":[false]}
