{"login":["mehranhatami"],"id":[6114456],"node_id":["MDQ6VXNlcjYxMTQ0NTY="],"avatar_url":["https://avatars3.githubusercontent.com/u/6114456?v=4"],"gravatar_id":[""],"url":["https://api.github.com/users/mehranhatami"],"html_url":["https://github.com/mehranhatami"],"followers_url":["https://api.github.com/users/mehranhatami/followers"],"following_url":["https://api.github.com/users/mehranhatami/following{/other_user}"],"gists_url":["https://api.github.com/users/mehranhatami/gists{/gist_id}"],"starred_url":["https://api.github.com/users/mehranhatami/starred{/owner}{/repo}"],"subscriptions_url":["https://api.github.com/users/mehranhatami/subscriptions"],"organizations_url":["https://api.github.com/users/mehranhatami/orgs"],"repos_url":["https://api.github.com/users/mehranhatami/repos"],"events_url":["https://api.github.com/users/mehranhatami/events{/privacy}"],"received_events_url":["https://api.github.com/users/mehranhatami/received_events"],"type":["User"],"site_admin":[false]}
