{"login":["esehara"],"id":[615042],"node_id":["MDQ6VXNlcjYxNTA0Mg=="],"avatar_url":["https://avatars1.githubusercontent.com/u/615042?v=4"],"gravatar_id":[""],"url":["https://api.github.com/users/esehara"],"html_url":["https://github.com/esehara"],"followers_url":["https://api.github.com/users/esehara/followers"],"following_url":["https://api.github.com/users/esehara/following{/other_user}"],"gists_url":["https://api.github.com/users/esehara/gists{/gist_id}"],"starred_url":["https://api.github.com/users/esehara/starred{/owner}{/repo}"],"subscriptions_url":["https://api.github.com/users/esehara/subscriptions"],"organizations_url":["https://api.github.com/users/esehara/orgs"],"repos_url":["https://api.github.com/users/esehara/repos"],"events_url":["https://api.github.com/users/esehara/events{/privacy}"],"received_events_url":["https://api.github.com/users/esehara/received_events"],"type":["User"],"site_admin":[false]}
