{"login":["rand0me"],"id":[6195425],"node_id":["MDQ6VXNlcjYxOTU0MjU="],"avatar_url":["https://avatars1.githubusercontent.com/u/6195425?v=4"],"gravatar_id":[""],"url":["https://api.github.com/users/rand0me"],"html_url":["https://github.com/rand0me"],"followers_url":["https://api.github.com/users/rand0me/followers"],"following_url":["https://api.github.com/users/rand0me/following{/other_user}"],"gists_url":["https://api.github.com/users/rand0me/gists{/gist_id}"],"starred_url":["https://api.github.com/users/rand0me/starred{/owner}{/repo}"],"subscriptions_url":["https://api.github.com/users/rand0me/subscriptions"],"organizations_url":["https://api.github.com/users/rand0me/orgs"],"repos_url":["https://api.github.com/users/rand0me/repos"],"events_url":["https://api.github.com/users/rand0me/events{/privacy}"],"received_events_url":["https://api.github.com/users/rand0me/received_events"],"type":["User"],"site_admin":[false]}
