{"login":["denar90"],"id":[6231516],"node_id":["MDQ6VXNlcjYyMzE1MTY="],"avatar_url":["https://avatars0.githubusercontent.com/u/6231516?v=4"],"gravatar_id":[""],"url":["https://api.github.com/users/denar90"],"html_url":["https://github.com/denar90"],"followers_url":["https://api.github.com/users/denar90/followers"],"following_url":["https://api.github.com/users/denar90/following{/other_user}"],"gists_url":["https://api.github.com/users/denar90/gists{/gist_id}"],"starred_url":["https://api.github.com/users/denar90/starred{/owner}{/repo}"],"subscriptions_url":["https://api.github.com/users/denar90/subscriptions"],"organizations_url":["https://api.github.com/users/denar90/orgs"],"repos_url":["https://api.github.com/users/denar90/repos"],"events_url":["https://api.github.com/users/denar90/events{/privacy}"],"received_events_url":["https://api.github.com/users/denar90/received_events"],"type":["User"],"site_admin":[false]}
