{"login":["num13ru"],"id":[6280235],"node_id":["MDQ6VXNlcjYyODAyMzU="],"avatar_url":["https://avatars2.githubusercontent.com/u/6280235?v=4"],"gravatar_id":[""],"url":["https://api.github.com/users/num13ru"],"html_url":["https://github.com/num13ru"],"followers_url":["https://api.github.com/users/num13ru/followers"],"following_url":["https://api.github.com/users/num13ru/following{/other_user}"],"gists_url":["https://api.github.com/users/num13ru/gists{/gist_id}"],"starred_url":["https://api.github.com/users/num13ru/starred{/owner}{/repo}"],"subscriptions_url":["https://api.github.com/users/num13ru/subscriptions"],"organizations_url":["https://api.github.com/users/num13ru/orgs"],"repos_url":["https://api.github.com/users/num13ru/repos"],"events_url":["https://api.github.com/users/num13ru/events{/privacy}"],"received_events_url":["https://api.github.com/users/num13ru/received_events"],"type":["User"],"site_admin":[false]}
