{"login":["tongchuan"],"id":[6301554],"node_id":["MDQ6VXNlcjYzMDE1NTQ="],"avatar_url":["https://avatars1.githubusercontent.com/u/6301554?v=4"],"gravatar_id":[""],"url":["https://api.github.com/users/tongchuan"],"html_url":["https://github.com/tongchuan"],"followers_url":["https://api.github.com/users/tongchuan/followers"],"following_url":["https://api.github.com/users/tongchuan/following{/other_user}"],"gists_url":["https://api.github.com/users/tongchuan/gists{/gist_id}"],"starred_url":["https://api.github.com/users/tongchuan/starred{/owner}{/repo}"],"subscriptions_url":["https://api.github.com/users/tongchuan/subscriptions"],"organizations_url":["https://api.github.com/users/tongchuan/orgs"],"repos_url":["https://api.github.com/users/tongchuan/repos"],"events_url":["https://api.github.com/users/tongchuan/events{/privacy}"],"received_events_url":["https://api.github.com/users/tongchuan/received_events"],"type":["User"],"site_admin":[false]}
