{"login":["123peterkim"],"id":[6325565],"node_id":["MDQ6VXNlcjYzMjU1NjU="],"avatar_url":["https://avatars3.githubusercontent.com/u/6325565?v=4"],"gravatar_id":[""],"url":["https://api.github.com/users/123peterkim"],"html_url":["https://github.com/123peterkim"],"followers_url":["https://api.github.com/users/123peterkim/followers"],"following_url":["https://api.github.com/users/123peterkim/following{/other_user}"],"gists_url":["https://api.github.com/users/123peterkim/gists{/gist_id}"],"starred_url":["https://api.github.com/users/123peterkim/starred{/owner}{/repo}"],"subscriptions_url":["https://api.github.com/users/123peterkim/subscriptions"],"organizations_url":["https://api.github.com/users/123peterkim/orgs"],"repos_url":["https://api.github.com/users/123peterkim/repos"],"events_url":["https://api.github.com/users/123peterkim/events{/privacy}"],"received_events_url":["https://api.github.com/users/123peterkim/received_events"],"type":["User"],"site_admin":[false]}
