{"login":["joeyespo"],"id":[634573],"node_id":["MDQ6VXNlcjYzNDU3Mw=="],"avatar_url":["https://avatars0.githubusercontent.com/u/634573?v=4"],"gravatar_id":[""],"url":["https://api.github.com/users/joeyespo"],"html_url":["https://github.com/joeyespo"],"followers_url":["https://api.github.com/users/joeyespo/followers"],"following_url":["https://api.github.com/users/joeyespo/following{/other_user}"],"gists_url":["https://api.github.com/users/joeyespo/gists{/gist_id}"],"starred_url":["https://api.github.com/users/joeyespo/starred{/owner}{/repo}"],"subscriptions_url":["https://api.github.com/users/joeyespo/subscriptions"],"organizations_url":["https://api.github.com/users/joeyespo/orgs"],"repos_url":["https://api.github.com/users/joeyespo/repos"],"events_url":["https://api.github.com/users/joeyespo/events{/privacy}"],"received_events_url":["https://api.github.com/users/joeyespo/received_events"],"type":["User"],"site_admin":[false]}
