{"login":["rageandqq"],"id":[6415623],"node_id":["MDQ6VXNlcjY0MTU2MjM="],"avatar_url":["https://avatars0.githubusercontent.com/u/6415623?v=4"],"gravatar_id":[""],"url":["https://api.github.com/users/rageandqq"],"html_url":["https://github.com/rageandqq"],"followers_url":["https://api.github.com/users/rageandqq/followers"],"following_url":["https://api.github.com/users/rageandqq/following{/other_user}"],"gists_url":["https://api.github.com/users/rageandqq/gists{/gist_id}"],"starred_url":["https://api.github.com/users/rageandqq/starred{/owner}{/repo}"],"subscriptions_url":["https://api.github.com/users/rageandqq/subscriptions"],"organizations_url":["https://api.github.com/users/rageandqq/orgs"],"repos_url":["https://api.github.com/users/rageandqq/repos"],"events_url":["https://api.github.com/users/rageandqq/events{/privacy}"],"received_events_url":["https://api.github.com/users/rageandqq/received_events"],"type":["User"],"site_admin":[false]}
