{"login":["alefteris"],"id":[64284],"node_id":["MDQ6VXNlcjY0Mjg0"],"avatar_url":["https://avatars2.githubusercontent.com/u/64284?v=4"],"gravatar_id":[""],"url":["https://api.github.com/users/alefteris"],"html_url":["https://github.com/alefteris"],"followers_url":["https://api.github.com/users/alefteris/followers"],"following_url":["https://api.github.com/users/alefteris/following{/other_user}"],"gists_url":["https://api.github.com/users/alefteris/gists{/gist_id}"],"starred_url":["https://api.github.com/users/alefteris/starred{/owner}{/repo}"],"subscriptions_url":["https://api.github.com/users/alefteris/subscriptions"],"organizations_url":["https://api.github.com/users/alefteris/orgs"],"repos_url":["https://api.github.com/users/alefteris/repos"],"events_url":["https://api.github.com/users/alefteris/events{/privacy}"],"received_events_url":["https://api.github.com/users/alefteris/received_events"],"type":["User"],"site_admin":[false]}
