{"login":["devarsh"],"id":[644099],"node_id":["MDQ6VXNlcjY0NDA5OQ=="],"avatar_url":["https://avatars3.githubusercontent.com/u/644099?v=4"],"gravatar_id":[""],"url":["https://api.github.com/users/devarsh"],"html_url":["https://github.com/devarsh"],"followers_url":["https://api.github.com/users/devarsh/followers"],"following_url":["https://api.github.com/users/devarsh/following{/other_user}"],"gists_url":["https://api.github.com/users/devarsh/gists{/gist_id}"],"starred_url":["https://api.github.com/users/devarsh/starred{/owner}{/repo}"],"subscriptions_url":["https://api.github.com/users/devarsh/subscriptions"],"organizations_url":["https://api.github.com/users/devarsh/orgs"],"repos_url":["https://api.github.com/users/devarsh/repos"],"events_url":["https://api.github.com/users/devarsh/events{/privacy}"],"received_events_url":["https://api.github.com/users/devarsh/received_events"],"type":["User"],"site_admin":[false]}
