{"login":["anubhavsrivastava"],"id":[6449301],"node_id":["MDQ6VXNlcjY0NDkzMDE="],"avatar_url":["https://avatars0.githubusercontent.com/u/6449301?v=4"],"gravatar_id":[""],"url":["https://api.github.com/users/anubhavsrivastava"],"html_url":["https://github.com/anubhavsrivastava"],"followers_url":["https://api.github.com/users/anubhavsrivastava/followers"],"following_url":["https://api.github.com/users/anubhavsrivastava/following{/other_user}"],"gists_url":["https://api.github.com/users/anubhavsrivastava/gists{/gist_id}"],"starred_url":["https://api.github.com/users/anubhavsrivastava/starred{/owner}{/repo}"],"subscriptions_url":["https://api.github.com/users/anubhavsrivastava/subscriptions"],"organizations_url":["https://api.github.com/users/anubhavsrivastava/orgs"],"repos_url":["https://api.github.com/users/anubhavsrivastava/repos"],"events_url":["https://api.github.com/users/anubhavsrivastava/events{/privacy}"],"received_events_url":["https://api.github.com/users/anubhavsrivastava/received_events"],"type":["User"],"site_admin":[false]}
