{"login":["abdul"],"id":[64568],"node_id":["MDQ6VXNlcjY0NTY4"],"avatar_url":["https://avatars1.githubusercontent.com/u/64568?v=4"],"gravatar_id":[""],"url":["https://api.github.com/users/abdul"],"html_url":["https://github.com/abdul"],"followers_url":["https://api.github.com/users/abdul/followers"],"following_url":["https://api.github.com/users/abdul/following{/other_user}"],"gists_url":["https://api.github.com/users/abdul/gists{/gist_id}"],"starred_url":["https://api.github.com/users/abdul/starred{/owner}{/repo}"],"subscriptions_url":["https://api.github.com/users/abdul/subscriptions"],"organizations_url":["https://api.github.com/users/abdul/orgs"],"repos_url":["https://api.github.com/users/abdul/repos"],"events_url":["https://api.github.com/users/abdul/events{/privacy}"],"received_events_url":["https://api.github.com/users/abdul/received_events"],"type":["User"],"site_admin":[false]}
