{"login":["vkartaviy"],"id":[648039],"node_id":["MDQ6VXNlcjY0ODAzOQ=="],"avatar_url":["https://avatars2.githubusercontent.com/u/648039?v=4"],"gravatar_id":[""],"url":["https://api.github.com/users/vkartaviy"],"html_url":["https://github.com/vkartaviy"],"followers_url":["https://api.github.com/users/vkartaviy/followers"],"following_url":["https://api.github.com/users/vkartaviy/following{/other_user}"],"gists_url":["https://api.github.com/users/vkartaviy/gists{/gist_id}"],"starred_url":["https://api.github.com/users/vkartaviy/starred{/owner}{/repo}"],"subscriptions_url":["https://api.github.com/users/vkartaviy/subscriptions"],"organizations_url":["https://api.github.com/users/vkartaviy/orgs"],"repos_url":["https://api.github.com/users/vkartaviy/repos"],"events_url":["https://api.github.com/users/vkartaviy/events{/privacy}"],"received_events_url":["https://api.github.com/users/vkartaviy/received_events"],"type":["User"],"site_admin":[false]}
