{"login":["anmoljagetia"],"id":[6505326],"node_id":["MDQ6VXNlcjY1MDUzMjY="],"avatar_url":["https://avatars2.githubusercontent.com/u/6505326?v=4"],"gravatar_id":[""],"url":["https://api.github.com/users/anmoljagetia"],"html_url":["https://github.com/anmoljagetia"],"followers_url":["https://api.github.com/users/anmoljagetia/followers"],"following_url":["https://api.github.com/users/anmoljagetia/following{/other_user}"],"gists_url":["https://api.github.com/users/anmoljagetia/gists{/gist_id}"],"starred_url":["https://api.github.com/users/anmoljagetia/starred{/owner}{/repo}"],"subscriptions_url":["https://api.github.com/users/anmoljagetia/subscriptions"],"organizations_url":["https://api.github.com/users/anmoljagetia/orgs"],"repos_url":["https://api.github.com/users/anmoljagetia/repos"],"events_url":["https://api.github.com/users/anmoljagetia/events{/privacy}"],"received_events_url":["https://api.github.com/users/anmoljagetia/received_events"],"type":["User"],"site_admin":[false]}
