{"login":["indiescripter"],"id":[6511559],"node_id":["MDQ6VXNlcjY1MTE1NTk="],"avatar_url":["https://avatars0.githubusercontent.com/u/6511559?v=4"],"gravatar_id":[""],"url":["https://api.github.com/users/indiescripter"],"html_url":["https://github.com/indiescripter"],"followers_url":["https://api.github.com/users/indiescripter/followers"],"following_url":["https://api.github.com/users/indiescripter/following{/other_user}"],"gists_url":["https://api.github.com/users/indiescripter/gists{/gist_id}"],"starred_url":["https://api.github.com/users/indiescripter/starred{/owner}{/repo}"],"subscriptions_url":["https://api.github.com/users/indiescripter/subscriptions"],"organizations_url":["https://api.github.com/users/indiescripter/orgs"],"repos_url":["https://api.github.com/users/indiescripter/repos"],"events_url":["https://api.github.com/users/indiescripter/events{/privacy}"],"received_events_url":["https://api.github.com/users/indiescripter/received_events"],"type":["User"],"site_admin":[false]}
