{"login":["gmingshanao"],"id":[6521947],"node_id":["MDQ6VXNlcjY1MjE5NDc="],"avatar_url":["https://avatars1.githubusercontent.com/u/6521947?v=4"],"gravatar_id":[""],"url":["https://api.github.com/users/gmingshanao"],"html_url":["https://github.com/gmingshanao"],"followers_url":["https://api.github.com/users/gmingshanao/followers"],"following_url":["https://api.github.com/users/gmingshanao/following{/other_user}"],"gists_url":["https://api.github.com/users/gmingshanao/gists{/gist_id}"],"starred_url":["https://api.github.com/users/gmingshanao/starred{/owner}{/repo}"],"subscriptions_url":["https://api.github.com/users/gmingshanao/subscriptions"],"organizations_url":["https://api.github.com/users/gmingshanao/orgs"],"repos_url":["https://api.github.com/users/gmingshanao/repos"],"events_url":["https://api.github.com/users/gmingshanao/events{/privacy}"],"received_events_url":["https://api.github.com/users/gmingshanao/received_events"],"type":["User"],"site_admin":[false]}
