{"login":["mariiinda"],"id":[654173],"node_id":["MDQ6VXNlcjY1NDE3Mw=="],"avatar_url":["https://avatars1.githubusercontent.com/u/654173?v=4"],"gravatar_id":[""],"url":["https://api.github.com/users/mariiinda"],"html_url":["https://github.com/mariiinda"],"followers_url":["https://api.github.com/users/mariiinda/followers"],"following_url":["https://api.github.com/users/mariiinda/following{/other_user}"],"gists_url":["https://api.github.com/users/mariiinda/gists{/gist_id}"],"starred_url":["https://api.github.com/users/mariiinda/starred{/owner}{/repo}"],"subscriptions_url":["https://api.github.com/users/mariiinda/subscriptions"],"organizations_url":["https://api.github.com/users/mariiinda/orgs"],"repos_url":["https://api.github.com/users/mariiinda/repos"],"events_url":["https://api.github.com/users/mariiinda/events{/privacy}"],"received_events_url":["https://api.github.com/users/mariiinda/received_events"],"type":["User"],"site_admin":[false]}
