{"login":["MuruganGee"],"id":[6544098],"node_id":["MDQ6VXNlcjY1NDQwOTg="],"avatar_url":["https://avatars3.githubusercontent.com/u/6544098?v=4"],"gravatar_id":[""],"url":["https://api.github.com/users/MuruganGee"],"html_url":["https://github.com/MuruganGee"],"followers_url":["https://api.github.com/users/MuruganGee/followers"],"following_url":["https://api.github.com/users/MuruganGee/following{/other_user}"],"gists_url":["https://api.github.com/users/MuruganGee/gists{/gist_id}"],"starred_url":["https://api.github.com/users/MuruganGee/starred{/owner}{/repo}"],"subscriptions_url":["https://api.github.com/users/MuruganGee/subscriptions"],"organizations_url":["https://api.github.com/users/MuruganGee/orgs"],"repos_url":["https://api.github.com/users/MuruganGee/repos"],"events_url":["https://api.github.com/users/MuruganGee/events{/privacy}"],"received_events_url":["https://api.github.com/users/MuruganGee/received_events"],"type":["User"],"site_admin":[false]}
