{"login":["craigmichaelmartin"],"id":[6545515],"node_id":["MDQ6VXNlcjY1NDU1MTU="],"avatar_url":["https://avatars2.githubusercontent.com/u/6545515?v=4"],"gravatar_id":[""],"url":["https://api.github.com/users/craigmichaelmartin"],"html_url":["https://github.com/craigmichaelmartin"],"followers_url":["https://api.github.com/users/craigmichaelmartin/followers"],"following_url":["https://api.github.com/users/craigmichaelmartin/following{/other_user}"],"gists_url":["https://api.github.com/users/craigmichaelmartin/gists{/gist_id}"],"starred_url":["https://api.github.com/users/craigmichaelmartin/starred{/owner}{/repo}"],"subscriptions_url":["https://api.github.com/users/craigmichaelmartin/subscriptions"],"organizations_url":["https://api.github.com/users/craigmichaelmartin/orgs"],"repos_url":["https://api.github.com/users/craigmichaelmartin/repos"],"events_url":["https://api.github.com/users/craigmichaelmartin/events{/privacy}"],"received_events_url":["https://api.github.com/users/craigmichaelmartin/received_events"],"type":["User"],"site_admin":[false]}
