{"login":["starkovv"],"id":[654646],"node_id":["MDQ6VXNlcjY1NDY0Ng=="],"avatar_url":["https://avatars1.githubusercontent.com/u/654646?v=4"],"gravatar_id":[""],"url":["https://api.github.com/users/starkovv"],"html_url":["https://github.com/starkovv"],"followers_url":["https://api.github.com/users/starkovv/followers"],"following_url":["https://api.github.com/users/starkovv/following{/other_user}"],"gists_url":["https://api.github.com/users/starkovv/gists{/gist_id}"],"starred_url":["https://api.github.com/users/starkovv/starred{/owner}{/repo}"],"subscriptions_url":["https://api.github.com/users/starkovv/subscriptions"],"organizations_url":["https://api.github.com/users/starkovv/orgs"],"repos_url":["https://api.github.com/users/starkovv/repos"],"events_url":["https://api.github.com/users/starkovv/events{/privacy}"],"received_events_url":["https://api.github.com/users/starkovv/received_events"],"type":["User"],"site_admin":[false]}
