{"login":["robertlandreaux"],"id":[6569637],"node_id":["MDQ6VXNlcjY1Njk2Mzc="],"avatar_url":["https://avatars1.githubusercontent.com/u/6569637?v=4"],"gravatar_id":[""],"url":["https://api.github.com/users/robertlandreaux"],"html_url":["https://github.com/robertlandreaux"],"followers_url":["https://api.github.com/users/robertlandreaux/followers"],"following_url":["https://api.github.com/users/robertlandreaux/following{/other_user}"],"gists_url":["https://api.github.com/users/robertlandreaux/gists{/gist_id}"],"starred_url":["https://api.github.com/users/robertlandreaux/starred{/owner}{/repo}"],"subscriptions_url":["https://api.github.com/users/robertlandreaux/subscriptions"],"organizations_url":["https://api.github.com/users/robertlandreaux/orgs"],"repos_url":["https://api.github.com/users/robertlandreaux/repos"],"events_url":["https://api.github.com/users/robertlandreaux/events{/privacy}"],"received_events_url":["https://api.github.com/users/robertlandreaux/received_events"],"type":["User"],"site_admin":[false]}
