{"login":["dpacmittal"],"id":[667222],"node_id":["MDQ6VXNlcjY2NzIyMg=="],"avatar_url":["https://avatars1.githubusercontent.com/u/667222?v=4"],"gravatar_id":[""],"url":["https://api.github.com/users/dpacmittal"],"html_url":["https://github.com/dpacmittal"],"followers_url":["https://api.github.com/users/dpacmittal/followers"],"following_url":["https://api.github.com/users/dpacmittal/following{/other_user}"],"gists_url":["https://api.github.com/users/dpacmittal/gists{/gist_id}"],"starred_url":["https://api.github.com/users/dpacmittal/starred{/owner}{/repo}"],"subscriptions_url":["https://api.github.com/users/dpacmittal/subscriptions"],"organizations_url":["https://api.github.com/users/dpacmittal/orgs"],"repos_url":["https://api.github.com/users/dpacmittal/repos"],"events_url":["https://api.github.com/users/dpacmittal/events{/privacy}"],"received_events_url":["https://api.github.com/users/dpacmittal/received_events"],"type":["User"],"site_admin":[false]}
