{"login":["biocode"],"id":[667556],"node_id":["MDQ6VXNlcjY2NzU1Ng=="],"avatar_url":["https://avatars3.githubusercontent.com/u/667556?v=4"],"gravatar_id":[""],"url":["https://api.github.com/users/biocode"],"html_url":["https://github.com/biocode"],"followers_url":["https://api.github.com/users/biocode/followers"],"following_url":["https://api.github.com/users/biocode/following{/other_user}"],"gists_url":["https://api.github.com/users/biocode/gists{/gist_id}"],"starred_url":["https://api.github.com/users/biocode/starred{/owner}{/repo}"],"subscriptions_url":["https://api.github.com/users/biocode/subscriptions"],"organizations_url":["https://api.github.com/users/biocode/orgs"],"repos_url":["https://api.github.com/users/biocode/repos"],"events_url":["https://api.github.com/users/biocode/events{/privacy}"],"received_events_url":["https://api.github.com/users/biocode/received_events"],"type":["User"],"site_admin":[false]}
