{"login":["elangovanshanthi"],"id":[6679438],"node_id":["MDQ6VXNlcjY2Nzk0Mzg="],"avatar_url":["https://avatars1.githubusercontent.com/u/6679438?v=4"],"gravatar_id":[""],"url":["https://api.github.com/users/elangovanshanthi"],"html_url":["https://github.com/elangovanshanthi"],"followers_url":["https://api.github.com/users/elangovanshanthi/followers"],"following_url":["https://api.github.com/users/elangovanshanthi/following{/other_user}"],"gists_url":["https://api.github.com/users/elangovanshanthi/gists{/gist_id}"],"starred_url":["https://api.github.com/users/elangovanshanthi/starred{/owner}{/repo}"],"subscriptions_url":["https://api.github.com/users/elangovanshanthi/subscriptions"],"organizations_url":["https://api.github.com/users/elangovanshanthi/orgs"],"repos_url":["https://api.github.com/users/elangovanshanthi/repos"],"events_url":["https://api.github.com/users/elangovanshanthi/events{/privacy}"],"received_events_url":["https://api.github.com/users/elangovanshanthi/received_events"],"type":["User"],"site_admin":[false]}
