{"login":["precise54"],"id":[670030],"node_id":["MDQ6VXNlcjY3MDAzMA=="],"avatar_url":["https://avatars3.githubusercontent.com/u/670030?v=4"],"gravatar_id":[""],"url":["https://api.github.com/users/precise54"],"html_url":["https://github.com/precise54"],"followers_url":["https://api.github.com/users/precise54/followers"],"following_url":["https://api.github.com/users/precise54/following{/other_user}"],"gists_url":["https://api.github.com/users/precise54/gists{/gist_id}"],"starred_url":["https://api.github.com/users/precise54/starred{/owner}{/repo}"],"subscriptions_url":["https://api.github.com/users/precise54/subscriptions"],"organizations_url":["https://api.github.com/users/precise54/orgs"],"repos_url":["https://api.github.com/users/precise54/repos"],"events_url":["https://api.github.com/users/precise54/events{/privacy}"],"received_events_url":["https://api.github.com/users/precise54/received_events"],"type":["User"],"site_admin":[false]}
