{"login":["cliffordfajardo"],"id":[6743796],"node_id":["MDQ6VXNlcjY3NDM3OTY="],"avatar_url":["https://avatars0.githubusercontent.com/u/6743796?v=4"],"gravatar_id":[""],"url":["https://api.github.com/users/cliffordfajardo"],"html_url":["https://github.com/cliffordfajardo"],"followers_url":["https://api.github.com/users/cliffordfajardo/followers"],"following_url":["https://api.github.com/users/cliffordfajardo/following{/other_user}"],"gists_url":["https://api.github.com/users/cliffordfajardo/gists{/gist_id}"],"starred_url":["https://api.github.com/users/cliffordfajardo/starred{/owner}{/repo}"],"subscriptions_url":["https://api.github.com/users/cliffordfajardo/subscriptions"],"organizations_url":["https://api.github.com/users/cliffordfajardo/orgs"],"repos_url":["https://api.github.com/users/cliffordfajardo/repos"],"events_url":["https://api.github.com/users/cliffordfajardo/events{/privacy}"],"received_events_url":["https://api.github.com/users/cliffordfajardo/received_events"],"type":["User"],"site_admin":[false]}
