{"login":["shockey"],"id":[680248],"node_id":["MDQ6VXNlcjY4MDI0OA=="],"avatar_url":["https://avatars2.githubusercontent.com/u/680248?v=4"],"gravatar_id":[""],"url":["https://api.github.com/users/shockey"],"html_url":["https://github.com/shockey"],"followers_url":["https://api.github.com/users/shockey/followers"],"following_url":["https://api.github.com/users/shockey/following{/other_user}"],"gists_url":["https://api.github.com/users/shockey/gists{/gist_id}"],"starred_url":["https://api.github.com/users/shockey/starred{/owner}{/repo}"],"subscriptions_url":["https://api.github.com/users/shockey/subscriptions"],"organizations_url":["https://api.github.com/users/shockey/orgs"],"repos_url":["https://api.github.com/users/shockey/repos"],"events_url":["https://api.github.com/users/shockey/events{/privacy}"],"received_events_url":["https://api.github.com/users/shockey/received_events"],"type":["User"],"site_admin":[false]}
