{"login":["technikhil314"],"id":[6815560],"node_id":["MDQ6VXNlcjY4MTU1NjA="],"avatar_url":["https://avatars1.githubusercontent.com/u/6815560?v=4"],"gravatar_id":[""],"url":["https://api.github.com/users/technikhil314"],"html_url":["https://github.com/technikhil314"],"followers_url":["https://api.github.com/users/technikhil314/followers"],"following_url":["https://api.github.com/users/technikhil314/following{/other_user}"],"gists_url":["https://api.github.com/users/technikhil314/gists{/gist_id}"],"starred_url":["https://api.github.com/users/technikhil314/starred{/owner}{/repo}"],"subscriptions_url":["https://api.github.com/users/technikhil314/subscriptions"],"organizations_url":["https://api.github.com/users/technikhil314/orgs"],"repos_url":["https://api.github.com/users/technikhil314/repos"],"events_url":["https://api.github.com/users/technikhil314/events{/privacy}"],"received_events_url":["https://api.github.com/users/technikhil314/received_events"],"type":["User"],"site_admin":[false]}
