{"login":["maojr"],"id":[6848366],"node_id":["MDQ6VXNlcjY4NDgzNjY="],"avatar_url":["https://avatars1.githubusercontent.com/u/6848366?v=4"],"gravatar_id":[""],"url":["https://api.github.com/users/maojr"],"html_url":["https://github.com/maojr"],"followers_url":["https://api.github.com/users/maojr/followers"],"following_url":["https://api.github.com/users/maojr/following{/other_user}"],"gists_url":["https://api.github.com/users/maojr/gists{/gist_id}"],"starred_url":["https://api.github.com/users/maojr/starred{/owner}{/repo}"],"subscriptions_url":["https://api.github.com/users/maojr/subscriptions"],"organizations_url":["https://api.github.com/users/maojr/orgs"],"repos_url":["https://api.github.com/users/maojr/repos"],"events_url":["https://api.github.com/users/maojr/events{/privacy}"],"received_events_url":["https://api.github.com/users/maojr/received_events"],"type":["User"],"site_admin":[false]}
