{"login":["geoffreymoller"],"id":[70209],"node_id":["MDQ6VXNlcjcwMjA5"],"avatar_url":["https://avatars3.githubusercontent.com/u/70209?v=4"],"gravatar_id":[""],"url":["https://api.github.com/users/geoffreymoller"],"html_url":["https://github.com/geoffreymoller"],"followers_url":["https://api.github.com/users/geoffreymoller/followers"],"following_url":["https://api.github.com/users/geoffreymoller/following{/other_user}"],"gists_url":["https://api.github.com/users/geoffreymoller/gists{/gist_id}"],"starred_url":["https://api.github.com/users/geoffreymoller/starred{/owner}{/repo}"],"subscriptions_url":["https://api.github.com/users/geoffreymoller/subscriptions"],"organizations_url":["https://api.github.com/users/geoffreymoller/orgs"],"repos_url":["https://api.github.com/users/geoffreymoller/repos"],"events_url":["https://api.github.com/users/geoffreymoller/events{/privacy}"],"received_events_url":["https://api.github.com/users/geoffreymoller/received_events"],"type":["User"],"site_admin":[false]}
