{"login":["c-hua"],"id":[7077481],"node_id":["MDQ6VXNlcjcwNzc0ODE="],"avatar_url":["https://avatars2.githubusercontent.com/u/7077481?v=4"],"gravatar_id":[""],"url":["https://api.github.com/users/c-hua"],"html_url":["https://github.com/c-hua"],"followers_url":["https://api.github.com/users/c-hua/followers"],"following_url":["https://api.github.com/users/c-hua/following{/other_user}"],"gists_url":["https://api.github.com/users/c-hua/gists{/gist_id}"],"starred_url":["https://api.github.com/users/c-hua/starred{/owner}{/repo}"],"subscriptions_url":["https://api.github.com/users/c-hua/subscriptions"],"organizations_url":["https://api.github.com/users/c-hua/orgs"],"repos_url":["https://api.github.com/users/c-hua/repos"],"events_url":["https://api.github.com/users/c-hua/events{/privacy}"],"received_events_url":["https://api.github.com/users/c-hua/received_events"],"type":["User"],"site_admin":[false]}
