{"login":["kevva"],"id":[709159],"node_id":["MDQ6VXNlcjcwOTE1OQ=="],"avatar_url":["https://avatars3.githubusercontent.com/u/709159?v=4"],"gravatar_id":[""],"url":["https://api.github.com/users/kevva"],"html_url":["https://github.com/kevva"],"followers_url":["https://api.github.com/users/kevva/followers"],"following_url":["https://api.github.com/users/kevva/following{/other_user}"],"gists_url":["https://api.github.com/users/kevva/gists{/gist_id}"],"starred_url":["https://api.github.com/users/kevva/starred{/owner}{/repo}"],"subscriptions_url":["https://api.github.com/users/kevva/subscriptions"],"organizations_url":["https://api.github.com/users/kevva/orgs"],"repos_url":["https://api.github.com/users/kevva/repos"],"events_url":["https://api.github.com/users/kevva/events{/privacy}"],"received_events_url":["https://api.github.com/users/kevva/received_events"],"type":["User"],"site_admin":[false]}
