{"login":["Bulletninja"],"id":[71659],"node_id":["MDQ6VXNlcjcxNjU5"],"avatar_url":["https://avatars1.githubusercontent.com/u/71659?v=4"],"gravatar_id":[""],"url":["https://api.github.com/users/Bulletninja"],"html_url":["https://github.com/Bulletninja"],"followers_url":["https://api.github.com/users/Bulletninja/followers"],"following_url":["https://api.github.com/users/Bulletninja/following{/other_user}"],"gists_url":["https://api.github.com/users/Bulletninja/gists{/gist_id}"],"starred_url":["https://api.github.com/users/Bulletninja/starred{/owner}{/repo}"],"subscriptions_url":["https://api.github.com/users/Bulletninja/subscriptions"],"organizations_url":["https://api.github.com/users/Bulletninja/orgs"],"repos_url":["https://api.github.com/users/Bulletninja/repos"],"events_url":["https://api.github.com/users/Bulletninja/events{/privacy}"],"received_events_url":["https://api.github.com/users/Bulletninja/received_events"],"type":["User"],"site_admin":[false]}
