{"login":["stephenplusplus"],"id":[723048],"node_id":["MDQ6VXNlcjcyMzA0OA=="],"avatar_url":["https://avatars0.githubusercontent.com/u/723048?v=4"],"gravatar_id":[""],"url":["https://api.github.com/users/stephenplusplus"],"html_url":["https://github.com/stephenplusplus"],"followers_url":["https://api.github.com/users/stephenplusplus/followers"],"following_url":["https://api.github.com/users/stephenplusplus/following{/other_user}"],"gists_url":["https://api.github.com/users/stephenplusplus/gists{/gist_id}"],"starred_url":["https://api.github.com/users/stephenplusplus/starred{/owner}{/repo}"],"subscriptions_url":["https://api.github.com/users/stephenplusplus/subscriptions"],"organizations_url":["https://api.github.com/users/stephenplusplus/orgs"],"repos_url":["https://api.github.com/users/stephenplusplus/repos"],"events_url":["https://api.github.com/users/stephenplusplus/events{/privacy}"],"received_events_url":["https://api.github.com/users/stephenplusplus/received_events"],"type":["User"],"site_admin":[false]}
