{"login":["dezitter"],"id":[7270802],"node_id":["MDQ6VXNlcjcyNzA4MDI="],"avatar_url":["https://avatars3.githubusercontent.com/u/7270802?v=4"],"gravatar_id":[""],"url":["https://api.github.com/users/dezitter"],"html_url":["https://github.com/dezitter"],"followers_url":["https://api.github.com/users/dezitter/followers"],"following_url":["https://api.github.com/users/dezitter/following{/other_user}"],"gists_url":["https://api.github.com/users/dezitter/gists{/gist_id}"],"starred_url":["https://api.github.com/users/dezitter/starred{/owner}{/repo}"],"subscriptions_url":["https://api.github.com/users/dezitter/subscriptions"],"organizations_url":["https://api.github.com/users/dezitter/orgs"],"repos_url":["https://api.github.com/users/dezitter/repos"],"events_url":["https://api.github.com/users/dezitter/events{/privacy}"],"received_events_url":["https://api.github.com/users/dezitter/received_events"],"type":["User"],"site_admin":[false]}
