{"login":["zidein07"],"id":[7279177],"node_id":["MDQ6VXNlcjcyNzkxNzc="],"avatar_url":["https://avatars3.githubusercontent.com/u/7279177?v=4"],"gravatar_id":[""],"url":["https://api.github.com/users/zidein07"],"html_url":["https://github.com/zidein07"],"followers_url":["https://api.github.com/users/zidein07/followers"],"following_url":["https://api.github.com/users/zidein07/following{/other_user}"],"gists_url":["https://api.github.com/users/zidein07/gists{/gist_id}"],"starred_url":["https://api.github.com/users/zidein07/starred{/owner}{/repo}"],"subscriptions_url":["https://api.github.com/users/zidein07/subscriptions"],"organizations_url":["https://api.github.com/users/zidein07/orgs"],"repos_url":["https://api.github.com/users/zidein07/repos"],"events_url":["https://api.github.com/users/zidein07/events{/privacy}"],"received_events_url":["https://api.github.com/users/zidein07/received_events"],"type":["User"],"site_admin":[false]}
