{"login":["peanutpi"],"id":[7286167],"node_id":["MDQ6VXNlcjcyODYxNjc="],"avatar_url":["https://avatars3.githubusercontent.com/u/7286167?v=4"],"gravatar_id":[""],"url":["https://api.github.com/users/peanutpi"],"html_url":["https://github.com/peanutpi"],"followers_url":["https://api.github.com/users/peanutpi/followers"],"following_url":["https://api.github.com/users/peanutpi/following{/other_user}"],"gists_url":["https://api.github.com/users/peanutpi/gists{/gist_id}"],"starred_url":["https://api.github.com/users/peanutpi/starred{/owner}{/repo}"],"subscriptions_url":["https://api.github.com/users/peanutpi/subscriptions"],"organizations_url":["https://api.github.com/users/peanutpi/orgs"],"repos_url":["https://api.github.com/users/peanutpi/repos"],"events_url":["https://api.github.com/users/peanutpi/events{/privacy}"],"received_events_url":["https://api.github.com/users/peanutpi/received_events"],"type":["User"],"site_admin":[false]}
