{"login":["thomasfoster96"],"id":[734427],"node_id":["MDQ6VXNlcjczNDQyNw=="],"avatar_url":["https://avatars1.githubusercontent.com/u/734427?v=4"],"gravatar_id":[""],"url":["https://api.github.com/users/thomasfoster96"],"html_url":["https://github.com/thomasfoster96"],"followers_url":["https://api.github.com/users/thomasfoster96/followers"],"following_url":["https://api.github.com/users/thomasfoster96/following{/other_user}"],"gists_url":["https://api.github.com/users/thomasfoster96/gists{/gist_id}"],"starred_url":["https://api.github.com/users/thomasfoster96/starred{/owner}{/repo}"],"subscriptions_url":["https://api.github.com/users/thomasfoster96/subscriptions"],"organizations_url":["https://api.github.com/users/thomasfoster96/orgs"],"repos_url":["https://api.github.com/users/thomasfoster96/repos"],"events_url":["https://api.github.com/users/thomasfoster96/events{/privacy}"],"received_events_url":["https://api.github.com/users/thomasfoster96/received_events"],"type":["User"],"site_admin":[false]}
