{"login":["quietbits"],"id":[7346473],"node_id":["MDQ6VXNlcjczNDY0NzM="],"avatar_url":["https://avatars3.githubusercontent.com/u/7346473?v=4"],"gravatar_id":[""],"url":["https://api.github.com/users/quietbits"],"html_url":["https://github.com/quietbits"],"followers_url":["https://api.github.com/users/quietbits/followers"],"following_url":["https://api.github.com/users/quietbits/following{/other_user}"],"gists_url":["https://api.github.com/users/quietbits/gists{/gist_id}"],"starred_url":["https://api.github.com/users/quietbits/starred{/owner}{/repo}"],"subscriptions_url":["https://api.github.com/users/quietbits/subscriptions"],"organizations_url":["https://api.github.com/users/quietbits/orgs"],"repos_url":["https://api.github.com/users/quietbits/repos"],"events_url":["https://api.github.com/users/quietbits/events{/privacy}"],"received_events_url":["https://api.github.com/users/quietbits/received_events"],"type":["User"],"site_admin":[false]}
