{"login":["piotrwitek"],"id":[739075],"node_id":["MDQ6VXNlcjczOTA3NQ=="],"avatar_url":["https://avatars0.githubusercontent.com/u/739075?v=4"],"gravatar_id":[""],"url":["https://api.github.com/users/piotrwitek"],"html_url":["https://github.com/piotrwitek"],"followers_url":["https://api.github.com/users/piotrwitek/followers"],"following_url":["https://api.github.com/users/piotrwitek/following{/other_user}"],"gists_url":["https://api.github.com/users/piotrwitek/gists{/gist_id}"],"starred_url":["https://api.github.com/users/piotrwitek/starred{/owner}{/repo}"],"subscriptions_url":["https://api.github.com/users/piotrwitek/subscriptions"],"organizations_url":["https://api.github.com/users/piotrwitek/orgs"],"repos_url":["https://api.github.com/users/piotrwitek/repos"],"events_url":["https://api.github.com/users/piotrwitek/events{/privacy}"],"received_events_url":["https://api.github.com/users/piotrwitek/received_events"],"type":["User"],"site_admin":[false]}
