{"login":["hfpp2012"],"id":[740643],"node_id":["MDQ6VXNlcjc0MDY0Mw=="],"avatar_url":["https://avatars2.githubusercontent.com/u/740643?v=4"],"gravatar_id":[""],"url":["https://api.github.com/users/hfpp2012"],"html_url":["https://github.com/hfpp2012"],"followers_url":["https://api.github.com/users/hfpp2012/followers"],"following_url":["https://api.github.com/users/hfpp2012/following{/other_user}"],"gists_url":["https://api.github.com/users/hfpp2012/gists{/gist_id}"],"starred_url":["https://api.github.com/users/hfpp2012/starred{/owner}{/repo}"],"subscriptions_url":["https://api.github.com/users/hfpp2012/subscriptions"],"organizations_url":["https://api.github.com/users/hfpp2012/orgs"],"repos_url":["https://api.github.com/users/hfpp2012/repos"],"events_url":["https://api.github.com/users/hfpp2012/events{/privacy}"],"received_events_url":["https://api.github.com/users/hfpp2012/received_events"],"type":["User"],"site_admin":[false]}
