{"login":["jrsimo"],"id":[7448702],"node_id":["MDQ6VXNlcjc0NDg3MDI="],"avatar_url":["https://avatars1.githubusercontent.com/u/7448702?v=4"],"gravatar_id":[""],"url":["https://api.github.com/users/jrsimo"],"html_url":["https://github.com/jrsimo"],"followers_url":["https://api.github.com/users/jrsimo/followers"],"following_url":["https://api.github.com/users/jrsimo/following{/other_user}"],"gists_url":["https://api.github.com/users/jrsimo/gists{/gist_id}"],"starred_url":["https://api.github.com/users/jrsimo/starred{/owner}{/repo}"],"subscriptions_url":["https://api.github.com/users/jrsimo/subscriptions"],"organizations_url":["https://api.github.com/users/jrsimo/orgs"],"repos_url":["https://api.github.com/users/jrsimo/repos"],"events_url":["https://api.github.com/users/jrsimo/events{/privacy}"],"received_events_url":["https://api.github.com/users/jrsimo/received_events"],"type":["User"],"site_admin":[false]}
