{"login":["arenas0710"],"id":[7500589],"node_id":["MDQ6VXNlcjc1MDA1ODk="],"avatar_url":["https://avatars3.githubusercontent.com/u/7500589?v=4"],"gravatar_id":[""],"url":["https://api.github.com/users/arenas0710"],"html_url":["https://github.com/arenas0710"],"followers_url":["https://api.github.com/users/arenas0710/followers"],"following_url":["https://api.github.com/users/arenas0710/following{/other_user}"],"gists_url":["https://api.github.com/users/arenas0710/gists{/gist_id}"],"starred_url":["https://api.github.com/users/arenas0710/starred{/owner}{/repo}"],"subscriptions_url":["https://api.github.com/users/arenas0710/subscriptions"],"organizations_url":["https://api.github.com/users/arenas0710/orgs"],"repos_url":["https://api.github.com/users/arenas0710/repos"],"events_url":["https://api.github.com/users/arenas0710/events{/privacy}"],"received_events_url":["https://api.github.com/users/arenas0710/received_events"],"type":["User"],"site_admin":[false]}
