{"login":["ankitthakur"],"id":[75362],"node_id":["MDQ6VXNlcjc1MzYy"],"avatar_url":["https://avatars3.githubusercontent.com/u/75362?v=4"],"gravatar_id":[""],"url":["https://api.github.com/users/ankitthakur"],"html_url":["https://github.com/ankitthakur"],"followers_url":["https://api.github.com/users/ankitthakur/followers"],"following_url":["https://api.github.com/users/ankitthakur/following{/other_user}"],"gists_url":["https://api.github.com/users/ankitthakur/gists{/gist_id}"],"starred_url":["https://api.github.com/users/ankitthakur/starred{/owner}{/repo}"],"subscriptions_url":["https://api.github.com/users/ankitthakur/subscriptions"],"organizations_url":["https://api.github.com/users/ankitthakur/orgs"],"repos_url":["https://api.github.com/users/ankitthakur/repos"],"events_url":["https://api.github.com/users/ankitthakur/events{/privacy}"],"received_events_url":["https://api.github.com/users/ankitthakur/received_events"],"type":["User"],"site_admin":[false]}
