{"login":["sauloperez"],"id":[762088],"node_id":["MDQ6VXNlcjc2MjA4OA=="],"avatar_url":["https://avatars1.githubusercontent.com/u/762088?v=4"],"gravatar_id":[""],"url":["https://api.github.com/users/sauloperez"],"html_url":["https://github.com/sauloperez"],"followers_url":["https://api.github.com/users/sauloperez/followers"],"following_url":["https://api.github.com/users/sauloperez/following{/other_user}"],"gists_url":["https://api.github.com/users/sauloperez/gists{/gist_id}"],"starred_url":["https://api.github.com/users/sauloperez/starred{/owner}{/repo}"],"subscriptions_url":["https://api.github.com/users/sauloperez/subscriptions"],"organizations_url":["https://api.github.com/users/sauloperez/orgs"],"repos_url":["https://api.github.com/users/sauloperez/repos"],"events_url":["https://api.github.com/users/sauloperez/events{/privacy}"],"received_events_url":["https://api.github.com/users/sauloperez/received_events"],"type":["User"],"site_admin":[false]}
