{"login":["eduardostuart"],"id":[767879],"node_id":["MDQ6VXNlcjc2Nzg3OQ=="],"avatar_url":["https://avatars3.githubusercontent.com/u/767879?v=4"],"gravatar_id":[""],"url":["https://api.github.com/users/eduardostuart"],"html_url":["https://github.com/eduardostuart"],"followers_url":["https://api.github.com/users/eduardostuart/followers"],"following_url":["https://api.github.com/users/eduardostuart/following{/other_user}"],"gists_url":["https://api.github.com/users/eduardostuart/gists{/gist_id}"],"starred_url":["https://api.github.com/users/eduardostuart/starred{/owner}{/repo}"],"subscriptions_url":["https://api.github.com/users/eduardostuart/subscriptions"],"organizations_url":["https://api.github.com/users/eduardostuart/orgs"],"repos_url":["https://api.github.com/users/eduardostuart/repos"],"events_url":["https://api.github.com/users/eduardostuart/events{/privacy}"],"received_events_url":["https://api.github.com/users/eduardostuart/received_events"],"type":["User"],"site_admin":[false]}
