{"login":["oyoot"],"id":[7723055],"node_id":["MDQ6VXNlcjc3MjMwNTU="],"avatar_url":["https://avatars3.githubusercontent.com/u/7723055?v=4"],"gravatar_id":[""],"url":["https://api.github.com/users/oyoot"],"html_url":["https://github.com/oyoot"],"followers_url":["https://api.github.com/users/oyoot/followers"],"following_url":["https://api.github.com/users/oyoot/following{/other_user}"],"gists_url":["https://api.github.com/users/oyoot/gists{/gist_id}"],"starred_url":["https://api.github.com/users/oyoot/starred{/owner}{/repo}"],"subscriptions_url":["https://api.github.com/users/oyoot/subscriptions"],"organizations_url":["https://api.github.com/users/oyoot/orgs"],"repos_url":["https://api.github.com/users/oyoot/repos"],"events_url":["https://api.github.com/users/oyoot/events{/privacy}"],"received_events_url":["https://api.github.com/users/oyoot/received_events"],"type":["User"],"site_admin":[false]}
