{"login":["pborreli"],"id":[77759],"node_id":["MDQ6VXNlcjc3NzU5"],"avatar_url":["https://avatars2.githubusercontent.com/u/77759?v=4"],"gravatar_id":[""],"url":["https://api.github.com/users/pborreli"],"html_url":["https://github.com/pborreli"],"followers_url":["https://api.github.com/users/pborreli/followers"],"following_url":["https://api.github.com/users/pborreli/following{/other_user}"],"gists_url":["https://api.github.com/users/pborreli/gists{/gist_id}"],"starred_url":["https://api.github.com/users/pborreli/starred{/owner}{/repo}"],"subscriptions_url":["https://api.github.com/users/pborreli/subscriptions"],"organizations_url":["https://api.github.com/users/pborreli/orgs"],"repos_url":["https://api.github.com/users/pborreli/repos"],"events_url":["https://api.github.com/users/pborreli/events{/privacy}"],"received_events_url":["https://api.github.com/users/pborreli/received_events"],"type":["User"],"site_admin":[false]}
