{"login":["vithalreddy"],"id":[7788819],"node_id":["MDQ6VXNlcjc3ODg4MTk="],"avatar_url":["https://avatars3.githubusercontent.com/u/7788819?v=4"],"gravatar_id":[""],"url":["https://api.github.com/users/vithalreddy"],"html_url":["https://github.com/vithalreddy"],"followers_url":["https://api.github.com/users/vithalreddy/followers"],"following_url":["https://api.github.com/users/vithalreddy/following{/other_user}"],"gists_url":["https://api.github.com/users/vithalreddy/gists{/gist_id}"],"starred_url":["https://api.github.com/users/vithalreddy/starred{/owner}{/repo}"],"subscriptions_url":["https://api.github.com/users/vithalreddy/subscriptions"],"organizations_url":["https://api.github.com/users/vithalreddy/orgs"],"repos_url":["https://api.github.com/users/vithalreddy/repos"],"events_url":["https://api.github.com/users/vithalreddy/events{/privacy}"],"received_events_url":["https://api.github.com/users/vithalreddy/received_events"],"type":["User"],"site_admin":[false]}
