{"login":["felipealfonsog"],"id":[7793517],"node_id":["MDQ6VXNlcjc3OTM1MTc="],"avatar_url":["https://avatars3.githubusercontent.com/u/7793517?v=4"],"gravatar_id":[""],"url":["https://api.github.com/users/felipealfonsog"],"html_url":["https://github.com/felipealfonsog"],"followers_url":["https://api.github.com/users/felipealfonsog/followers"],"following_url":["https://api.github.com/users/felipealfonsog/following{/other_user}"],"gists_url":["https://api.github.com/users/felipealfonsog/gists{/gist_id}"],"starred_url":["https://api.github.com/users/felipealfonsog/starred{/owner}{/repo}"],"subscriptions_url":["https://api.github.com/users/felipealfonsog/subscriptions"],"organizations_url":["https://api.github.com/users/felipealfonsog/orgs"],"repos_url":["https://api.github.com/users/felipealfonsog/repos"],"events_url":["https://api.github.com/users/felipealfonsog/events{/privacy}"],"received_events_url":["https://api.github.com/users/felipealfonsog/received_events"],"type":["User"],"site_admin":[false]}
