{"login":["kolesnik"],"id":[794450],"node_id":["MDQ6VXNlcjc5NDQ1MA=="],"avatar_url":["https://avatars3.githubusercontent.com/u/794450?v=4"],"gravatar_id":[""],"url":["https://api.github.com/users/kolesnik"],"html_url":["https://github.com/kolesnik"],"followers_url":["https://api.github.com/users/kolesnik/followers"],"following_url":["https://api.github.com/users/kolesnik/following{/other_user}"],"gists_url":["https://api.github.com/users/kolesnik/gists{/gist_id}"],"starred_url":["https://api.github.com/users/kolesnik/starred{/owner}{/repo}"],"subscriptions_url":["https://api.github.com/users/kolesnik/subscriptions"],"organizations_url":["https://api.github.com/users/kolesnik/orgs"],"repos_url":["https://api.github.com/users/kolesnik/repos"],"events_url":["https://api.github.com/users/kolesnik/events{/privacy}"],"received_events_url":["https://api.github.com/users/kolesnik/received_events"],"type":["User"],"site_admin":[false]}
