{"login":["iermakovets"],"id":[7969336],"node_id":["MDQ6VXNlcjc5NjkzMzY="],"avatar_url":["https://avatars0.githubusercontent.com/u/7969336?v=4"],"gravatar_id":[""],"url":["https://api.github.com/users/iermakovets"],"html_url":["https://github.com/iermakovets"],"followers_url":["https://api.github.com/users/iermakovets/followers"],"following_url":["https://api.github.com/users/iermakovets/following{/other_user}"],"gists_url":["https://api.github.com/users/iermakovets/gists{/gist_id}"],"starred_url":["https://api.github.com/users/iermakovets/starred{/owner}{/repo}"],"subscriptions_url":["https://api.github.com/users/iermakovets/subscriptions"],"organizations_url":["https://api.github.com/users/iermakovets/orgs"],"repos_url":["https://api.github.com/users/iermakovets/repos"],"events_url":["https://api.github.com/users/iermakovets/events{/privacy}"],"received_events_url":["https://api.github.com/users/iermakovets/received_events"],"type":["User"],"site_admin":[false]}
