{"login":["solankepl"],"id":[7972058],"node_id":["MDQ6VXNlcjc5NzIwNTg="],"avatar_url":["https://avatars0.githubusercontent.com/u/7972058?v=4"],"gravatar_id":[""],"url":["https://api.github.com/users/solankepl"],"html_url":["https://github.com/solankepl"],"followers_url":["https://api.github.com/users/solankepl/followers"],"following_url":["https://api.github.com/users/solankepl/following{/other_user}"],"gists_url":["https://api.github.com/users/solankepl/gists{/gist_id}"],"starred_url":["https://api.github.com/users/solankepl/starred{/owner}{/repo}"],"subscriptions_url":["https://api.github.com/users/solankepl/subscriptions"],"organizations_url":["https://api.github.com/users/solankepl/orgs"],"repos_url":["https://api.github.com/users/solankepl/repos"],"events_url":["https://api.github.com/users/solankepl/events{/privacy}"],"received_events_url":["https://api.github.com/users/solankepl/received_events"],"type":["User"],"site_admin":[false]}
