{"login":["skepticfx"],"id":[803950],"node_id":["MDQ6VXNlcjgwMzk1MA=="],"avatar_url":["https://avatars0.githubusercontent.com/u/803950?v=4"],"gravatar_id":[""],"url":["https://api.github.com/users/skepticfx"],"html_url":["https://github.com/skepticfx"],"followers_url":["https://api.github.com/users/skepticfx/followers"],"following_url":["https://api.github.com/users/skepticfx/following{/other_user}"],"gists_url":["https://api.github.com/users/skepticfx/gists{/gist_id}"],"starred_url":["https://api.github.com/users/skepticfx/starred{/owner}{/repo}"],"subscriptions_url":["https://api.github.com/users/skepticfx/subscriptions"],"organizations_url":["https://api.github.com/users/skepticfx/orgs"],"repos_url":["https://api.github.com/users/skepticfx/repos"],"events_url":["https://api.github.com/users/skepticfx/events{/privacy}"],"received_events_url":["https://api.github.com/users/skepticfx/received_events"],"type":["User"],"site_admin":[false]}
