{"login":["longstim"],"id":[8044575],"node_id":["MDQ6VXNlcjgwNDQ1NzU="],"avatar_url":["https://avatars3.githubusercontent.com/u/8044575?v=4"],"gravatar_id":[""],"url":["https://api.github.com/users/longstim"],"html_url":["https://github.com/longstim"],"followers_url":["https://api.github.com/users/longstim/followers"],"following_url":["https://api.github.com/users/longstim/following{/other_user}"],"gists_url":["https://api.github.com/users/longstim/gists{/gist_id}"],"starred_url":["https://api.github.com/users/longstim/starred{/owner}{/repo}"],"subscriptions_url":["https://api.github.com/users/longstim/subscriptions"],"organizations_url":["https://api.github.com/users/longstim/orgs"],"repos_url":["https://api.github.com/users/longstim/repos"],"events_url":["https://api.github.com/users/longstim/events{/privacy}"],"received_events_url":["https://api.github.com/users/longstim/received_events"],"type":["User"],"site_admin":[false]}
