{"login":["jghlt"],"id":[805201],"node_id":["MDQ6VXNlcjgwNTIwMQ=="],"avatar_url":["https://avatars2.githubusercontent.com/u/805201?v=4"],"gravatar_id":[""],"url":["https://api.github.com/users/jghlt"],"html_url":["https://github.com/jghlt"],"followers_url":["https://api.github.com/users/jghlt/followers"],"following_url":["https://api.github.com/users/jghlt/following{/other_user}"],"gists_url":["https://api.github.com/users/jghlt/gists{/gist_id}"],"starred_url":["https://api.github.com/users/jghlt/starred{/owner}{/repo}"],"subscriptions_url":["https://api.github.com/users/jghlt/subscriptions"],"organizations_url":["https://api.github.com/users/jghlt/orgs"],"repos_url":["https://api.github.com/users/jghlt/repos"],"events_url":["https://api.github.com/users/jghlt/events{/privacy}"],"received_events_url":["https://api.github.com/users/jghlt/received_events"],"type":["User"],"site_admin":[false]}
