{"login":["serdardemir"],"id":[8087559],"node_id":["MDQ6VXNlcjgwODc1NTk="],"avatar_url":["https://avatars2.githubusercontent.com/u/8087559?v=4"],"gravatar_id":[""],"url":["https://api.github.com/users/serdardemir"],"html_url":["https://github.com/serdardemir"],"followers_url":["https://api.github.com/users/serdardemir/followers"],"following_url":["https://api.github.com/users/serdardemir/following{/other_user}"],"gists_url":["https://api.github.com/users/serdardemir/gists{/gist_id}"],"starred_url":["https://api.github.com/users/serdardemir/starred{/owner}{/repo}"],"subscriptions_url":["https://api.github.com/users/serdardemir/subscriptions"],"organizations_url":["https://api.github.com/users/serdardemir/orgs"],"repos_url":["https://api.github.com/users/serdardemir/repos"],"events_url":["https://api.github.com/users/serdardemir/events{/privacy}"],"received_events_url":["https://api.github.com/users/serdardemir/received_events"],"type":["User"],"site_admin":[false]}
