{"login":["brianyang"],"id":[81162],"node_id":["MDQ6VXNlcjgxMTYy"],"avatar_url":["https://avatars1.githubusercontent.com/u/81162?v=4"],"gravatar_id":[""],"url":["https://api.github.com/users/brianyang"],"html_url":["https://github.com/brianyang"],"followers_url":["https://api.github.com/users/brianyang/followers"],"following_url":["https://api.github.com/users/brianyang/following{/other_user}"],"gists_url":["https://api.github.com/users/brianyang/gists{/gist_id}"],"starred_url":["https://api.github.com/users/brianyang/starred{/owner}{/repo}"],"subscriptions_url":["https://api.github.com/users/brianyang/subscriptions"],"organizations_url":["https://api.github.com/users/brianyang/orgs"],"repos_url":["https://api.github.com/users/brianyang/repos"],"events_url":["https://api.github.com/users/brianyang/events{/privacy}"],"received_events_url":["https://api.github.com/users/brianyang/received_events"],"type":["User"],"site_admin":[false]}
