{"login":["NiksonX"],"id":[8123116],"node_id":["MDQ6VXNlcjgxMjMxMTY="],"avatar_url":["https://avatars0.githubusercontent.com/u/8123116?v=4"],"gravatar_id":[""],"url":["https://api.github.com/users/NiksonX"],"html_url":["https://github.com/NiksonX"],"followers_url":["https://api.github.com/users/NiksonX/followers"],"following_url":["https://api.github.com/users/NiksonX/following{/other_user}"],"gists_url":["https://api.github.com/users/NiksonX/gists{/gist_id}"],"starred_url":["https://api.github.com/users/NiksonX/starred{/owner}{/repo}"],"subscriptions_url":["https://api.github.com/users/NiksonX/subscriptions"],"organizations_url":["https://api.github.com/users/NiksonX/orgs"],"repos_url":["https://api.github.com/users/NiksonX/repos"],"events_url":["https://api.github.com/users/NiksonX/events{/privacy}"],"received_events_url":["https://api.github.com/users/NiksonX/received_events"],"type":["User"],"site_admin":[false]}
