{"login":["dborzov"],"id":[816895],"node_id":["MDQ6VXNlcjgxNjg5NQ=="],"avatar_url":["https://avatars0.githubusercontent.com/u/816895?v=4"],"gravatar_id":[""],"url":["https://api.github.com/users/dborzov"],"html_url":["https://github.com/dborzov"],"followers_url":["https://api.github.com/users/dborzov/followers"],"following_url":["https://api.github.com/users/dborzov/following{/other_user}"],"gists_url":["https://api.github.com/users/dborzov/gists{/gist_id}"],"starred_url":["https://api.github.com/users/dborzov/starred{/owner}{/repo}"],"subscriptions_url":["https://api.github.com/users/dborzov/subscriptions"],"organizations_url":["https://api.github.com/users/dborzov/orgs"],"repos_url":["https://api.github.com/users/dborzov/repos"],"events_url":["https://api.github.com/users/dborzov/events{/privacy}"],"received_events_url":["https://api.github.com/users/dborzov/received_events"],"type":["User"],"site_admin":[false]}
