{"login":["daqhris"],"id":[817573],"node_id":["MDQ6VXNlcjgxNzU3Mw=="],"avatar_url":["https://avatars2.githubusercontent.com/u/817573?v=4"],"gravatar_id":[""],"url":["https://api.github.com/users/daqhris"],"html_url":["https://github.com/daqhris"],"followers_url":["https://api.github.com/users/daqhris/followers"],"following_url":["https://api.github.com/users/daqhris/following{/other_user}"],"gists_url":["https://api.github.com/users/daqhris/gists{/gist_id}"],"starred_url":["https://api.github.com/users/daqhris/starred{/owner}{/repo}"],"subscriptions_url":["https://api.github.com/users/daqhris/subscriptions"],"organizations_url":["https://api.github.com/users/daqhris/orgs"],"repos_url":["https://api.github.com/users/daqhris/repos"],"events_url":["https://api.github.com/users/daqhris/events{/privacy}"],"received_events_url":["https://api.github.com/users/daqhris/received_events"],"type":["User"],"site_admin":[false]}
