{"login":["elmariofredo"],"id":[82104],"node_id":["MDQ6VXNlcjgyMTA0"],"avatar_url":["https://avatars3.githubusercontent.com/u/82104?v=4"],"gravatar_id":[""],"url":["https://api.github.com/users/elmariofredo"],"html_url":["https://github.com/elmariofredo"],"followers_url":["https://api.github.com/users/elmariofredo/followers"],"following_url":["https://api.github.com/users/elmariofredo/following{/other_user}"],"gists_url":["https://api.github.com/users/elmariofredo/gists{/gist_id}"],"starred_url":["https://api.github.com/users/elmariofredo/starred{/owner}{/repo}"],"subscriptions_url":["https://api.github.com/users/elmariofredo/subscriptions"],"organizations_url":["https://api.github.com/users/elmariofredo/orgs"],"repos_url":["https://api.github.com/users/elmariofredo/repos"],"events_url":["https://api.github.com/users/elmariofredo/events{/privacy}"],"received_events_url":["https://api.github.com/users/elmariofredo/received_events"],"type":["User"],"site_admin":[false]}
