{"login":["mavarazy"],"id":[822488],"node_id":["MDQ6VXNlcjgyMjQ4OA=="],"avatar_url":["https://avatars3.githubusercontent.com/u/822488?v=4"],"gravatar_id":[""],"url":["https://api.github.com/users/mavarazy"],"html_url":["https://github.com/mavarazy"],"followers_url":["https://api.github.com/users/mavarazy/followers"],"following_url":["https://api.github.com/users/mavarazy/following{/other_user}"],"gists_url":["https://api.github.com/users/mavarazy/gists{/gist_id}"],"starred_url":["https://api.github.com/users/mavarazy/starred{/owner}{/repo}"],"subscriptions_url":["https://api.github.com/users/mavarazy/subscriptions"],"organizations_url":["https://api.github.com/users/mavarazy/orgs"],"repos_url":["https://api.github.com/users/mavarazy/repos"],"events_url":["https://api.github.com/users/mavarazy/events{/privacy}"],"received_events_url":["https://api.github.com/users/mavarazy/received_events"],"type":["User"],"site_admin":[false]}
