{"login":["jaredmichaelwilliams"],"id":[8225075],"node_id":["MDQ6VXNlcjgyMjUwNzU="],"avatar_url":["https://avatars1.githubusercontent.com/u/8225075?v=4"],"gravatar_id":[""],"url":["https://api.github.com/users/jaredmichaelwilliams"],"html_url":["https://github.com/jaredmichaelwilliams"],"followers_url":["https://api.github.com/users/jaredmichaelwilliams/followers"],"following_url":["https://api.github.com/users/jaredmichaelwilliams/following{/other_user}"],"gists_url":["https://api.github.com/users/jaredmichaelwilliams/gists{/gist_id}"],"starred_url":["https://api.github.com/users/jaredmichaelwilliams/starred{/owner}{/repo}"],"subscriptions_url":["https://api.github.com/users/jaredmichaelwilliams/subscriptions"],"organizations_url":["https://api.github.com/users/jaredmichaelwilliams/orgs"],"repos_url":["https://api.github.com/users/jaredmichaelwilliams/repos"],"events_url":["https://api.github.com/users/jaredmichaelwilliams/events{/privacy}"],"received_events_url":["https://api.github.com/users/jaredmichaelwilliams/received_events"],"type":["User"],"site_admin":[false]}
