{"login":["jpgcode"],"id":[825638],"node_id":["MDQ6VXNlcjgyNTYzOA=="],"avatar_url":["https://avatars0.githubusercontent.com/u/825638?v=4"],"gravatar_id":[""],"url":["https://api.github.com/users/jpgcode"],"html_url":["https://github.com/jpgcode"],"followers_url":["https://api.github.com/users/jpgcode/followers"],"following_url":["https://api.github.com/users/jpgcode/following{/other_user}"],"gists_url":["https://api.github.com/users/jpgcode/gists{/gist_id}"],"starred_url":["https://api.github.com/users/jpgcode/starred{/owner}{/repo}"],"subscriptions_url":["https://api.github.com/users/jpgcode/subscriptions"],"organizations_url":["https://api.github.com/users/jpgcode/orgs"],"repos_url":["https://api.github.com/users/jpgcode/repos"],"events_url":["https://api.github.com/users/jpgcode/events{/privacy}"],"received_events_url":["https://api.github.com/users/jpgcode/received_events"],"type":["User"],"site_admin":[false]}
