{"login":["ajmalafif"],"id":[827167],"node_id":["MDQ6VXNlcjgyNzE2Nw=="],"avatar_url":["https://avatars1.githubusercontent.com/u/827167?v=4"],"gravatar_id":[""],"url":["https://api.github.com/users/ajmalafif"],"html_url":["https://github.com/ajmalafif"],"followers_url":["https://api.github.com/users/ajmalafif/followers"],"following_url":["https://api.github.com/users/ajmalafif/following{/other_user}"],"gists_url":["https://api.github.com/users/ajmalafif/gists{/gist_id}"],"starred_url":["https://api.github.com/users/ajmalafif/starred{/owner}{/repo}"],"subscriptions_url":["https://api.github.com/users/ajmalafif/subscriptions"],"organizations_url":["https://api.github.com/users/ajmalafif/orgs"],"repos_url":["https://api.github.com/users/ajmalafif/repos"],"events_url":["https://api.github.com/users/ajmalafif/events{/privacy}"],"received_events_url":["https://api.github.com/users/ajmalafif/received_events"],"type":["User"],"site_admin":[false]}
