{"login":["zramsay"],"id":[8304391],"node_id":["MDQ6VXNlcjgzMDQzOTE="],"avatar_url":["https://avatars2.githubusercontent.com/u/8304391?v=4"],"gravatar_id":[""],"url":["https://api.github.com/users/zramsay"],"html_url":["https://github.com/zramsay"],"followers_url":["https://api.github.com/users/zramsay/followers"],"following_url":["https://api.github.com/users/zramsay/following{/other_user}"],"gists_url":["https://api.github.com/users/zramsay/gists{/gist_id}"],"starred_url":["https://api.github.com/users/zramsay/starred{/owner}{/repo}"],"subscriptions_url":["https://api.github.com/users/zramsay/subscriptions"],"organizations_url":["https://api.github.com/users/zramsay/orgs"],"repos_url":["https://api.github.com/users/zramsay/repos"],"events_url":["https://api.github.com/users/zramsay/events{/privacy}"],"received_events_url":["https://api.github.com/users/zramsay/received_events"],"type":["User"],"site_admin":[false]}
