{"login":["shelt"],"id":[8432031],"node_id":["MDQ6VXNlcjg0MzIwMzE="],"avatar_url":["https://avatars2.githubusercontent.com/u/8432031?v=4"],"gravatar_id":[""],"url":["https://api.github.com/users/shelt"],"html_url":["https://github.com/shelt"],"followers_url":["https://api.github.com/users/shelt/followers"],"following_url":["https://api.github.com/users/shelt/following{/other_user}"],"gists_url":["https://api.github.com/users/shelt/gists{/gist_id}"],"starred_url":["https://api.github.com/users/shelt/starred{/owner}{/repo}"],"subscriptions_url":["https://api.github.com/users/shelt/subscriptions"],"organizations_url":["https://api.github.com/users/shelt/orgs"],"repos_url":["https://api.github.com/users/shelt/repos"],"events_url":["https://api.github.com/users/shelt/events{/privacy}"],"received_events_url":["https://api.github.com/users/shelt/received_events"],"type":["User"],"site_admin":[false]}
