{"login":["japboy"],"id":[84360],"node_id":["MDQ6VXNlcjg0MzYw"],"avatar_url":["https://avatars0.githubusercontent.com/u/84360?v=4"],"gravatar_id":[""],"url":["https://api.github.com/users/japboy"],"html_url":["https://github.com/japboy"],"followers_url":["https://api.github.com/users/japboy/followers"],"following_url":["https://api.github.com/users/japboy/following{/other_user}"],"gists_url":["https://api.github.com/users/japboy/gists{/gist_id}"],"starred_url":["https://api.github.com/users/japboy/starred{/owner}{/repo}"],"subscriptions_url":["https://api.github.com/users/japboy/subscriptions"],"organizations_url":["https://api.github.com/users/japboy/orgs"],"repos_url":["https://api.github.com/users/japboy/repos"],"events_url":["https://api.github.com/users/japboy/events{/privacy}"],"received_events_url":["https://api.github.com/users/japboy/received_events"],"type":["User"],"site_admin":[false]}
