{"login":["brianhodges"],"id":[8505810],"node_id":["MDQ6VXNlcjg1MDU4MTA="],"avatar_url":["https://avatars0.githubusercontent.com/u/8505810?v=4"],"gravatar_id":[""],"url":["https://api.github.com/users/brianhodges"],"html_url":["https://github.com/brianhodges"],"followers_url":["https://api.github.com/users/brianhodges/followers"],"following_url":["https://api.github.com/users/brianhodges/following{/other_user}"],"gists_url":["https://api.github.com/users/brianhodges/gists{/gist_id}"],"starred_url":["https://api.github.com/users/brianhodges/starred{/owner}{/repo}"],"subscriptions_url":["https://api.github.com/users/brianhodges/subscriptions"],"organizations_url":["https://api.github.com/users/brianhodges/orgs"],"repos_url":["https://api.github.com/users/brianhodges/repos"],"events_url":["https://api.github.com/users/brianhodges/events{/privacy}"],"received_events_url":["https://api.github.com/users/brianhodges/received_events"],"type":["User"],"site_admin":[false]}
