{"login":["jhonndabi"],"id":[8541630],"node_id":["MDQ6VXNlcjg1NDE2MzA="],"avatar_url":["https://avatars0.githubusercontent.com/u/8541630?v=4"],"gravatar_id":[""],"url":["https://api.github.com/users/jhonndabi"],"html_url":["https://github.com/jhonndabi"],"followers_url":["https://api.github.com/users/jhonndabi/followers"],"following_url":["https://api.github.com/users/jhonndabi/following{/other_user}"],"gists_url":["https://api.github.com/users/jhonndabi/gists{/gist_id}"],"starred_url":["https://api.github.com/users/jhonndabi/starred{/owner}{/repo}"],"subscriptions_url":["https://api.github.com/users/jhonndabi/subscriptions"],"organizations_url":["https://api.github.com/users/jhonndabi/orgs"],"repos_url":["https://api.github.com/users/jhonndabi/repos"],"events_url":["https://api.github.com/users/jhonndabi/events{/privacy}"],"received_events_url":["https://api.github.com/users/jhonndabi/received_events"],"type":["User"],"site_admin":[false]}
