{"login":["Inumedia"],"id":[856822],"node_id":["MDQ6VXNlcjg1NjgyMg=="],"avatar_url":["https://avatars3.githubusercontent.com/u/856822?v=4"],"gravatar_id":[""],"url":["https://api.github.com/users/Inumedia"],"html_url":["https://github.com/Inumedia"],"followers_url":["https://api.github.com/users/Inumedia/followers"],"following_url":["https://api.github.com/users/Inumedia/following{/other_user}"],"gists_url":["https://api.github.com/users/Inumedia/gists{/gist_id}"],"starred_url":["https://api.github.com/users/Inumedia/starred{/owner}{/repo}"],"subscriptions_url":["https://api.github.com/users/Inumedia/subscriptions"],"organizations_url":["https://api.github.com/users/Inumedia/orgs"],"repos_url":["https://api.github.com/users/Inumedia/repos"],"events_url":["https://api.github.com/users/Inumedia/events{/privacy}"],"received_events_url":["https://api.github.com/users/Inumedia/received_events"],"type":["User"],"site_admin":[false]}
