{"login":["elektro-NIK"],"id":[8576484],"node_id":["MDQ6VXNlcjg1NzY0ODQ="],"avatar_url":["https://avatars2.githubusercontent.com/u/8576484?v=4"],"gravatar_id":[""],"url":["https://api.github.com/users/elektro-NIK"],"html_url":["https://github.com/elektro-NIK"],"followers_url":["https://api.github.com/users/elektro-NIK/followers"],"following_url":["https://api.github.com/users/elektro-NIK/following{/other_user}"],"gists_url":["https://api.github.com/users/elektro-NIK/gists{/gist_id}"],"starred_url":["https://api.github.com/users/elektro-NIK/starred{/owner}{/repo}"],"subscriptions_url":["https://api.github.com/users/elektro-NIK/subscriptions"],"organizations_url":["https://api.github.com/users/elektro-NIK/orgs"],"repos_url":["https://api.github.com/users/elektro-NIK/repos"],"events_url":["https://api.github.com/users/elektro-NIK/events{/privacy}"],"received_events_url":["https://api.github.com/users/elektro-NIK/received_events"],"type":["User"],"site_admin":[false]}
