{"login":["bitgangsta"],"id":[86184],"node_id":["MDQ6VXNlcjg2MTg0"],"avatar_url":["https://avatars0.githubusercontent.com/u/86184?v=4"],"gravatar_id":[""],"url":["https://api.github.com/users/bitgangsta"],"html_url":["https://github.com/bitgangsta"],"followers_url":["https://api.github.com/users/bitgangsta/followers"],"following_url":["https://api.github.com/users/bitgangsta/following{/other_user}"],"gists_url":["https://api.github.com/users/bitgangsta/gists{/gist_id}"],"starred_url":["https://api.github.com/users/bitgangsta/starred{/owner}{/repo}"],"subscriptions_url":["https://api.github.com/users/bitgangsta/subscriptions"],"organizations_url":["https://api.github.com/users/bitgangsta/orgs"],"repos_url":["https://api.github.com/users/bitgangsta/repos"],"events_url":["https://api.github.com/users/bitgangsta/events{/privacy}"],"received_events_url":["https://api.github.com/users/bitgangsta/received_events"],"type":["User"],"site_admin":[false]}
