{"login":["cleytonlang"],"id":[8636430],"node_id":["MDQ6VXNlcjg2MzY0MzA="],"avatar_url":["https://avatars2.githubusercontent.com/u/8636430?v=4"],"gravatar_id":[""],"url":["https://api.github.com/users/cleytonlang"],"html_url":["https://github.com/cleytonlang"],"followers_url":["https://api.github.com/users/cleytonlang/followers"],"following_url":["https://api.github.com/users/cleytonlang/following{/other_user}"],"gists_url":["https://api.github.com/users/cleytonlang/gists{/gist_id}"],"starred_url":["https://api.github.com/users/cleytonlang/starred{/owner}{/repo}"],"subscriptions_url":["https://api.github.com/users/cleytonlang/subscriptions"],"organizations_url":["https://api.github.com/users/cleytonlang/orgs"],"repos_url":["https://api.github.com/users/cleytonlang/repos"],"events_url":["https://api.github.com/users/cleytonlang/events{/privacy}"],"received_events_url":["https://api.github.com/users/cleytonlang/received_events"],"type":["User"],"site_admin":[false]}
