{"login":["JamesLinus"],"id":[8662447],"node_id":["MDQ6VXNlcjg2NjI0NDc="],"avatar_url":["https://avatars3.githubusercontent.com/u/8662447?v=4"],"gravatar_id":[""],"url":["https://api.github.com/users/JamesLinus"],"html_url":["https://github.com/JamesLinus"],"followers_url":["https://api.github.com/users/JamesLinus/followers"],"following_url":["https://api.github.com/users/JamesLinus/following{/other_user}"],"gists_url":["https://api.github.com/users/JamesLinus/gists{/gist_id}"],"starred_url":["https://api.github.com/users/JamesLinus/starred{/owner}{/repo}"],"subscriptions_url":["https://api.github.com/users/JamesLinus/subscriptions"],"organizations_url":["https://api.github.com/users/JamesLinus/orgs"],"repos_url":["https://api.github.com/users/JamesLinus/repos"],"events_url":["https://api.github.com/users/JamesLinus/events{/privacy}"],"received_events_url":["https://api.github.com/users/JamesLinus/received_events"],"type":["User"],"site_admin":[false]}
