{"login":["junior-ales"],"id":[868481],"node_id":["MDQ6VXNlcjg2ODQ4MQ=="],"avatar_url":["https://avatars2.githubusercontent.com/u/868481?v=4"],"gravatar_id":[""],"url":["https://api.github.com/users/junior-ales"],"html_url":["https://github.com/junior-ales"],"followers_url":["https://api.github.com/users/junior-ales/followers"],"following_url":["https://api.github.com/users/junior-ales/following{/other_user}"],"gists_url":["https://api.github.com/users/junior-ales/gists{/gist_id}"],"starred_url":["https://api.github.com/users/junior-ales/starred{/owner}{/repo}"],"subscriptions_url":["https://api.github.com/users/junior-ales/subscriptions"],"organizations_url":["https://api.github.com/users/junior-ales/orgs"],"repos_url":["https://api.github.com/users/junior-ales/repos"],"events_url":["https://api.github.com/users/junior-ales/events{/privacy}"],"received_events_url":["https://api.github.com/users/junior-ales/received_events"],"type":["User"],"site_admin":[false]}
