{"login":["MohannadNaj"],"id":[8743700],"node_id":["MDQ6VXNlcjg3NDM3MDA="],"avatar_url":["https://avatars2.githubusercontent.com/u/8743700?v=4"],"gravatar_id":[""],"url":["https://api.github.com/users/MohannadNaj"],"html_url":["https://github.com/MohannadNaj"],"followers_url":["https://api.github.com/users/MohannadNaj/followers"],"following_url":["https://api.github.com/users/MohannadNaj/following{/other_user}"],"gists_url":["https://api.github.com/users/MohannadNaj/gists{/gist_id}"],"starred_url":["https://api.github.com/users/MohannadNaj/starred{/owner}{/repo}"],"subscriptions_url":["https://api.github.com/users/MohannadNaj/subscriptions"],"organizations_url":["https://api.github.com/users/MohannadNaj/orgs"],"repos_url":["https://api.github.com/users/MohannadNaj/repos"],"events_url":["https://api.github.com/users/MohannadNaj/events{/privacy}"],"received_events_url":["https://api.github.com/users/MohannadNaj/received_events"],"type":["User"],"site_admin":[false]}
