{"login":["alive8e88"],"id":[8757542],"node_id":["MDQ6VXNlcjg3NTc1NDI="],"avatar_url":["https://avatars0.githubusercontent.com/u/8757542?v=4"],"gravatar_id":[""],"url":["https://api.github.com/users/alive8e88"],"html_url":["https://github.com/alive8e88"],"followers_url":["https://api.github.com/users/alive8e88/followers"],"following_url":["https://api.github.com/users/alive8e88/following{/other_user}"],"gists_url":["https://api.github.com/users/alive8e88/gists{/gist_id}"],"starred_url":["https://api.github.com/users/alive8e88/starred{/owner}{/repo}"],"subscriptions_url":["https://api.github.com/users/alive8e88/subscriptions"],"organizations_url":["https://api.github.com/users/alive8e88/orgs"],"repos_url":["https://api.github.com/users/alive8e88/repos"],"events_url":["https://api.github.com/users/alive8e88/events{/privacy}"],"received_events_url":["https://api.github.com/users/alive8e88/received_events"],"type":["User"],"site_admin":[false]}
