{"login":["ruthenium"],"id":[876000],"node_id":["MDQ6VXNlcjg3NjAwMA=="],"avatar_url":["https://avatars1.githubusercontent.com/u/876000?v=4"],"gravatar_id":[""],"url":["https://api.github.com/users/ruthenium"],"html_url":["https://github.com/ruthenium"],"followers_url":["https://api.github.com/users/ruthenium/followers"],"following_url":["https://api.github.com/users/ruthenium/following{/other_user}"],"gists_url":["https://api.github.com/users/ruthenium/gists{/gist_id}"],"starred_url":["https://api.github.com/users/ruthenium/starred{/owner}{/repo}"],"subscriptions_url":["https://api.github.com/users/ruthenium/subscriptions"],"organizations_url":["https://api.github.com/users/ruthenium/orgs"],"repos_url":["https://api.github.com/users/ruthenium/repos"],"events_url":["https://api.github.com/users/ruthenium/events{/privacy}"],"received_events_url":["https://api.github.com/users/ruthenium/received_events"],"type":["User"],"site_admin":[false]}
