{"login":["elf-pavlik"],"id":[876431],"node_id":["MDQ6VXNlcjg3NjQzMQ=="],"avatar_url":["https://avatars0.githubusercontent.com/u/876431?v=4"],"gravatar_id":[""],"url":["https://api.github.com/users/elf-pavlik"],"html_url":["https://github.com/elf-pavlik"],"followers_url":["https://api.github.com/users/elf-pavlik/followers"],"following_url":["https://api.github.com/users/elf-pavlik/following{/other_user}"],"gists_url":["https://api.github.com/users/elf-pavlik/gists{/gist_id}"],"starred_url":["https://api.github.com/users/elf-pavlik/starred{/owner}{/repo}"],"subscriptions_url":["https://api.github.com/users/elf-pavlik/subscriptions"],"organizations_url":["https://api.github.com/users/elf-pavlik/orgs"],"repos_url":["https://api.github.com/users/elf-pavlik/repos"],"events_url":["https://api.github.com/users/elf-pavlik/events{/privacy}"],"received_events_url":["https://api.github.com/users/elf-pavlik/received_events"],"type":["User"],"site_admin":[false]}
