{"login":["Chelz"],"id":[8809473],"node_id":["MDQ6VXNlcjg4MDk0NzM="],"avatar_url":["https://avatars2.githubusercontent.com/u/8809473?v=4"],"gravatar_id":[""],"url":["https://api.github.com/users/Chelz"],"html_url":["https://github.com/Chelz"],"followers_url":["https://api.github.com/users/Chelz/followers"],"following_url":["https://api.github.com/users/Chelz/following{/other_user}"],"gists_url":["https://api.github.com/users/Chelz/gists{/gist_id}"],"starred_url":["https://api.github.com/users/Chelz/starred{/owner}{/repo}"],"subscriptions_url":["https://api.github.com/users/Chelz/subscriptions"],"organizations_url":["https://api.github.com/users/Chelz/orgs"],"repos_url":["https://api.github.com/users/Chelz/repos"],"events_url":["https://api.github.com/users/Chelz/events{/privacy}"],"received_events_url":["https://api.github.com/users/Chelz/received_events"],"type":["User"],"site_admin":[false]}
