{"login":["sid21g"],"id":[8859981],"node_id":["MDQ6VXNlcjg4NTk5ODE="],"avatar_url":["https://avatars0.githubusercontent.com/u/8859981?v=4"],"gravatar_id":[""],"url":["https://api.github.com/users/sid21g"],"html_url":["https://github.com/sid21g"],"followers_url":["https://api.github.com/users/sid21g/followers"],"following_url":["https://api.github.com/users/sid21g/following{/other_user}"],"gists_url":["https://api.github.com/users/sid21g/gists{/gist_id}"],"starred_url":["https://api.github.com/users/sid21g/starred{/owner}{/repo}"],"subscriptions_url":["https://api.github.com/users/sid21g/subscriptions"],"organizations_url":["https://api.github.com/users/sid21g/orgs"],"repos_url":["https://api.github.com/users/sid21g/repos"],"events_url":["https://api.github.com/users/sid21g/events{/privacy}"],"received_events_url":["https://api.github.com/users/sid21g/received_events"],"type":["User"],"site_admin":[false]}
