{"login":["kennetpostigo"],"id":[8888991],"node_id":["MDQ6VXNlcjg4ODg5OTE="],"avatar_url":["https://avatars0.githubusercontent.com/u/8888991?v=4"],"gravatar_id":[""],"url":["https://api.github.com/users/kennetpostigo"],"html_url":["https://github.com/kennetpostigo"],"followers_url":["https://api.github.com/users/kennetpostigo/followers"],"following_url":["https://api.github.com/users/kennetpostigo/following{/other_user}"],"gists_url":["https://api.github.com/users/kennetpostigo/gists{/gist_id}"],"starred_url":["https://api.github.com/users/kennetpostigo/starred{/owner}{/repo}"],"subscriptions_url":["https://api.github.com/users/kennetpostigo/subscriptions"],"organizations_url":["https://api.github.com/users/kennetpostigo/orgs"],"repos_url":["https://api.github.com/users/kennetpostigo/repos"],"events_url":["https://api.github.com/users/kennetpostigo/events{/privacy}"],"received_events_url":["https://api.github.com/users/kennetpostigo/received_events"],"type":["User"],"site_admin":[false]}
