{"login":["PivotLogix"],"id":[890682],"node_id":["MDQ6VXNlcjg5MDY4Mg=="],"avatar_url":["https://avatars3.githubusercontent.com/u/890682?v=4"],"gravatar_id":[""],"url":["https://api.github.com/users/PivotLogix"],"html_url":["https://github.com/PivotLogix"],"followers_url":["https://api.github.com/users/PivotLogix/followers"],"following_url":["https://api.github.com/users/PivotLogix/following{/other_user}"],"gists_url":["https://api.github.com/users/PivotLogix/gists{/gist_id}"],"starred_url":["https://api.github.com/users/PivotLogix/starred{/owner}{/repo}"],"subscriptions_url":["https://api.github.com/users/PivotLogix/subscriptions"],"organizations_url":["https://api.github.com/users/PivotLogix/orgs"],"repos_url":["https://api.github.com/users/PivotLogix/repos"],"events_url":["https://api.github.com/users/PivotLogix/events{/privacy}"],"received_events_url":["https://api.github.com/users/PivotLogix/received_events"],"type":["User"],"site_admin":[false]}
