{"login":["LoicMahieu"],"id":[900947],"node_id":["MDQ6VXNlcjkwMDk0Nw=="],"avatar_url":["https://avatars0.githubusercontent.com/u/900947?v=4"],"gravatar_id":[""],"url":["https://api.github.com/users/LoicMahieu"],"html_url":["https://github.com/LoicMahieu"],"followers_url":["https://api.github.com/users/LoicMahieu/followers"],"following_url":["https://api.github.com/users/LoicMahieu/following{/other_user}"],"gists_url":["https://api.github.com/users/LoicMahieu/gists{/gist_id}"],"starred_url":["https://api.github.com/users/LoicMahieu/starred{/owner}{/repo}"],"subscriptions_url":["https://api.github.com/users/LoicMahieu/subscriptions"],"organizations_url":["https://api.github.com/users/LoicMahieu/orgs"],"repos_url":["https://api.github.com/users/LoicMahieu/repos"],"events_url":["https://api.github.com/users/LoicMahieu/events{/privacy}"],"received_events_url":["https://api.github.com/users/LoicMahieu/received_events"],"type":["User"],"site_admin":[false]}
