{"login":["rdegges"],"id":[90247],"node_id":["MDQ6VXNlcjkwMjQ3"],"avatar_url":["https://avatars2.githubusercontent.com/u/90247?v=4"],"gravatar_id":[""],"url":["https://api.github.com/users/rdegges"],"html_url":["https://github.com/rdegges"],"followers_url":["https://api.github.com/users/rdegges/followers"],"following_url":["https://api.github.com/users/rdegges/following{/other_user}"],"gists_url":["https://api.github.com/users/rdegges/gists{/gist_id}"],"starred_url":["https://api.github.com/users/rdegges/starred{/owner}{/repo}"],"subscriptions_url":["https://api.github.com/users/rdegges/subscriptions"],"organizations_url":["https://api.github.com/users/rdegges/orgs"],"repos_url":["https://api.github.com/users/rdegges/repos"],"events_url":["https://api.github.com/users/rdegges/events{/privacy}"],"received_events_url":["https://api.github.com/users/rdegges/received_events"],"type":["User"],"site_admin":[false]}
