{"login":["Atinux"],"id":[904724],"node_id":["MDQ6VXNlcjkwNDcyNA=="],"avatar_url":["https://avatars2.githubusercontent.com/u/904724?v=4"],"gravatar_id":[""],"url":["https://api.github.com/users/Atinux"],"html_url":["https://github.com/Atinux"],"followers_url":["https://api.github.com/users/Atinux/followers"],"following_url":["https://api.github.com/users/Atinux/following{/other_user}"],"gists_url":["https://api.github.com/users/Atinux/gists{/gist_id}"],"starred_url":["https://api.github.com/users/Atinux/starred{/owner}{/repo}"],"subscriptions_url":["https://api.github.com/users/Atinux/subscriptions"],"organizations_url":["https://api.github.com/users/Atinux/orgs"],"repos_url":["https://api.github.com/users/Atinux/repos"],"events_url":["https://api.github.com/users/Atinux/events{/privacy}"],"received_events_url":["https://api.github.com/users/Atinux/received_events"],"type":["User"],"site_admin":[false]}
