{"login":["JonnyD"],"id":[916153],"node_id":["MDQ6VXNlcjkxNjE1Mw=="],"avatar_url":["https://avatars2.githubusercontent.com/u/916153?v=4"],"gravatar_id":[""],"url":["https://api.github.com/users/JonnyD"],"html_url":["https://github.com/JonnyD"],"followers_url":["https://api.github.com/users/JonnyD/followers"],"following_url":["https://api.github.com/users/JonnyD/following{/other_user}"],"gists_url":["https://api.github.com/users/JonnyD/gists{/gist_id}"],"starred_url":["https://api.github.com/users/JonnyD/starred{/owner}{/repo}"],"subscriptions_url":["https://api.github.com/users/JonnyD/subscriptions"],"organizations_url":["https://api.github.com/users/JonnyD/orgs"],"repos_url":["https://api.github.com/users/JonnyD/repos"],"events_url":["https://api.github.com/users/JonnyD/events{/privacy}"],"received_events_url":["https://api.github.com/users/JonnyD/received_events"],"type":["User"],"site_admin":[false]}
