{"login":["azharkhan"],"id":[926091],"node_id":["MDQ6VXNlcjkyNjA5MQ=="],"avatar_url":["https://avatars0.githubusercontent.com/u/926091?v=4"],"gravatar_id":[""],"url":["https://api.github.com/users/azharkhan"],"html_url":["https://github.com/azharkhan"],"followers_url":["https://api.github.com/users/azharkhan/followers"],"following_url":["https://api.github.com/users/azharkhan/following{/other_user}"],"gists_url":["https://api.github.com/users/azharkhan/gists{/gist_id}"],"starred_url":["https://api.github.com/users/azharkhan/starred{/owner}{/repo}"],"subscriptions_url":["https://api.github.com/users/azharkhan/subscriptions"],"organizations_url":["https://api.github.com/users/azharkhan/orgs"],"repos_url":["https://api.github.com/users/azharkhan/repos"],"events_url":["https://api.github.com/users/azharkhan/events{/privacy}"],"received_events_url":["https://api.github.com/users/azharkhan/received_events"],"type":["User"],"site_admin":[false]}
