{"login":["XGHeaven"],"id":[9291212],"node_id":["MDQ6VXNlcjkyOTEyMTI="],"avatar_url":["https://avatars2.githubusercontent.com/u/9291212?v=4"],"gravatar_id":[""],"url":["https://api.github.com/users/XGHeaven"],"html_url":["https://github.com/XGHeaven"],"followers_url":["https://api.github.com/users/XGHeaven/followers"],"following_url":["https://api.github.com/users/XGHeaven/following{/other_user}"],"gists_url":["https://api.github.com/users/XGHeaven/gists{/gist_id}"],"starred_url":["https://api.github.com/users/XGHeaven/starred{/owner}{/repo}"],"subscriptions_url":["https://api.github.com/users/XGHeaven/subscriptions"],"organizations_url":["https://api.github.com/users/XGHeaven/orgs"],"repos_url":["https://api.github.com/users/XGHeaven/repos"],"events_url":["https://api.github.com/users/XGHeaven/events{/privacy}"],"received_events_url":["https://api.github.com/users/XGHeaven/received_events"],"type":["User"],"site_admin":[false]}
