{"login":["akre54"],"id":[931368],"node_id":["MDQ6VXNlcjkzMTM2OA=="],"avatar_url":["https://avatars3.githubusercontent.com/u/931368?v=4"],"gravatar_id":[""],"url":["https://api.github.com/users/akre54"],"html_url":["https://github.com/akre54"],"followers_url":["https://api.github.com/users/akre54/followers"],"following_url":["https://api.github.com/users/akre54/following{/other_user}"],"gists_url":["https://api.github.com/users/akre54/gists{/gist_id}"],"starred_url":["https://api.github.com/users/akre54/starred{/owner}{/repo}"],"subscriptions_url":["https://api.github.com/users/akre54/subscriptions"],"organizations_url":["https://api.github.com/users/akre54/orgs"],"repos_url":["https://api.github.com/users/akre54/repos"],"events_url":["https://api.github.com/users/akre54/events{/privacy}"],"received_events_url":["https://api.github.com/users/akre54/received_events"],"type":["User"],"site_admin":[false]}
