{"login":["spyl94"],"id":[933437],"node_id":["MDQ6VXNlcjkzMzQzNw=="],"avatar_url":["https://avatars2.githubusercontent.com/u/933437?v=4"],"gravatar_id":[""],"url":["https://api.github.com/users/spyl94"],"html_url":["https://github.com/spyl94"],"followers_url":["https://api.github.com/users/spyl94/followers"],"following_url":["https://api.github.com/users/spyl94/following{/other_user}"],"gists_url":["https://api.github.com/users/spyl94/gists{/gist_id}"],"starred_url":["https://api.github.com/users/spyl94/starred{/owner}{/repo}"],"subscriptions_url":["https://api.github.com/users/spyl94/subscriptions"],"organizations_url":["https://api.github.com/users/spyl94/orgs"],"repos_url":["https://api.github.com/users/spyl94/repos"],"events_url":["https://api.github.com/users/spyl94/events{/privacy}"],"received_events_url":["https://api.github.com/users/spyl94/received_events"],"type":["User"],"site_admin":[false]}
