{"login":["curist"],"id":[936474],"node_id":["MDQ6VXNlcjkzNjQ3NA=="],"avatar_url":["https://avatars0.githubusercontent.com/u/936474?v=4"],"gravatar_id":[""],"url":["https://api.github.com/users/curist"],"html_url":["https://github.com/curist"],"followers_url":["https://api.github.com/users/curist/followers"],"following_url":["https://api.github.com/users/curist/following{/other_user}"],"gists_url":["https://api.github.com/users/curist/gists{/gist_id}"],"starred_url":["https://api.github.com/users/curist/starred{/owner}{/repo}"],"subscriptions_url":["https://api.github.com/users/curist/subscriptions"],"organizations_url":["https://api.github.com/users/curist/orgs"],"repos_url":["https://api.github.com/users/curist/repos"],"events_url":["https://api.github.com/users/curist/events{/privacy}"],"received_events_url":["https://api.github.com/users/curist/received_events"],"type":["User"],"site_admin":[false]}
