{"login":["TjRus"],"id":[937198],"node_id":["MDQ6VXNlcjkzNzE5OA=="],"avatar_url":["https://avatars0.githubusercontent.com/u/937198?v=4"],"gravatar_id":[""],"url":["https://api.github.com/users/TjRus"],"html_url":["https://github.com/TjRus"],"followers_url":["https://api.github.com/users/TjRus/followers"],"following_url":["https://api.github.com/users/TjRus/following{/other_user}"],"gists_url":["https://api.github.com/users/TjRus/gists{/gist_id}"],"starred_url":["https://api.github.com/users/TjRus/starred{/owner}{/repo}"],"subscriptions_url":["https://api.github.com/users/TjRus/subscriptions"],"organizations_url":["https://api.github.com/users/TjRus/orgs"],"repos_url":["https://api.github.com/users/TjRus/repos"],"events_url":["https://api.github.com/users/TjRus/events{/privacy}"],"received_events_url":["https://api.github.com/users/TjRus/received_events"],"type":["User"],"site_admin":[false]}
