{"login":["ghs"],"id":[94248],"node_id":["MDQ6VXNlcjk0MjQ4"],"avatar_url":["https://avatars1.githubusercontent.com/u/94248?v=4"],"gravatar_id":[""],"url":["https://api.github.com/users/ghs"],"html_url":["https://github.com/ghs"],"followers_url":["https://api.github.com/users/ghs/followers"],"following_url":["https://api.github.com/users/ghs/following{/other_user}"],"gists_url":["https://api.github.com/users/ghs/gists{/gist_id}"],"starred_url":["https://api.github.com/users/ghs/starred{/owner}{/repo}"],"subscriptions_url":["https://api.github.com/users/ghs/subscriptions"],"organizations_url":["https://api.github.com/users/ghs/orgs"],"repos_url":["https://api.github.com/users/ghs/repos"],"events_url":["https://api.github.com/users/ghs/events{/privacy}"],"received_events_url":["https://api.github.com/users/ghs/received_events"],"type":["User"],"site_admin":[false]}
