{"login":["NguyenTrungTin"],"id":[9430399],"node_id":["MDQ6VXNlcjk0MzAzOTk="],"avatar_url":["https://avatars1.githubusercontent.com/u/9430399?v=4"],"gravatar_id":[""],"url":["https://api.github.com/users/NguyenTrungTin"],"html_url":["https://github.com/NguyenTrungTin"],"followers_url":["https://api.github.com/users/NguyenTrungTin/followers"],"following_url":["https://api.github.com/users/NguyenTrungTin/following{/other_user}"],"gists_url":["https://api.github.com/users/NguyenTrungTin/gists{/gist_id}"],"starred_url":["https://api.github.com/users/NguyenTrungTin/starred{/owner}{/repo}"],"subscriptions_url":["https://api.github.com/users/NguyenTrungTin/subscriptions"],"organizations_url":["https://api.github.com/users/NguyenTrungTin/orgs"],"repos_url":["https://api.github.com/users/NguyenTrungTin/repos"],"events_url":["https://api.github.com/users/NguyenTrungTin/events{/privacy}"],"received_events_url":["https://api.github.com/users/NguyenTrungTin/received_events"],"type":["User"],"site_admin":[false]}
