{"login":["flocks"],"id":[944835],"node_id":["MDQ6VXNlcjk0NDgzNQ=="],"avatar_url":["https://avatars2.githubusercontent.com/u/944835?v=4"],"gravatar_id":[""],"url":["https://api.github.com/users/flocks"],"html_url":["https://github.com/flocks"],"followers_url":["https://api.github.com/users/flocks/followers"],"following_url":["https://api.github.com/users/flocks/following{/other_user}"],"gists_url":["https://api.github.com/users/flocks/gists{/gist_id}"],"starred_url":["https://api.github.com/users/flocks/starred{/owner}{/repo}"],"subscriptions_url":["https://api.github.com/users/flocks/subscriptions"],"organizations_url":["https://api.github.com/users/flocks/orgs"],"repos_url":["https://api.github.com/users/flocks/repos"],"events_url":["https://api.github.com/users/flocks/events{/privacy}"],"received_events_url":["https://api.github.com/users/flocks/received_events"],"type":["User"],"site_admin":[false]}
