{"login":["IgorTirador"],"id":[947624],"node_id":["MDQ6VXNlcjk0NzYyNA=="],"avatar_url":["https://avatars1.githubusercontent.com/u/947624?v=4"],"gravatar_id":[""],"url":["https://api.github.com/users/IgorTirador"],"html_url":["https://github.com/IgorTirador"],"followers_url":["https://api.github.com/users/IgorTirador/followers"],"following_url":["https://api.github.com/users/IgorTirador/following{/other_user}"],"gists_url":["https://api.github.com/users/IgorTirador/gists{/gist_id}"],"starred_url":["https://api.github.com/users/IgorTirador/starred{/owner}{/repo}"],"subscriptions_url":["https://api.github.com/users/IgorTirador/subscriptions"],"organizations_url":["https://api.github.com/users/IgorTirador/orgs"],"repos_url":["https://api.github.com/users/IgorTirador/repos"],"events_url":["https://api.github.com/users/IgorTirador/events{/privacy}"],"received_events_url":["https://api.github.com/users/IgorTirador/received_events"],"type":["User"],"site_admin":[false]}
