{"login":["aymangado"],"id":[94766],"node_id":["MDQ6VXNlcjk0NzY2"],"avatar_url":["https://avatars0.githubusercontent.com/u/94766?v=4"],"gravatar_id":[""],"url":["https://api.github.com/users/aymangado"],"html_url":["https://github.com/aymangado"],"followers_url":["https://api.github.com/users/aymangado/followers"],"following_url":["https://api.github.com/users/aymangado/following{/other_user}"],"gists_url":["https://api.github.com/users/aymangado/gists{/gist_id}"],"starred_url":["https://api.github.com/users/aymangado/starred{/owner}{/repo}"],"subscriptions_url":["https://api.github.com/users/aymangado/subscriptions"],"organizations_url":["https://api.github.com/users/aymangado/orgs"],"repos_url":["https://api.github.com/users/aymangado/repos"],"events_url":["https://api.github.com/users/aymangado/events{/privacy}"],"received_events_url":["https://api.github.com/users/aymangado/received_events"],"type":["User"],"site_admin":[false]}
