{"login":["rwoody"],"id":[950314],"node_id":["MDQ6VXNlcjk1MDMxNA=="],"avatar_url":["https://avatars2.githubusercontent.com/u/950314?v=4"],"gravatar_id":[""],"url":["https://api.github.com/users/rwoody"],"html_url":["https://github.com/rwoody"],"followers_url":["https://api.github.com/users/rwoody/followers"],"following_url":["https://api.github.com/users/rwoody/following{/other_user}"],"gists_url":["https://api.github.com/users/rwoody/gists{/gist_id}"],"starred_url":["https://api.github.com/users/rwoody/starred{/owner}{/repo}"],"subscriptions_url":["https://api.github.com/users/rwoody/subscriptions"],"organizations_url":["https://api.github.com/users/rwoody/orgs"],"repos_url":["https://api.github.com/users/rwoody/repos"],"events_url":["https://api.github.com/users/rwoody/events{/privacy}"],"received_events_url":["https://api.github.com/users/rwoody/received_events"],"type":["User"],"site_admin":[false]}
