{"login":["creativeprogramming"],"id":[954291],"node_id":["MDQ6VXNlcjk1NDI5MQ=="],"avatar_url":["https://avatars1.githubusercontent.com/u/954291?v=4"],"gravatar_id":[""],"url":["https://api.github.com/users/creativeprogramming"],"html_url":["https://github.com/creativeprogramming"],"followers_url":["https://api.github.com/users/creativeprogramming/followers"],"following_url":["https://api.github.com/users/creativeprogramming/following{/other_user}"],"gists_url":["https://api.github.com/users/creativeprogramming/gists{/gist_id}"],"starred_url":["https://api.github.com/users/creativeprogramming/starred{/owner}{/repo}"],"subscriptions_url":["https://api.github.com/users/creativeprogramming/subscriptions"],"organizations_url":["https://api.github.com/users/creativeprogramming/orgs"],"repos_url":["https://api.github.com/users/creativeprogramming/repos"],"events_url":["https://api.github.com/users/creativeprogramming/events{/privacy}"],"received_events_url":["https://api.github.com/users/creativeprogramming/received_events"],"type":["User"],"site_admin":[false]}
