{"login":["Sam-khorsand"],"id":[9592356],"node_id":["MDQ6VXNlcjk1OTIzNTY="],"avatar_url":["https://avatars2.githubusercontent.com/u/9592356?v=4"],"gravatar_id":[""],"url":["https://api.github.com/users/Sam-khorsand"],"html_url":["https://github.com/Sam-khorsand"],"followers_url":["https://api.github.com/users/Sam-khorsand/followers"],"following_url":["https://api.github.com/users/Sam-khorsand/following{/other_user}"],"gists_url":["https://api.github.com/users/Sam-khorsand/gists{/gist_id}"],"starred_url":["https://api.github.com/users/Sam-khorsand/starred{/owner}{/repo}"],"subscriptions_url":["https://api.github.com/users/Sam-khorsand/subscriptions"],"organizations_url":["https://api.github.com/users/Sam-khorsand/orgs"],"repos_url":["https://api.github.com/users/Sam-khorsand/repos"],"events_url":["https://api.github.com/users/Sam-khorsand/events{/privacy}"],"received_events_url":["https://api.github.com/users/Sam-khorsand/received_events"],"type":["User"],"site_admin":[false]}
