{"login":["gigouni"],"id":[9595466],"node_id":["MDQ6VXNlcjk1OTU0NjY="],"avatar_url":["https://avatars3.githubusercontent.com/u/9595466?v=4"],"gravatar_id":[""],"url":["https://api.github.com/users/gigouni"],"html_url":["https://github.com/gigouni"],"followers_url":["https://api.github.com/users/gigouni/followers"],"following_url":["https://api.github.com/users/gigouni/following{/other_user}"],"gists_url":["https://api.github.com/users/gigouni/gists{/gist_id}"],"starred_url":["https://api.github.com/users/gigouni/starred{/owner}{/repo}"],"subscriptions_url":["https://api.github.com/users/gigouni/subscriptions"],"organizations_url":["https://api.github.com/users/gigouni/orgs"],"repos_url":["https://api.github.com/users/gigouni/repos"],"events_url":["https://api.github.com/users/gigouni/events{/privacy}"],"received_events_url":["https://api.github.com/users/gigouni/received_events"],"type":["User"],"site_admin":[false]}
