{"login":["baojjeu"],"id":[9638866],"node_id":["MDQ6VXNlcjk2Mzg4NjY="],"avatar_url":["https://avatars3.githubusercontent.com/u/9638866?v=4"],"gravatar_id":[""],"url":["https://api.github.com/users/baojjeu"],"html_url":["https://github.com/baojjeu"],"followers_url":["https://api.github.com/users/baojjeu/followers"],"following_url":["https://api.github.com/users/baojjeu/following{/other_user}"],"gists_url":["https://api.github.com/users/baojjeu/gists{/gist_id}"],"starred_url":["https://api.github.com/users/baojjeu/starred{/owner}{/repo}"],"subscriptions_url":["https://api.github.com/users/baojjeu/subscriptions"],"organizations_url":["https://api.github.com/users/baojjeu/orgs"],"repos_url":["https://api.github.com/users/baojjeu/repos"],"events_url":["https://api.github.com/users/baojjeu/events{/privacy}"],"received_events_url":["https://api.github.com/users/baojjeu/received_events"],"type":["User"],"site_admin":[false]}
