{"login":["deepak1556"],"id":[964386],"node_id":["MDQ6VXNlcjk2NDM4Ng=="],"avatar_url":["https://avatars1.githubusercontent.com/u/964386?v=4"],"gravatar_id":[""],"url":["https://api.github.com/users/deepak1556"],"html_url":["https://github.com/deepak1556"],"followers_url":["https://api.github.com/users/deepak1556/followers"],"following_url":["https://api.github.com/users/deepak1556/following{/other_user}"],"gists_url":["https://api.github.com/users/deepak1556/gists{/gist_id}"],"starred_url":["https://api.github.com/users/deepak1556/starred{/owner}{/repo}"],"subscriptions_url":["https://api.github.com/users/deepak1556/subscriptions"],"organizations_url":["https://api.github.com/users/deepak1556/orgs"],"repos_url":["https://api.github.com/users/deepak1556/repos"],"events_url":["https://api.github.com/users/deepak1556/events{/privacy}"],"received_events_url":["https://api.github.com/users/deepak1556/received_events"],"type":["User"],"site_admin":[false]}
