{"login":["aaronbuchanan"],"id":[972337],"node_id":["MDQ6VXNlcjk3MjMzNw=="],"avatar_url":["https://avatars2.githubusercontent.com/u/972337?v=4"],"gravatar_id":[""],"url":["https://api.github.com/users/aaronbuchanan"],"html_url":["https://github.com/aaronbuchanan"],"followers_url":["https://api.github.com/users/aaronbuchanan/followers"],"following_url":["https://api.github.com/users/aaronbuchanan/following{/other_user}"],"gists_url":["https://api.github.com/users/aaronbuchanan/gists{/gist_id}"],"starred_url":["https://api.github.com/users/aaronbuchanan/starred{/owner}{/repo}"],"subscriptions_url":["https://api.github.com/users/aaronbuchanan/subscriptions"],"organizations_url":["https://api.github.com/users/aaronbuchanan/orgs"],"repos_url":["https://api.github.com/users/aaronbuchanan/repos"],"events_url":["https://api.github.com/users/aaronbuchanan/events{/privacy}"],"received_events_url":["https://api.github.com/users/aaronbuchanan/received_events"],"type":["User"],"site_admin":[false]}
