{"login":["gillstrom"],"id":[972551],"node_id":["MDQ6VXNlcjk3MjU1MQ=="],"avatar_url":["https://avatars1.githubusercontent.com/u/972551?v=4"],"gravatar_id":[""],"url":["https://api.github.com/users/gillstrom"],"html_url":["https://github.com/gillstrom"],"followers_url":["https://api.github.com/users/gillstrom/followers"],"following_url":["https://api.github.com/users/gillstrom/following{/other_user}"],"gists_url":["https://api.github.com/users/gillstrom/gists{/gist_id}"],"starred_url":["https://api.github.com/users/gillstrom/starred{/owner}{/repo}"],"subscriptions_url":["https://api.github.com/users/gillstrom/subscriptions"],"organizations_url":["https://api.github.com/users/gillstrom/orgs"],"repos_url":["https://api.github.com/users/gillstrom/repos"],"events_url":["https://api.github.com/users/gillstrom/events{/privacy}"],"received_events_url":["https://api.github.com/users/gillstrom/received_events"],"type":["User"],"site_admin":[false]}
