{"login":["BeanYoung"],"id":[973789],"node_id":["MDQ6VXNlcjk3Mzc4OQ=="],"avatar_url":["https://avatars1.githubusercontent.com/u/973789?v=4"],"gravatar_id":[""],"url":["https://api.github.com/users/BeanYoung"],"html_url":["https://github.com/BeanYoung"],"followers_url":["https://api.github.com/users/BeanYoung/followers"],"following_url":["https://api.github.com/users/BeanYoung/following{/other_user}"],"gists_url":["https://api.github.com/users/BeanYoung/gists{/gist_id}"],"starred_url":["https://api.github.com/users/BeanYoung/starred{/owner}{/repo}"],"subscriptions_url":["https://api.github.com/users/BeanYoung/subscriptions"],"organizations_url":["https://api.github.com/users/BeanYoung/orgs"],"repos_url":["https://api.github.com/users/BeanYoung/repos"],"events_url":["https://api.github.com/users/BeanYoung/events{/privacy}"],"received_events_url":["https://api.github.com/users/BeanYoung/received_events"],"type":["User"],"site_admin":[false]}
