{"login":["tielur"],"id":[977174],"node_id":["MDQ6VXNlcjk3NzE3NA=="],"avatar_url":["https://avatars1.githubusercontent.com/u/977174?v=4"],"gravatar_id":[""],"url":["https://api.github.com/users/tielur"],"html_url":["https://github.com/tielur"],"followers_url":["https://api.github.com/users/tielur/followers"],"following_url":["https://api.github.com/users/tielur/following{/other_user}"],"gists_url":["https://api.github.com/users/tielur/gists{/gist_id}"],"starred_url":["https://api.github.com/users/tielur/starred{/owner}{/repo}"],"subscriptions_url":["https://api.github.com/users/tielur/subscriptions"],"organizations_url":["https://api.github.com/users/tielur/orgs"],"repos_url":["https://api.github.com/users/tielur/repos"],"events_url":["https://api.github.com/users/tielur/events{/privacy}"],"received_events_url":["https://api.github.com/users/tielur/received_events"],"type":["User"],"site_admin":[false]}
