{"login":["leoj3n"],"id":[990216],"node_id":["MDQ6VXNlcjk5MDIxNg=="],"avatar_url":["https://avatars2.githubusercontent.com/u/990216?v=4"],"gravatar_id":[""],"url":["https://api.github.com/users/leoj3n"],"html_url":["https://github.com/leoj3n"],"followers_url":["https://api.github.com/users/leoj3n/followers"],"following_url":["https://api.github.com/users/leoj3n/following{/other_user}"],"gists_url":["https://api.github.com/users/leoj3n/gists{/gist_id}"],"starred_url":["https://api.github.com/users/leoj3n/starred{/owner}{/repo}"],"subscriptions_url":["https://api.github.com/users/leoj3n/subscriptions"],"organizations_url":["https://api.github.com/users/leoj3n/orgs"],"repos_url":["https://api.github.com/users/leoj3n/repos"],"events_url":["https://api.github.com/users/leoj3n/events{/privacy}"],"received_events_url":["https://api.github.com/users/leoj3n/received_events"],"type":["User"],"site_admin":[false]}
