{"login":["passy"],"id":[9906],"node_id":["MDQ6VXNlcjk5MDY="],"avatar_url":["https://avatars1.githubusercontent.com/u/9906?v=4"],"gravatar_id":[""],"url":["https://api.github.com/users/passy"],"html_url":["https://github.com/passy"],"followers_url":["https://api.github.com/users/passy/followers"],"following_url":["https://api.github.com/users/passy/following{/other_user}"],"gists_url":["https://api.github.com/users/passy/gists{/gist_id}"],"starred_url":["https://api.github.com/users/passy/starred{/owner}{/repo}"],"subscriptions_url":["https://api.github.com/users/passy/subscriptions"],"organizations_url":["https://api.github.com/users/passy/orgs"],"repos_url":["https://api.github.com/users/passy/repos"],"events_url":["https://api.github.com/users/passy/events{/privacy}"],"received_events_url":["https://api.github.com/users/passy/received_events"],"type":["User"],"site_admin":[false]}
